Const,Your Rating,Date Rated,Title,Original Title,URL,Title Type,IMDb Rating,Runtime (mins),Year,Genres,Num Votes,Release Date,Directors
tt0338348,5,2026-08-23,"The Polar Express","The Polar Express",https://www.imdb.com/title/tt0338348,Movie,6.6,100,2004,"Animation, Musical, Adventure, Family, Fantasy",273451,"2004-11-10","Robert Zemeckis"
tt1078912,6,2026-08-23,"Night at the Museum: Battle of the Smithsonian","Night at the Museum: Battle of the Smithsonian",https://www.imdb.com/title/tt1078912,Movie,6.0,105,2009,"Comedy, Adventure, Family, Fantasy",231773,"2009-05-22","Shawn Levy"
tt2692250,6,2026-08-23,"Night at the Museum: Secret of the Tomb","Night at the Museum: Secret of the Tomb",https://www.imdb.com/title/tt2692250,Movie,6.2,98,2014,"Comedy, Family, Fantasy, Adventure",151748,"2014-12-19","Shawn Levy"
tt0449010,5,2026-08-23,"Eragon","Eragon",https://www.imdb.com/title/tt0449010,Movie,5.1,104,2006,"Fantasy, Action, Family, Adventure",135212,"2006-12-15","Stefen Fangmeier"
tt8814476,5,2026-08-22,"Supergirl","Supergirl",https://www.imdb.com/title/tt8814476,Movie,5.9,108,2026,"Action, Adventure, Sci-Fi, Drama",84035,"2026-06-26","Craig Gillespie"
tt0427340,4,2026-08-21,"Masters of the Universe","Masters of the Universe",https://www.imdb.com/title/tt0427340,Movie,6.4,140,2026,"Action, Adventure, Fantasy, Sci-Fi",111577,"2026-06-05","Travis Knight"
tt5834204,3,2026-08-21,"The Handmaid's Tale","The Handmaid's Tale",https://www.imdb.com/title/tt5834204,TV Series,8.3,60,2017,"Drama, Thriller, Sci-Fi",303707,"2017-04-26",
tt26342662,6,2026-08-20,"M3GAN 2.0","M3GAN 2.0",https://www.imdb.com/title/tt26342662,Movie,6.0,120,2025,"Sci-Fi, Thriller, Action, Horror",55434,"2025-06-27","Gerard Johnstone"
tt0062622,5,2026-08-20,"2001: A Space Odyssey","2001: A Space Odyssey",https://www.imdb.com/title/tt0062622,Movie,8.3,149,1968,"Adventure, Sci-Fi",790735,"1968-05-12","Stanley Kubrick"
tt36591971,8,2026-08-17,"House of the Dragon: The Treasons at Tumbleton","House of the Dragon: The Treasons at Tumbleton",https://www.imdb.com/title/tt36591971,TV Episode,9.0,71,2026,"Fantasy, Adventure, Drama, Action",27925,"2026-08-09","Andrij Parekh"
tt36591969,7,2026-08-16,"House of the Dragon: The Dragon in Winter","House of the Dragon: The Dragon in Winter",https://www.imdb.com/title/tt36591969,TV Episode,8.2,63,2026,"Fantasy, Adventure, Drama, Action",25845,"2026-08-02","Nina Lopez-Corrado"
tt27503384,7,2026-08-16,"Perfect Days","Perfect Days",https://www.imdb.com/title/tt27503384,Movie,7.9,124,2023,"Drama",110436,"2023-12-21","Wim Wenders"
tt36591964,6,2026-08-15,"House of the Dragon: Faceless Men","House of the Dragon: Faceless Men",https://www.imdb.com/title/tt36591964,TV Episode,7.6,64,2026,"Fantasy, Adventure, Drama, Action",23047,"2026-07-26","Loni Peristere"
tt1715336,6,2026-08-14,"Anna","Anna",https://www.imdb.com/title/tt1715336,Movie,6.4,99,2013,"Thriller, Drama, Mystery, Sci-Fi",26866,"2014-01-24","Jorge Dorado"
tt36591961,6,2026-08-14,"House of the Dragon: Unbowed and Unbent","House of the Dragon: Unbowed and Unbent",https://www.imdb.com/title/tt36591961,TV Episode,7.6,67,2026,"Fantasy, Adventure, Drama, Action",25540,"2026-07-19","Nina Lopez-Corrado"
tt36591958,6,2026-08-14,"House of the Dragon: Tumbleton","House of the Dragon: Tumbleton",https://www.imdb.com/title/tt36591958,TV Episode,7.5,62,2026,"Fantasy, Adventure, Drama, Action",28760,"2026-07-12","Clare Kilner"
tt27156829,7,2026-08-13,"House of the Dragon: Queen's Landing","House of the Dragon: Queen's Landing",https://www.imdb.com/title/tt27156829,TV Episode,9.3,64,2026,"Fantasy, Adventure, Drama, Action",49866,"2026-06-28","Clare Kilner"
tt33076347,6,2026-08-13,"House of the Dragon: Rhaenyra Triumphant","House of the Dragon: Rhaenyra Triumphant",https://www.imdb.com/title/tt33076347,TV Episode,8.2,57,2026,"Fantasy, Adventure, Drama, Action",33236,"2026-07-05","Clare Kilner"
tt27147010,6,2026-08-13,"House of the Dragon: Salt and Sea, Fire and Blood","House of the Dragon: Salt and Sea, Fire and Blood",https://www.imdb.com/title/tt27147010,TV Episode,9.1,65,2026,"Fantasy, Adventure, Drama, Action",58880,"2026-06-21","Loni Peristere"
tt32268156,8,2026-08-12,"The Last House","The Last House",https://www.imdb.com/title/tt32268156,Movie,5.5,112,2026,"Horror, Sci-Fi, Action, Thriller, Mystery",46309,"2026-08-07","Louis Leterrier"
tt18259538,7,2026-08-11,"Avatar Aang: The Last Airbender","Avatar Aang: The Last Airbender",https://www.imdb.com/title/tt18259538,Movie,7.8,99,2026,"Animation, Action, Fantasy, Adventure, Family, Mystery",22833,"2026-07-25","Lauren Montgomery,Steve Ahn,William Mata"
tt0378194,5,2026-08-10,"Kill Bill: Vol. 2","Kill Bill: Vol. 2",https://www.imdb.com/title/tt0378194,Movie,8.0,137,2004,"Thriller, Crime, Action",878263,"2004-04-16","Quentin Tarantino"
tt31170389,5,2026-08-09,"Evil Dead Burn","Evil Dead Burn",https://www.imdb.com/title/tt31170389,Movie,6.3,110,2026,"Horror",39017,"2026-07-10","Sébastien Vanicek"
tt26657236,7,2026-08-08,"Backrooms","Backrooms",https://www.imdb.com/title/tt26657236,Movie,6.8,110,2026,"Horror, Sci-Fi, Thriller",181172,"2026-05-29","Kane Parsons"
tt9362722,8,2026-08-08,"Spider-Man: Across the Spider-Verse","Spider-Man: Across the Spider-Verse",https://www.imdb.com/title/tt9362722,Movie,8.5,140,2023,"Animation, Action, Adventure, Sci-Fi, Fantasy, Family",547882,"2023-06-02","Joaquim Dos Santos,Kemp Powers,Justin K. Thompson"
tt4633694,8,2026-08-07,"Spider-Man: Into the Spider-Verse","Spider-Man: Into the Spider-Verse",https://www.imdb.com/title/tt4633694,Movie,8.4,117,2018,"Animation, Action, Sci-Fi, Adventure, Family, Fantasy",811434,"2018-12-14","Bob Persichetti,Peter Ramsey,Rodney Rothman"
tt32547691,6,2026-08-05,"Pressure","Pressure",https://www.imdb.com/title/tt32547691,Movie,7.3,100,2026,"Drama, War, Thriller, History",23310,"2026-05-29","Anthony Maras"
tt32315584,5,2026-08-04,"Black Box","Black Box",https://www.imdb.com/title/tt32315584,Movie,5.1,85,2026,"Thriller, Horror, Sci-Fi",3184,"2026-07-07","Steven Quale"
tt0320661,6,2026-08-04,"Kingdom of Heaven","Kingdom of Heaven",https://www.imdb.com/title/tt0320661,Movie,7.3,144,2005,"Action, History, Adventure, War, Drama",359901,"2005-05-06","Ridley Scott"
tt11117024,8,2026-08-02,"Masters of the Air: Part Nine","Masters of the Air: Part Nine",https://www.imdb.com/title/tt11117024,TV Episode,8.6,78,2024,"War, Drama, Action, History",2647,"2024-03-15","Timothy Van Patten"
tt11116974,8,2026-08-02,"Masters of the Air: Part Eight","Masters of the Air: Part Eight",https://www.imdb.com/title/tt11116974,TV Episode,7.4,51,2024,"War, Drama, Action, History",2395,"2024-03-08","Dee Rees"
tt11116962,8,2026-08-02,"Masters of the Air: Part Seven","Masters of the Air: Part Seven",https://www.imdb.com/title/tt11116962,TV Episode,7.8,49,2024,"War, Drama, Action, History",2405,"2024-03-01","Dee Rees"
tt11116958,8,2026-08-02,"Masters of the Air: Part Six","Masters of the Air: Part Six",https://www.imdb.com/title/tt11116958,TV Episode,8.0,61,2024,"War, Drama, Action, History",2815,"2024-02-23","Anna Boden,Ryan Fleck"
tt11116942,8,2026-08-02,"Masters of the Air: Part One","Masters of the Air: Part One",https://www.imdb.com/title/tt11116942,TV Episode,7.8,62,2024,"War, Drama, Action, History",4204,"2024-01-26","Cary Joji Fukunaga"
tt33763941,6,2026-08-02,"Passenger","Passenger",https://www.imdb.com/title/tt33763941,Movie,5.5,97,2026,"Horror, Thriller",18416,"2026-05-22","André Øvredal"
tt11116956,8,2026-07-31,"Masters of the Air: Part Five","Masters of the Air: Part Five",https://www.imdb.com/title/tt11116956,TV Episode,8.6,53,2024,"War, Drama, Action, History",3112,"2024-02-16","Anna Boden,Ryan Fleck"
tt11116952,8,2026-07-31,"Masters of the Air: Part Four","Masters of the Air: Part Four",https://www.imdb.com/title/tt11116952,TV Episode,7.6,52,2024,"War, Drama, Action, History",2971,"2024-02-09","Cary Joji Fukunaga"
tt11116950,8,2026-07-31,"Masters of the Air: Part Three","Masters of the Air: Part Three",https://www.imdb.com/title/tt11116950,TV Episode,8.6,48,2024,"War, Drama, Action, History",3541,"2024-02-02","Cary Joji Fukunaga"
tt11116948,8,2026-07-31,"Masters of the Air: Part Two","Masters of the Air: Part Two",https://www.imdb.com/title/tt11116948,TV Episode,7.9,55,2024,"War, Drama, Action, History",3608,"2024-01-26","Cary Joji Fukunaga"
tt5638642,6,2026-07-29,"The Ritual","The Ritual",https://www.imdb.com/title/tt5638642,Movie,6.4,94,2017,"Horror, Mystery, Thriller",147339,"2018-02-09","David Bruckner"
tt15047880,6,2026-07-28,"Disclosure Day","Disclosure Day",https://www.imdb.com/title/tt15047880,Movie,6.4,145,2026,"Sci-Fi, Thriller, Drama, Mystery, Action",142870,"2026-06-12","Steven Spielberg"
tt0266697,4,2026-07-25,"Kill Bill: Vol. 1","Kill Bill: Vol. 1",https://www.imdb.com/title/tt0266697,Movie,8.2,111,2003,"Action, Thriller, Crime",1321492,"2003-10-10","Quentin Tarantino"
tt1288558,5,2026-07-25,"Evil Dead","Evil Dead",https://www.imdb.com/title/tt1288558,Movie,6.5,91,2013,"Horror, Thriller",217675,"2013-04-05","Fede Alvarez"
tt38509472,8,2026-07-24,"Alice in Borderland: Episode 6","Imawa no Kuni no Arisu: Episode 6",https://www.imdb.com/title/tt38509472,TV Episode,7.0,76,2025,"Drama, Sci-Fi, Thriller, Mystery, Horror, Action",3858,"2025-09-25","Shinsuke Satô"
tt38509471,8,2026-07-24,"Alice in Borderland: Episode 5","Imawa no Kuni no Arisu: Episode 5",https://www.imdb.com/title/tt38509471,TV Episode,6.8,77,2025,"Drama, Sci-Fi, Thriller, Mystery, Horror, Action",3481,"2025-09-25","Shinsuke Satô"
tt38509470,8,2026-07-24,"Alice in Borderland: Episode 4","Imawa no Kuni no Arisu: Episode 4",https://www.imdb.com/title/tt38509470,TV Episode,7.9,61,2025,"Drama, Sci-Fi, Thriller, Mystery, Horror, Action",3361,"2025-09-25","Shinsuke Satô"
tt38509469,8,2026-07-24,"Alice in Borderland: Episode 3","Imawa no Kuni no Arisu: Episode 3",https://www.imdb.com/title/tt38509469,TV Episode,7.8,62,2025,"Drama, Sci-Fi, Thriller, Mystery, Horror, Action",3320,"2025-09-25","Shinsuke Satô"
tt38509467,8,2026-07-24,"Alice in Borderland: Episode 2","Imawa no Kuni no Arisu: Episode 2",https://www.imdb.com/title/tt38509467,TV Episode,7.6,55,2025,"Drama, Sci-Fi, Thriller, Mystery, Horror, Action",3379,"2025-09-25","Shinsuke Satô"
tt0399295,6,2026-07-21,"Lord of War","Lord of War",https://www.imdb.com/title/tt0399295,Movie,7.6,122,2005,"Crime, Drama",362082,"2005-09-16","Andrew Niccol"
tt29319948,8,2026-07-21,"Alice in Borderland: Episode 1","Imawa no Kuni no Arisu: Episode 1",https://www.imdb.com/title/tt29319948,TV Episode,7.1,61,2025,"Drama, Sci-Fi, Thriller, Mystery, Horror, Action",4045,"2025-09-25","Shinsuke Satô"
tt23134112,9,2026-07-20,"Alice in Borderland: Episode 8","Imawa no Kuni no Arisu: Episode 8",https://www.imdb.com/title/tt23134112,TV Episode,8.2,80,2022,"Drama, Sci-Fi, Thriller, Mystery, Horror, Action",6177,"2022-12-22","Shinsuke Satô"
tt23134102,8,2026-07-19,"Alice in Borderland: Episode 7","Imawa no Kuni no Arisu: Episode 7",https://www.imdb.com/title/tt23134102,TV Episode,7.9,59,2022,"Drama, Sci-Fi, Thriller, Mystery, Horror, Action",5475,"2022-12-22","Shinsuke Satô"
tt23134100,8,2026-07-19,"Alice in Borderland: Episode 6","Imawa no Kuni no Arisu: Episode 6",https://www.imdb.com/title/tt23134100,TV Episode,8.0,75,2022,"Drama, Sci-Fi, Thriller, Mystery, Horror, Action",4771,"2022-12-22","Shinsuke Satô"
tt23134098,8,2026-07-19,"Alice in Borderland: Episode 5","Imawa no Kuni no Arisu: Episode 5",https://www.imdb.com/title/tt23134098,TV Episode,7.3,67,2022,"Drama, Sci-Fi, Thriller, Mystery, Horror, Action",4369,"2022-12-22","Shinsuke Satô"
tt23038162,8,2026-07-19,"Alice in Borderland: Episode 4","Imawa no Kuni no Arisu: Episode 4",https://www.imdb.com/title/tt23038162,TV Episode,8.1,52,2022,"Drama, Sci-Fi, Thriller, Mystery, Horror, Action",4865,"2022-12-22","Shinsuke Satô"
tt22868344,8,2026-07-19,"Alice in Borderland: Episode 3","Imawa no Kuni no Arisu: Episode 3",https://www.imdb.com/title/tt22868344,TV Episode,8.7,66,2022,"Drama, Sci-Fi, Thriller, Mystery, Horror, Action",6111,"2022-12-22","Shinsuke Satô"
tt22865046,8,2026-07-19,"Alice in Borderland: Episode 2","Imawa no Kuni no Arisu: Episode 2",https://www.imdb.com/title/tt22865046,TV Episode,8.0,60,2022,"Drama, Sci-Fi, Thriller, Mystery, Horror, Action",5122,"2022-12-22","Shinsuke Satô"
tt13702212,8,2026-07-19,"Alice in Borderland: Episode 1","Imawa no Kuni no Arisu: Episode 1",https://www.imdb.com/title/tt13702212,TV Episode,7.3,48,2022,"Drama, Sci-Fi, Thriller, Mystery, Horror, Action",4907,"2022-12-22","Shinsuke Satô"
tt13618838,7,2026-07-15,"Alice in Borderland: Episode 8","Imawa no Kuni no Arisu: Episode 8",https://www.imdb.com/title/tt13618838,TV Episode,7.8,52,2020,"Drama, Sci-Fi, Thriller, Mystery, Horror, Action",5475,"2020-12-10","Shinsuke Satô"
tt13618836,8,2026-07-15,"Alice in Borderland: Episode 7","Imawa no Kuni no Arisu: Episode 7",https://www.imdb.com/title/tt13618836,TV Episode,7.7,48,2020,"Drama, Sci-Fi, Thriller, Mystery, Horror, Action",5176,"2020-12-10","Shinsuke Satô"
tt13618834,7,2026-07-15,"Alice in Borderland: Episode 6","Imawa no Kuni no Arisu: Episode 6",https://www.imdb.com/title/tt13618834,TV Episode,7.4,41,2020,"Drama, Sci-Fi, Thriller, Mystery, Horror, Action",5033,"2020-12-10","Shinsuke Satô"
tt13618832,7,2026-07-15,"Alice in Borderland: Episode 5","Imawa no Kuni no Arisu: Episode 5",https://www.imdb.com/title/tt13618832,TV Episode,6.9,51,2020,"Drama, Sci-Fi, Thriller, Mystery, Horror, Action",5295,"2020-12-10","Shinsuke Satô"
tt13618830,8,2026-07-15,"Alice in Borderland: Episode 4","Imawa no Kuni no Arisu: Episode 4",https://www.imdb.com/title/tt13618830,TV Episode,7.3,47,2020,"Drama, Sci-Fi, Thriller, Mystery, Horror, Action",5410,"2020-12-10","Shinsuke Satô"
tt13618828,8,2026-07-15,"Alice in Borderland: Episode 3","Imawa no Kuni no Arisu: Episode 3",https://www.imdb.com/title/tt13618828,TV Episode,8.4,42,2020,"Drama, Sci-Fi, Thriller, Mystery, Horror, Action",7315,"2020-12-10","Shinsuke Satô"
tt13618826,8,2026-07-15,"Alice in Borderland: Episode 2","Imawa no Kuni no Arisu: Episode 2",https://www.imdb.com/title/tt13618826,TV Episode,8.0,47,2020,"Drama, Sci-Fi, Thriller, Mystery, Horror, Action",6116,"2020-12-10","Shinsuke Satô"
tt13015952,8,2026-07-15,"Alice in Borderland: Episode 1","Imawa no Kuni no Arisu: Episode 1",https://www.imdb.com/title/tt13015952,TV Episode,7.6,47,2020,"Drama, Sci-Fi, Thriller, Mystery, Horror, Action",6576,"2020-12-10","Shinsuke Satô"
tt5153956,6,2026-07-06,"Last Sentinel","Last Sentinel",https://www.imdb.com/title/tt5153956,Movie,4.9,117,2023,"Sci-Fi, Thriller, Drama, Horror, Mystery",9024,"2023-07-01","Tanel Toom"
tt1255953,2,2026-07-06,"Incendies","Incendies",https://www.imdb.com/title/tt1255953,Movie,8.3,131,2010,"Drama, Mystery, War",257724,"2011-04-22","Denis Villeneuve"
tt0277027,9,2026-07-06,"I Am Sam","I Am Sam",https://www.imdb.com/title/tt0277027,Movie,7.6,132,2001,"Drama",163301,"2002-01-25","Jessie Nelson"
tt11051974,8,2026-07-05,"Your Eyes Tell","Kimi no me ga toikaketeiru",https://www.imdb.com/title/tt11051974,Movie,7.4,123,2020,"Romance, Drama",2747,"2020-10-23","Takahiro Miki"
tt0448157,6,2026-07-05,"Hancock","Hancock",https://www.imdb.com/title/tt0448157,Movie,6.4,92,2008,"Action, Comedy, Fantasy, Drama",542909,"2008-07-02","Peter Berg"
tt6506264,7,2026-07-05,"The Colony","Tides",https://www.imdb.com/title/tt6506264,Movie,5.4,104,2021,"Sci-Fi, Thriller, Action, Adventure",14431,"2021-08-27","Tim Fehlbaum"
tt12300742,7,2026-07-04,"Bugonia","Bugonia",https://www.imdb.com/title/tt12300742,Movie,7.4,118,2025,"Sci-Fi, Comedy, Crime, Thriller",219813,"2025-10-31","Yorgos Lanthimos"
tt1441395,3,2026-07-03,"Under the Skin","Under the Skin",https://www.imdb.com/title/tt1441395,Movie,6.3,108,2013,"Sci-Fi, Drama, Thriller, Horror, Mystery",172951,"2014-04-18","Jonathan Glazer"
tt4589218,6,2026-07-03,"Five Nights at Freddy's","Five Nights at Freddy's",https://www.imdb.com/title/tt4589218,Movie,5.4,109,2023,"Horror, Mystery, Thriller",142676,"2023-10-27","Emma Tammi"
tt0769432,9,2026-07-01,"SpongeBob SquarePants: Naughty Nautical Neighbors/Boating School","SpongeBob SquarePants: Naughty Nautical Neighbors/Boating School",https://www.imdb.com/title/tt0769432,TV Episode,8.4,24,1999,"Animation, Fantasy, Comedy, Family",2576,"1999-08-07","Stephen Hillenburg,Alan Smart,Ennio Torresan"
tt0707296,9,2026-07-01,"SpongeBob SquarePants: Jellyfishing/Plankton!","SpongeBob SquarePants: Jellyfishing/Plankton!",https://www.imdb.com/title/tt0707296,TV Episode,8.4,24,1999,"Animation, Fantasy, Comedy, Family",2765,"1999-07-31","Stephen Hillenburg,Alan Smart"
tt0769427,9,2026-07-01,"SpongeBob SquarePants: Bubblestand/Ripped Pants","SpongeBob SquarePants: Bubblestand/Ripped Pants",https://www.imdb.com/title/tt0769427,TV Episode,8.6,24,1999,"Animation, Fantasy, Comedy, Family",3145,"1999-07-17","Stephen Hillenburg,Alan Smart,Ennio Torresan"
tt0707293,9,2026-07-01,"SpongeBob SquarePants: Help Wanted/Reef Blower/Tea at the Treedome","SpongeBob SquarePants: Help Wanted/Reef Blower/Tea at the Treedome",https://www.imdb.com/title/tt0707293,TV Episode,8.7,24,1999,"Animation, Fantasy, Comedy, Family",3932,"1999-05-01","Alan Smart,Paul Tibbitt"
tt37287335,6,2026-07-01,"Obsession","Obsession",https://www.imdb.com/title/tt37287335,Movie,7.8,109,2025,"Horror, Thriller, Romance",335669,"2026-05-15","Curry Barker"
tt8527948,10,2026-06-28,"Darling in the Franxx: Never Let Me Go","Darling in the Franxx: Never Let Me Go",https://www.imdb.com/title/tt8527948,TV Episode,8.0,24,2018,"Animation, Action, Sci-Fi, Romance, Drama",1212,"2018-07-07","Miyuki Kuroki,Manabu Okamoto"
tt8527946,9,2026-06-28,"Darling in the Franxx: DARLING in the FRANXX","Darling in the Franxx: DARLING in the FRANXX",https://www.imdb.com/title/tt8527946,TV Episode,6.6,24,2018,"Animation, Action, Sci-Fi, Romance, Drama",1050,"2018-06-30","Atsushi Nishigori,Toshifumi Akai,Takahiro Harada"
tt8527944,9,2026-06-28,"Darling in the Franxx: Stargazers","Darling in the Franxx: Stargazers",https://www.imdb.com/title/tt8527944,TV Episode,7.6,24,2018,"Animation, Action, Sci-Fi, Romance, Drama",896,"2018-06-23","Atsushi Nishigori,Noriko Takao"
tt8527942,9,2026-06-28,"Darling in the Franxx: For You, My Love","Darling in the Franxx: For You, My Love",https://www.imdb.com/title/tt8527942,TV Episode,8.2,24,2018,"Animation, Action, Sci-Fi, Romance, Drama",1006,"2018-06-16","Atsushi Nishigori,Manabu Okamoto"
tt8500738,9,2026-06-28,"Darling in the Franxx: A New World","Darling in the Franxx: A New World",https://www.imdb.com/title/tt8500738,TV Episode,7.5,24,2018,"Animation, Action, Sci-Fi, Romance, Drama",884,"2018-06-09","Atsushi Nishigori,Miyuki Kuroki"
tt8438812,9,2026-06-28,"Darling in the Franxx: Inhumanity","Darling in the Franxx: Inhumanity",https://www.imdb.com/title/tt8438812,TV Episode,7.8,24,2018,"Animation, Action, Sci-Fi, Romance, Drama",881,"2018-05-26","Atsushi Nishigori,Takahiro Harada"
tt8407902,9,2026-06-28,"Darling in the Franxx: When the Sakura Blooms","Darling in the Franxx: When the Sakura Blooms",https://www.imdb.com/title/tt8407902,TV Episode,7.8,24,2018,"Animation, Action, Sci-Fi, Romance, Drama",922,"2018-05-19","Atsushi Nishigori,Shigeki Kawai"
tt8398658,9,2026-06-28,"Darling in the Franxx: Eden","Darling in the Franxx: Eden",https://www.imdb.com/title/tt8398658,TV Episode,7.9,24,2018,"Animation, Action, Sci-Fi, Romance, Drama",912,"2018-05-12","Atsushi Nishigori,Ryôji Masuyama"
tt8343646,9,2026-06-27,"Darling in the Franxx: Days of Our Lives","Darling in the Franxx: Days of Our Lives",https://www.imdb.com/title/tt8343646,TV Episode,7.8,24,2018,"Animation, Action, Sci-Fi, Romance, Drama",912,"2018-05-05","Atsushi Nishigori,Yûki Itô"
tt8250384,9,2026-06-27,"Darling in the Franxx: Jian","Darling in the Franxx: Jian",https://www.imdb.com/title/tt8250384,TV Episode,9.1,24,2018,"Animation, Action, Sci-Fi, Romance, Drama",1433,"2018-04-21","Atsushi Nishigori,Toshifumi Akai"
tt8248216,9,2026-06-27,"Darling in the Franxx: Punishment and Confession","Darling in the Franxx: Punishment and Confession",https://www.imdb.com/title/tt8248216,TV Episode,7.8,24,2018,"Animation, Action, Sci-Fi, Romance, Drama",982,"2018-04-14","Atsushi Nishigori,Yoshiyuki Kaneko"
tt8248212,9,2026-06-27,"Darling in the Franxx: The Beast and the Prince","Darling in the Franxx: The Beast and the Prince",https://www.imdb.com/title/tt8248212,TV Episode,9.5,24,2018,"Animation, Action, Sci-Fi, Romance, Drama",2245,"2018-04-07","Atsushi Nishigori,Manabu Okamoto"
tt8219344,9,2026-06-27,"Darling in the Franxx: The Garden Where It All Began","Darling in the Franxx: The Garden Where It All Began",https://www.imdb.com/title/tt8219344,TV Episode,8.4,24,2018,"Animation, Action, Sci-Fi, Romance, Drama",1001,"2018-03-31","Atsushi Nishigori,Yoshihiro Miyajima"
tt8187230,9,2026-06-27,"Darling in the Franxx: Partner Shuffle","Darling in the Franxx: Partner Shuffle",https://www.imdb.com/title/tt8187230,TV Episode,7.4,24,2018,"Animation, Action, Sci-Fi, Romance, Drama",895,"2018-03-24","Atsushi Nishigori,Takahiro Shikama"
tt8154772,9,2026-06-27,"Darling in the Franxx: The City of Eternity","Darling in the Franxx: The City of Eternity",https://www.imdb.com/title/tt8154772,TV Episode,7.7,24,2018,"Animation, Action, Sci-Fi, Romance, Drama",903,"2018-03-17","Atsushi Nishigori,Masato Nakazono"
tt8154770,9,2026-06-27,"Darling in the Franxx: Triangle Bomb","Darling in the Franxx: Triangle Bomb",https://www.imdb.com/title/tt8154770,TV Episode,7.7,24,2018,"Animation, Action, Sci-Fi, Romance, Drama",907,"2018-03-10","Atsushi Nishigori,Ryûta Ono"
tt8090110,9,2026-06-27,"Darling in the Franxx: Boys × Girls","Darling in the Franxx: Boys × Girls",https://www.imdb.com/title/tt8090110,TV Episode,7.3,24,2018,"Animation, Action, Sci-Fi, Romance, Drama",924,"2018-03-03","Atsushi Nishigori,Masato Nakazono"
tt8060342,9,2026-06-27,"Darling in the Franxx: Shooting Star Moratorium","Darling in the Franxx: Shooting Star Moratorium",https://www.imdb.com/title/tt8060342,TV Episode,7.7,24,2018,"Animation, Action, Sci-Fi, Romance, Drama",936,"2018-02-24","Atsushi Nishigori,Tôko Yatabe"
tt8024620,9,2026-06-27,"Darling in the Franxx: Darling in the Franxx","Darling in the Franxx: Darling in the Franxx",https://www.imdb.com/title/tt8024620,TV Episode,8.7,24,2018,"Animation, Action, Sci-Fi, Romance, Drama",1185,"2018-02-17","Atsushi Nishigori,Yoshihiro Miyajima"
tt7962606,9,2026-06-27,"Darling in the Franxx: Your Thorn, My Badge","Darling in the Franxx: Your Thorn, My Badge",https://www.imdb.com/title/tt7962606,TV Episode,7.8,24,2018,"Animation, Action, Sci-Fi, Romance, Drama",964,"2018-02-09","Atsushi Nishigori,Noriko Takao"
tt7962602,9,2026-06-27,"Darling in the Franxx: Flap Flap","Darling in the Franxx: Flap Flap",https://www.imdb.com/title/tt7962602,TV Episode,8.1,24,2018,"Animation, Action, Sci-Fi, Romance, Drama",992,"2018-02-03","Atsushi Nishigori,Yûichi Shimodaira"
tt7939436,9,2026-06-27,"Darling in the Franxx: Fighting Puppet","Darling in the Franxx: Fighting Puppet",https://www.imdb.com/title/tt7939436,TV Episode,7.8,24,2018,"Animation, Action, Sci-Fi, Romance, Drama",988,"2018-01-27","Atsushi Nishigori,Toshifumi Akai"
tt7915810,9,2026-06-27,"Darling in the Franxx: What It Means to Connect","Darling in the Franxx: What It Means to Connect",https://www.imdb.com/title/tt7915810,TV Episode,7.5,24,2018,"Animation, Action, Sci-Fi, Romance, Drama",998,"2018-01-20","Atsushi Nishigori,Shôko Nakamura"
tt7881920,9,2026-06-27,"Darling in the Franxx: Alone and Lonesome","Darling in the Franxx: Alone and Lonesome",https://www.imdb.com/title/tt7881920,TV Episode,7.8,24,2018,"Animation, Action, Sci-Fi, Romance, Drama",1176,"2019-08-02","Atsushi Nishigori,Toshifumi Akai"
tt2488666,5,2026-06-27,"Malibu Horror Story","Malibu Horror Story",https://www.imdb.com/title/tt2488666,Movie,4.4,83,2023,"Horror, Thriller",2516,"2025-10-07","Scott Slone"
tt0898367,7,2026-06-26,"The Road","The Road",https://www.imdb.com/title/tt0898367,Movie,7.2,111,2009,"Drama, Thriller",273047,"2009-12-18","John Hillcoat"
tt0360486,8,2026-06-25,"Constantine","Constantine",https://www.imdb.com/title/tt0360486,Movie,7.0,121,2005,"Fantasy, Horror, Action, Mystery",412222,"2005-02-18","Francis Lawrence"
tt22898462,7,2026-06-25,"The Conjuring: Last Rites","The Conjuring: Last Rites",https://www.imdb.com/title/tt22898462,Movie,6.2,135,2025,"Horror, Mystery, Thriller",108256,"2025-09-05","Michael Chaves"
tt23137904,7,2026-06-25,"Rebel Moon - Part Two: The Scargiver","Rebel Moon - Part Two: The Scargiver",https://www.imdb.com/title/tt23137904,Movie,5.4,122,2024,"Sci-Fi, Action, Adventure, Drama, Fantasy",64792,"2024-04-19","Zack Snyder"
tt8466564,6,2026-06-25,"Obi-Wan Kenobi","Obi-Wan Kenobi",https://www.imdb.com/title/tt8466564,TV Mini Series,7.0,45,2022,"Sci-Fi, Action, Adventure",266283,"2022-05-27",
tt13841824,7,2026-06-24,"Obi-Wan Kenobi: Part VI","Obi-Wan Kenobi: Part VI",https://www.imdb.com/title/tt13841824,TV Episode,8.4,48,2022,"Sci-Fi, Action, Adventure",26045,"2022-06-22","Deborah Chow"
tt13841820,7,2026-06-24,"Obi-Wan Kenobi: Part V","Obi-Wan Kenobi: Part V",https://www.imdb.com/title/tt13841820,TV Episode,7.9,40,2022,"Sci-Fi, Action, Adventure",22954,"2022-06-15","Deborah Chow"
tt13840902,7,2026-06-24,"Obi-Wan Kenobi: Part IV","Obi-Wan Kenobi: Part IV",https://www.imdb.com/title/tt13840902,TV Episode,6.4,36,2022,"Sci-Fi, Action, Adventure",22718,"2022-06-08","Deborah Chow"
tt13840822,7,2026-06-24,"Obi-Wan Kenobi: Part III","Obi-Wan Kenobi: Part III",https://www.imdb.com/title/tt13840822,TV Episode,7.5,45,2022,"Sci-Fi, Action, Adventure",26797,"2022-06-01","Deborah Chow"
tt13820658,7,2026-06-24,"Obi-Wan Kenobi: Part II","Obi-Wan Kenobi: Part II",https://www.imdb.com/title/tt13820658,TV Episode,7.2,39,2022,"Sci-Fi, Action, Adventure",26495,"2022-05-27","Deborah Chow"
tt14998742,8,2026-06-24,"Rebel Moon - Part One: A Child of Fire","Rebel Moon - Part One: A Child of Fire",https://www.imdb.com/title/tt14998742,Movie,5.6,133,2023,"Adventure, Sci-Fi, Drama, Fantasy, Action",142094,"2023-12-21","Zack Snyder"
tt3731562,6,2026-06-23,"Kong: Skull Island","Kong: Skull Island",https://www.imdb.com/title/tt3731562,Movie,6.7,118,2017,"Action, Adventure, Fantasy, Sci-Fi",378058,"2017-03-10","Jordan Vogt-Roberts"
tt1219289,6,2026-06-23,"Limitless","Limitless",https://www.imdb.com/title/tt1219289,Movie,7.4,105,2011,"Thriller, Sci-Fi",653256,"2011-03-18","Neil Burger"
tt13636426,6,2026-06-23,"Obi-Wan Kenobi: Part I","Obi-Wan Kenobi: Part I",https://www.imdb.com/title/tt13636426,TV Episode,7.4,53,2022,"Sci-Fi, Action, Adventure",27545,"2022-05-27","Deborah Chow"
tt6027920,8,2026-06-21,"Game of Thrones: The Iron Throne","Game of Thrones: The Iron Throne",https://www.imdb.com/title/tt6027920,TV Episode,4.0,80,2019,"Fantasy, Drama",306892,"2019-05-19","David Benioff,D.B. Weiss"
tt6027916,7,2026-06-21,"Game of Thrones: The Bells","Game of Thrones: The Bells",https://www.imdb.com/title/tt6027916,TV Episode,5.9,78,2019,"Fantasy, Drama",228011,"2019-05-12","Miguel Sapochnik"
tt6027914,9,2026-06-21,"Game of Thrones: The Last of the Starks","Game of Thrones: The Last of the Starks",https://www.imdb.com/title/tt6027914,TV Episode,5.5,78,2019,"Fantasy, Drama",196033,"2019-05-05","David Nutter"
tt6027912,9,2026-06-21,"Game of Thrones: The Long Night","Game of Thrones: The Long Night",https://www.imdb.com/title/tt6027912,TV Episode,7.5,82,2019,"Fantasy, Drama",256604,"2019-04-28","Miguel Sapochnik"
tt6027908,8,2026-06-21,"Game of Thrones: A Knight of the Seven Kingdoms","Game of Thrones: A Knight of the Seven Kingdoms",https://www.imdb.com/title/tt6027908,TV Episode,7.9,58,2019,"Fantasy, Drama",160878,"2019-04-21","David Nutter"
tt5924366,8,2026-06-21,"Game of Thrones: Winterfell","Game of Thrones: Winterfell",https://www.imdb.com/title/tt5924366,TV Episode,7.6,54,2019,"Fantasy, Drama",160888,"2019-04-14","David Nutter"
tt0363547,7,2026-06-19,"Dawn of the Dead","Dawn of the Dead",https://www.imdb.com/title/tt0363547,Movie,7.2,101,2004,"Horror, Action",290251,"2004-03-19","Zack Snyder"
tt5775874,9,2026-06-17,"Game of Thrones: The Dragon and the Wolf","Game of Thrones: The Dragon and the Wolf",https://www.imdb.com/title/tt5775874,TV Episode,9.4,80,2017,"Fantasy, Drama",90507,"2017-08-27","Jeremy Podeswa"
tt5775864,7,2026-06-17,"Game of Thrones: Beyond the Wall","Game of Thrones: Beyond the Wall",https://www.imdb.com/title/tt5775864,TV Episode,9.0,70,2017,"Fantasy, Drama",88894,"2017-08-20","Alan Taylor"
tt5775854,7,2026-06-17,"Game of Thrones: Eastwatch","Game of Thrones: Eastwatch",https://www.imdb.com/title/tt5775854,TV Episode,8.6,59,2017,"Fantasy, Drama",62286,"2017-08-13","Matt Shakman"
tt5775846,6,2026-06-17,"Game of Thrones: The Spoils of War","Game of Thrones: The Spoils of War",https://www.imdb.com/title/tt5775846,TV Episode,9.7,50,2017,"Fantasy, Drama",126501,"2017-08-06","Matt Shakman"
tt5775840,6,2026-06-17,"Game of Thrones: The Queen's Justice","Game of Thrones: The Queen's Justice",https://www.imdb.com/title/tt5775840,TV Episode,9.1,63,2017,"Fantasy, Drama",66430,"2017-07-30","Mark Mylod"
tt5655178,7,2026-06-17,"Game of Thrones: Stormborn","Game of Thrones: Stormborn",https://www.imdb.com/title/tt5655178,TV Episode,8.7,59,2017,"Fantasy, Drama",62539,"2017-07-23","Mark Mylod"
tt5654088,5,2026-06-17,"Game of Thrones: Dragonstone","Game of Thrones: Dragonstone",https://www.imdb.com/title/tt5654088,TV Episode,8.5,59,2017,"Fantasy, Drama",69477,"2017-07-16","Jeremy Podeswa"
tt33978029,6,2026-06-16,"Ready or Not 2: Here I Come","Ready or Not: Here I Come",https://www.imdb.com/title/tt33978029,Movie,6.5,108,2026,"Horror, Comedy, Thriller",70672,"2026-03-20","Matt Bettinelli-Olpin,Tyler Gillett"
tt4283094,9,2026-06-12,"Game of Thrones: The Winds of Winter","Game of Thrones: The Winds of Winter",https://www.imdb.com/title/tt4283094,TV Episode,9.9,68,2016,"Fantasy, Drama",231571,"2016-06-26","Miguel Sapochnik"
tt4283088,9,2026-06-12,"Game of Thrones: Battle of the Bastards","Game of Thrones: Battle of the Bastards",https://www.imdb.com/title/tt4283088,TV Episode,9.9,60,2016,"Fantasy, Drama",313174,"2016-06-19","Miguel Sapochnik"
tt4283074,8,2026-06-12,"Game of Thrones: No One","Game of Thrones: No One",https://www.imdb.com/title/tt4283074,TV Episode,8.3,59,2016,"Fantasy, Drama",55453,"2016-06-12","Mark Mylod"
tt4283060,7,2026-06-12,"Game of Thrones: The Broken Man","Game of Thrones: The Broken Man",https://www.imdb.com/title/tt4283060,TV Episode,8.5,51,2016,"Fantasy, Drama",50744,"2016-06-05","Mark Mylod"
tt4283054,6,2026-06-12,"Game of Thrones: Blood of My Blood","Game of Thrones: Blood of My Blood",https://www.imdb.com/title/tt4283054,TV Episode,8.3,52,2016,"Fantasy, Drama",51441,"2016-05-29","Jack Bender"
tt4283028,8,2026-06-12,"Game of Thrones: The Door","Game of Thrones: The Door",https://www.imdb.com/title/tt4283028,TV Episode,9.7,57,2016,"Fantasy, Drama",110301,"2016-05-22","Jack Bender"
tt4283016,6,2026-06-12,"Game of Thrones: Book of the Stranger","Game of Thrones: Book of the Stranger",https://www.imdb.com/title/tt4283016,TV Episode,9.0,59,2016,"Fantasy, Drama",57308,"2016-05-15","Daniel Sackheim"
tt4131606,7,2026-06-12,"Game of Thrones: Oathbreaker","Game of Thrones: Oathbreaker",https://www.imdb.com/title/tt4131606,TV Episode,8.6,52,2016,"Fantasy, Drama",52544,"2016-05-08","Daniel Sackheim"
tt4077554,7,2026-06-12,"Game of Thrones: Home","Game of Thrones: Home",https://www.imdb.com/title/tt4077554,TV Episode,9.2,54,2016,"Fantasy, Drama",67110,"2016-05-01","Jeremy Podeswa"
tt3658014,6,2026-06-12,"Game of Thrones: The Red Woman","Game of Thrones: The Red Woman",https://www.imdb.com/title/tt3658014,TV Episode,8.4,50,2016,"Fantasy, Drama",58058,"2016-04-24","Jeremy Podeswa"
tt1160996,6,2026-06-10,"The Colony","The Colony",https://www.imdb.com/title/tt1160996,Movie,5.3,95,2013,"Sci-Fi, Action, Thriller, Horror",49639,"2013-09-20","Jeff Renfroe"
tt3866862,8,2026-06-07,"Game of Thrones: Mother's Mercy","Game of Thrones: Mother's Mercy",https://www.imdb.com/title/tt3866862,TV Episode,9.2,60,2015,"Fantasy, Drama",65831,"2015-06-14","David Nutter"
tt3866826,7,2026-06-07,"Game of Thrones: The Dance of Dragons","Game of Thrones: The Dance of Dragons",https://www.imdb.com/title/tt3866826,TV Episode,9.4,52,2015,"Fantasy, Drama",67142,"2015-06-07","David Nutter"
tt3866850,7,2026-06-07,"Game of Thrones: Hardhome","Game of Thrones: Hardhome",https://www.imdb.com/title/tt3866850,TV Episode,9.8,61,2015,"Fantasy, Drama",145144,"2015-05-31","Miguel Sapochnik"
tt3866846,6,2026-06-07,"Game of Thrones: The Gift","Game of Thrones: The Gift",https://www.imdb.com/title/tt3866846,TV Episode,8.8,59,2015,"Fantasy, Drama",46742,"2015-05-24","Miguel Sapochnik"
tt3866842,5,2026-06-07,"Game of Thrones: Unbowed, Unbent, Unbroken","Game of Thrones: Unbowed, Unbent, Unbroken",https://www.imdb.com/title/tt3866842,TV Episode,7.9,54,2015,"Fantasy, Drama",51634,"2015-05-17","Jeremy Podeswa"
tt3866840,7,2026-06-07,"Game of Thrones: Kill the Boy","Game of Thrones: Kill the Boy",https://www.imdb.com/title/tt3866840,TV Episode,8.5,57,2015,"Fantasy, Drama",44265,"2015-05-10","Jeremy Podeswa"
tt3866838,6,2026-06-07,"Game of Thrones: Sons of the Harpy","Game of Thrones: Sons of the Harpy",https://www.imdb.com/title/tt3866838,TV Episode,8.5,51,2015,"Fantasy, Drama",44080,"2015-05-03","Mark Mylod"
tt3866836,6,2026-06-07,"Game of Thrones: High Sparrow","Game of Thrones: High Sparrow",https://www.imdb.com/title/tt3866836,TV Episode,8.3,60,2015,"Fantasy, Drama",43140,"2015-04-26","Mark Mylod"
tt3846626,7,2026-06-07,"Game of Thrones: The House of Black and White","Game of Thrones: The House of Black and White",https://www.imdb.com/title/tt3846626,TV Episode,8.3,56,2015,"Fantasy, Drama",44221,"2015-04-19","Michael Slovis"
tt3658012,6,2026-06-07,"Game of Thrones: The Wars to Come","Game of Thrones: The Wars to Come",https://www.imdb.com/title/tt3658012,TV Episode,8.3,53,2015,"Fantasy, Drama",47575,"2015-04-12","Michael Slovis"
tt35672862,4,2026-06-07,"Hokum","Hokum",https://www.imdb.com/title/tt35672862,Movie,6.7,107,2026,"Horror, Thriller",57718,"2026-05-01","Damian McCarthy"
tt8092252,8,2026-06-06,"Be with You","Jigeum mannareo gabmida",https://www.imdb.com/title/tt8092252,Movie,7.7,132,2018,"Fantasy, Romance, Drama",8543,"2018-04-06","Lee Jang-hoon"
tt3467412,6,2026-06-05,"Extinction","Extinction",https://www.imdb.com/title/tt3467412,Movie,5.8,112,2015,"Horror, Drama, Sci-Fi, Action, Adventure, Thriller",21786,"2015-07-31","Miguel Ángel Vivas"
tt0416449,1,2026-06-04,"300","300",https://www.imdb.com/title/tt0416449,Movie,7.6,117,2006,"Action, Drama",920109,"2007-03-09","Zack Snyder"
tt30476518,9,2026-06-02,"Big World","Xiao xiao de wo",https://www.imdb.com/title/tt30476518,Movie,7.6,131,2024,"Drama, Family",3187,"2024-12-27","Lina Yang"
tt27543632,7,2026-06-02,"The Housemaid","The Housemaid",https://www.imdb.com/title/tt27543632,Movie,6.7,131,2025,"Thriller, Drama, Mystery",189828,"2025-12-19","Paul Feig"
tt3060860,6,2026-06-01,"Game of Thrones: The Children","Game of Thrones: The Children",https://www.imdb.com/title/tt3060860,TV Episode,9.7,65,2014,"Fantasy, Drama",81668,"2014-06-15","Alex Graves"
tt3060858,8,2026-06-01,"Game of Thrones: The Watchers on the Wall","Game of Thrones: The Watchers on the Wall",https://www.imdb.com/title/tt3060858,TV Episode,9.6,51,2014,"Fantasy, Drama",82980,"2014-06-08","Neil Marshall"
tt3060782,7,2026-06-01,"Game of Thrones: The Mountain and the Viper","Game of Thrones: The Mountain and the Viper",https://www.imdb.com/title/tt3060782,TV Episode,9.7,52,2014,"Fantasy, Drama",90581,"2014-06-01","Alex Graves"
tt3060876,6,2026-06-01,"Game of Thrones: Mockingbird","Game of Thrones: Mockingbird",https://www.imdb.com/title/tt3060876,TV Episode,9.0,51,2014,"Fantasy, Drama",51107,"2014-05-18","Alik Sakharov"
tt3060910,8,2026-06-01,"Game of Thrones: The Laws of Gods and Men","Game of Thrones: The Laws of Gods and Men",https://www.imdb.com/title/tt3060910,TV Episode,9.7,51,2014,"Fantasy, Drama",93239,"2014-05-11","Alik Sakharov"
tt3060856,6,2026-06-01,"Game of Thrones: First of His Name","Game of Thrones: First of His Name",https://www.imdb.com/title/tt3060856,TV Episode,8.6,53,2014,"Fantasy, Drama",46320,"2014-05-04","Michelle MacLaren"
tt2816136,7,2026-06-01,"Game of Thrones: Two Swords","Game of Thrones: Two Swords",https://www.imdb.com/title/tt2816136,TV Episode,9.0,58,2014,"Fantasy, Drama",55290,"2014-04-06","D.B. Weiss,David Benioff"
tt2972428,7,2026-06-01,"Game of Thrones: Oathkeeper","Game of Thrones: Oathkeeper",https://www.imdb.com/title/tt2972428,TV Episode,8.7,55,2014,"Fantasy, Drama",46970,"2014-04-27","Michelle MacLaren"
tt2972426,7,2026-06-01,"Game of Thrones: Breaker of Chains","Game of Thrones: Breaker of Chains",https://www.imdb.com/title/tt2972426,TV Episode,8.8,57,2014,"Fantasy, Drama",48611,"2014-04-20","Alex Graves"
tt2832378,7,2026-06-01,"Game of Thrones: The Lion and the Rose","Game of Thrones: The Lion and the Rose",https://www.imdb.com/title/tt2832378,TV Episode,9.7,52,2014,"Fantasy, Drama",90293,"2014-04-13","Alex Graves"
tt31050594,6,2026-05-31,"Mercy","Mercy",https://www.imdb.com/title/tt31050594,Movie,6.2,99,2026,"Sci-Fi, Thriller, Action, Crime, Drama, Mystery",79884,"2026-01-23","Timur Bekmambetov"
tt2222042,7,2026-05-29,"Love and Monsters","Love and Monsters",https://www.imdb.com/title/tt2222042,Movie,6.9,109,2020,"Adventure, Comedy, Fantasy, Sci-Fi, Action",161683,"2020-10-16","Michael Matthews"
tt32612507,6,2026-05-29,"Lee Cronin's The Mummy","Lee Cronin's the Mummy",https://www.imdb.com/title/tt32612507,Movie,6.1,134,2026,"Horror",68284,"2026-04-17","Lee Cronin"
tt2178796,9,2026-05-29,"Game of Thrones: Mhysa","Game of Thrones: Mhysa",https://www.imdb.com/title/tt2178796,TV Episode,9.1,63,2013,"Fantasy, Drama",52802,"2013-06-09","David Nutter"
tt2178784,9,2026-05-29,"Game of Thrones: The Rains of Castamere","Game of Thrones: The Rains of Castamere",https://www.imdb.com/title/tt2178784,TV Episode,9.9,51,2013,"Fantasy, Drama",186325,"2013-06-02","David Nutter"
tt2178806,8,2026-05-29,"Game of Thrones: Second Sons","Game of Thrones: Second Sons",https://www.imdb.com/title/tt2178806,TV Episode,8.9,56,2013,"Fantasy, Drama",46399,"2013-05-19","Michelle MacLaren"
tt2178814,7,2026-05-29,"Game of Thrones: The Bear and the Maiden Fair","Game of Thrones: The Bear and the Maiden Fair",https://www.imdb.com/title/tt2178814,TV Episode,8.6,58,2013,"Fantasy, Drama",45063,"2013-05-12","Michelle MacLaren"
tt2178812,6,2026-05-28,"Game of Thrones: The Climb","Game of Thrones: The Climb",https://www.imdb.com/title/tt2178812,TV Episode,8.7,53,2013,"Fantasy, Drama",46550,"2013-05-05","Alik Sakharov"
tt2178788,6,2026-05-28,"Game of Thrones: Kissed by Fire","Game of Thrones: Kissed by Fire",https://www.imdb.com/title/tt2178788,TV Episode,8.9,57,2013,"Fantasy, Drama",48027,"2013-04-28","Alex Graves"
tt2178798,7,2026-05-28,"Game of Thrones: And Now His Watch Is Ended","Game of Thrones: And Now His Watch Is Ended",https://www.imdb.com/title/tt2178798,TV Episode,9.5,53,2013,"Fantasy, Drama",63155,"2013-04-21","Alex Graves"
tt2178802,7,2026-05-28,"Game of Thrones: Walk of Punishment","Game of Thrones: Walk of Punishment",https://www.imdb.com/title/tt2178802,TV Episode,8.7,56,2013,"Fantasy, Drama",45769,"2013-04-14","David Benioff,D.B. Weiss"
tt2178772,7,2026-05-26,"Game of Thrones: Dark Wings, Dark Words","Game of Thrones: Dark Wings, Dark Words",https://www.imdb.com/title/tt2178772,TV Episode,8.4,56,2013,"Fantasy, Drama",45196,"2013-04-07","Daniel Minahan"
tt2178782,7,2026-05-26,"Game of Thrones: Valar Dohaeris","Game of Thrones: Valar Dohaeris",https://www.imdb.com/title/tt2178782,TV Episode,8.6,55,2013,"Fantasy, Drama",48331,"2013-03-31","Daniel Minahan"
tt2112510,7,2026-05-26,"Game of Thrones: Valar Morghulis","Game of Thrones: Valar Morghulis",https://www.imdb.com/title/tt2112510,TV Episode,9.3,64,2012,"Fantasy, Drama",56646,"2012-06-03","Alan Taylor"
tt2084342,5,2026-05-26,"Game of Thrones: Blackwater","Game of Thrones: Blackwater",https://www.imdb.com/title/tt2084342,TV Episode,9.7,55,2012,"Fantasy, Drama",87099,"2012-05-27","Neil Marshall"
tt2085240,6,2026-05-26,"Game of Thrones: The Prince of Winterfell","Game of Thrones: The Prince of Winterfell",https://www.imdb.com/title/tt2085240,TV Episode,8.6,54,2012,"Fantasy, Drama",46028,"2012-05-20","Alan Taylor"
tt2069318,6,2026-05-26,"Game of Thrones: The Night Lands","Game of Thrones: The Night Lands",https://www.imdb.com/title/tt2069318,TV Episode,8.3,54,2012,"Fantasy, Drama",47872,"2012-04-08","Alan Taylor"
tt2074658,5,2026-05-26,"Game of Thrones: The Ghost of Harrenhal","Game of Thrones: The Ghost of Harrenhal",https://www.imdb.com/title/tt2074658,TV Episode,8.6,55,2012,"Fantasy, Drama",46460,"2012-04-29","David Petrarca"
tt1971833,7,2026-05-26,"Game of Thrones: The North Remembers","Game of Thrones: The North Remembers",https://www.imdb.com/title/tt1971833,TV Episode,8.6,53,2012,"Fantasy, Drama",50307,"2012-04-01","Alan Taylor"
tt2069319,5,2026-05-26,"Game of Thrones: Garden of Bones","Game of Thrones: Garden of Bones",https://www.imdb.com/title/tt2069319,TV Episode,8.6,51,2012,"Fantasy, Drama",46257,"2012-04-22","David Petrarca"
tt2085238,6,2026-05-26,"Game of Thrones: The Old Gods and the New","Game of Thrones: The Old Gods and the New",https://www.imdb.com/title/tt2085238,TV Episode,8.9,54,2012,"Fantasy, Drama",48355,"2012-05-06","David Nutter"
tt2070135,5,2026-05-26,"Game of Thrones: What Is Dead May Never Die","Game of Thrones: What Is Dead May Never Die",https://www.imdb.com/title/tt2070135,TV Episode,8.6,53,2012,"Fantasy, Drama",47298,"2012-04-15","Alik Sakharov"
tt2085239,6,2026-05-26,"Game of Thrones: A Man Without Honor","Game of Thrones: A Man Without Honor",https://www.imdb.com/title/tt2085239,TV Episode,8.8,56,2012,"Fantasy, Drama",46816,"2012-05-13","David Nutter"
tt1851397,8,2026-05-26,"Game of Thrones: Fire and Blood","Game of Thrones: Fire and Blood",https://www.imdb.com/title/tt1851397,TV Episode,9.4,53,2011,"Fantasy, Drama",67173,"2011-06-19","Alan Taylor"
tt1851398,7,2026-05-26,"Game of Thrones: Baelor","Game of Thrones: Baelor",https://www.imdb.com/title/tt1851398,TV Episode,9.6,57,2011,"Fantasy, Drama",79839,"2011-06-12","Alan Taylor"
tt1837864,6,2026-05-26,"Game of Thrones: The Pointy End","Game of Thrones: The Pointy End",https://www.imdb.com/title/tt1837864,TV Episode,8.9,59,2011,"Fantasy, Drama",54501,"2011-06-05","Daniel Minahan"
tt1837863,7,2026-05-26,"Game of Thrones: You Win or You Die","Game of Thrones: You Win or You Die",https://www.imdb.com/title/tt1837863,TV Episode,9.2,58,2011,"Fantasy, Drama",58382,"2011-05-29","Daniel Minahan"
tt1837862,5,2026-05-26,"Game of Thrones: A Golden Crown","Game of Thrones: A Golden Crown",https://www.imdb.com/title/tt1837862,TV Episode,9.1,53,2011,"Fantasy, Drama",57620,"2011-05-22","Daniel Minahan"
tt1829964,7,2026-05-26,"Game of Thrones: The Wolf and the Lion","Game of Thrones: The Wolf and the Lion",https://www.imdb.com/title/tt1829964,TV Episode,9.0,54,2011,"Fantasy, Drama",58619,"2011-05-15","Brian Kirk"
tt1829963,7,2026-05-26,"Game of Thrones: Cripples, Bastards, and Broken Things","Game of Thrones: Cripples, Bastards, and Broken Things",https://www.imdb.com/title/tt1829963,TV Episode,8.6,56,2011,"Fantasy, Drama",55699,"2011-05-08","Brian Kirk"
tt1829962,6,2026-05-26,"Game of Thrones: Lord Snow","Game of Thrones: Lord Snow",https://www.imdb.com/title/tt1829962,TV Episode,8.5,57,2011,"Fantasy, Drama",58365,"2011-05-01","Brian Kirk"
tt1668746,6,2026-05-26,"Game of Thrones: The Kingsroad","Game of Thrones: The Kingsroad",https://www.imdb.com/title/tt1668746,TV Episode,8.6,55,2011,"Fantasy, Drama",61581,"2011-04-24","Timothy Van Patten"
tt1480055,6,2026-05-26,"Game of Thrones: Winter Is Coming","Game of Thrones: Winter Is Coming",https://www.imdb.com/title/tt1480055,TV Episode,8.9,62,2011,"Fantasy, Drama",81086,"2011-04-17","Timothy Van Patten"
tt21914684,9,2026-05-26,"Stranger Things: Chapter Eight: The Rightside Up","Stranger Things: Chapter Eight: The Rightside Up",https://www.imdb.com/title/tt21914684,TV Episode,7.4,128,2025,"Drama, Horror, Thriller, Sci-Fi, Mystery, Fantasy",177589,"2025-12-31","Matt Duffer,Ross Duffer"
tt21912390,8,2026-05-26,"Stranger Things: Chapter Seven: The Bridge","Stranger Things: Chapter Seven: The Bridge",https://www.imdb.com/title/tt21912390,TV Episode,5.6,66,2025,"Drama, Horror, Thriller, Sci-Fi, Mystery, Fantasy",193477,"2025-12-25","Matt Duffer,Ross Duffer,Shawn Levy"
tt21912386,8,2026-05-26,"Stranger Things: Chapter Six: Escape from Camazotz","Stranger Things: Chapter Six: Escape from Camazotz",https://www.imdb.com/title/tt21912386,TV Episode,7.9,75,2025,"Drama, Horror, Thriller, Sci-Fi, Mystery, Fantasy",93983,"2025-12-25","Shawn Levy"
tt21912384,7,2026-05-26,"Stranger Things: Chapter Five: Shock Jock","Stranger Things: Chapter Five: Shock Jock",https://www.imdb.com/title/tt21912384,TV Episode,7.8,68,2025,"Drama, Horror, Thriller, Sci-Fi, Mystery, Fantasy",88718,"2025-12-25","Frank Darabont"
tt21914648,7,2026-05-26,"Stranger Things: Chapter Four: Sorcerer","Stranger Things: Chapter Four: Sorcerer",https://www.imdb.com/title/tt21914648,TV Episode,9.3,86,2025,"Drama, Horror, Thriller, Sci-Fi, Mystery, Fantasy",124997,"2025-11-26","Matt Duffer,Ross Duffer"
tt21912360,7,2026-05-26,"Stranger Things: Chapter Three: The Turnbow Trap","Stranger Things: Chapter Three: The Turnbow Trap",https://www.imdb.com/title/tt21912360,TV Episode,8.4,69,2025,"Drama, Horror, Thriller, Sci-Fi, Mystery, Fantasy",81242,"2025-11-26","Frank Darabont"
tt21914626,7,2026-05-26,"Stranger Things: Chapter Two: The Vanishing of Holly Wheeler","Stranger Things: Chapter Two: The Vanishing of Holly Wheeler",https://www.imdb.com/title/tt21914626,TV Episode,8.3,57,2025,"Drama, Horror, Thriller, Sci-Fi, Mystery, Fantasy",80938,"2025-11-26","Matt Duffer,Ross Duffer"
tt18268644,8,2026-05-26,"Stranger Things: Chapter One: The Crawl","Stranger Things: Chapter One: The Crawl",https://www.imdb.com/title/tt18268644,TV Episode,7.8,71,2025,"Drama, Horror, Thriller, Sci-Fi, Mystery, Fantasy",83817,"2025-11-26","Matt Duffer,Ross Duffer"
tt7923710,8,2026-05-26,"My Mister","Naui ajusshi",https://www.imdb.com/title/tt7923710,TV Series,9.0,70,2018,"Drama",16105,"2020-11-03",
tt8311392,9,2026-05-26,"My Mister: Ji An","Naui ajusshi: Ji An",https://www.imdb.com/title/tt8311392,TV Episode,9.1,91,2018,"Drama",415,"2018-05-17",
tt8311388,8,2026-05-26,"My Mister: I'm Sorry","Naui ajusshi: I'm Sorry",https://www.imdb.com/title/tt8311388,TV Episode,8.9,79,2018,"Drama",373,"2018-05-16",
tt8311390,9,2026-05-26,"My Mister: Would You Be Happy to See Me?","Naui ajusshi: Would You Be Happy to See Me?",https://www.imdb.com/title/tt8311390,TV Episode,9.1,79,2018,"Drama",441,"2018-05-10",
tt8311386,8,2026-05-26,"My Mister: Can I Hug You?","Naui ajusshi: Can I Hug You?",https://www.imdb.com/title/tt8311386,TV Episode,9.0,80,2018,"Drama",364,"2018-05-09",
tt8311384,8,2026-05-26,"My Mister: I Wanted You to be Happy","Naui ajusshi: I Wanted You to be Happy",https://www.imdb.com/title/tt8311384,TV Episode,9.0,80,2018,"Drama",364,"2018-04-26",
tt8311382,8,2026-05-26,"My Mister: Out of All, Why?","Naui ajusshi: Out of All, Why?",https://www.imdb.com/title/tt8311382,TV Episode,8.9,78,2018,"Drama",361,"2018-04-25",
tt8311380,8,2026-05-26,"My Mister: The Slippers","Naui ajusshi: The Slippers",https://www.imdb.com/title/tt8311380,TV Episode,8.8,77,2018,"Drama",373,"2018-04-19",
tt8311378,8,2026-05-26,"My Mister: The Envelope","Naui ajusshi: The Envelope",https://www.imdb.com/title/tt8311378,TV Episode,9.1,77,2018,"Drama",419,"2018-04-18",
tt8220180,8,2026-05-26,"My Mister: 30,000 Years Old","Naui ajusshi: 30,000 Years Old",https://www.imdb.com/title/tt8220180,TV Episode,8.6,79,2018,"Drama",357,"2018-04-12",
tt8220176,8,2026-05-26,"My Mister: Camping Site","Naui ajusshi: Camping Site",https://www.imdb.com/title/tt8220176,TV Episode,8.7,78,2018,"Drama",365,"2018-04-11",
tt8220174,8,2026-05-26,"My Mister: Betrayal","Naui ajusshi: Betrayal",https://www.imdb.com/title/tt8220174,TV Episode,8.6,75,2018,"Drama",357,"2018-04-05",
tt8220172,8,2026-05-26,"My Mister: The Pay Phone","Naui ajusshi: The Pay Phone",https://www.imdb.com/title/tt8220172,TV Episode,8.6,77,2018,"Drama",362,"2018-04-04",
tt8220170,8,2026-05-26,"My Mister: A Diligent Lifer","Naui ajusshi: A Diligent Lifer",https://www.imdb.com/title/tt8220170,TV Episode,8.6,78,2018,"Drama",378,"2018-03-29",
tt8220168,8,2026-05-26,"My Mister: Will You Hate Me, Please?","Naui ajusshi: Will You Hate Me, Please?",https://www.imdb.com/title/tt8220168,TV Episode,8.1,76,2018,"Drama",370,"2018-03-28",
tt8220166,6,2026-05-26,"My Mister: Survive","Naui ajusshi: Survive",https://www.imdb.com/title/tt8220166,TV Episode,8.2,72,2018,"Drama",394,"2018-03-22",
tt8216026,6,2026-05-26,"My Mister: 50,000 Dollar Trap","Naui ajusshi: 50,000 Dollar Trap",https://www.imdb.com/title/tt8216026,TV Episode,7.9,87,2018,"Drama",431,"2020-11-03",
tt39463283,8,2026-05-26,"Jujutsu Kaisen: Tokyo No. 1 Colony, Part 1","Jujutsu Kaisen: Tokyo No. 1 Colony, Part 1",https://www.imdb.com/title/tt39463283,TV Episode,8.1,24,2026,"Animation, Action, Adventure, Fantasy, Thriller",11372,"2026-02-12","Shouta Goshozono,Takeru Satoh"
tt39463286,8,2026-05-26,"Jujutsu Kaisen: Tokyo No. 1 Colony, Part 3","Jujutsu Kaisen: Tokyo No. 1 Colony, Part 3",https://www.imdb.com/title/tt39463286,TV Episode,9.6,24,2026,"Animation, Action, Adventure, Fantasy, Thriller",18598,"2026-03-05","Shouta Goshozono,Teppei Okuda"
tt40339350,7,2026-05-26,"Jujutsu Kaisen: Sendai Colony","Jujutsu Kaisen: Sendai Colony",https://www.imdb.com/title/tt40339350,TV Episode,9.8,27,2026,"Animation, Action, Adventure, Fantasy, Thriller",46093,"2026-03-26","Shouta Goshozono,Ryota Aikei,Shin'ya Iino,Hiroshi Kobayashi,Takeru Satoh,Takumi Sunakohara,Yôsuke Takada,Hiroaki Yamamoto"
tt40235399,7,2026-05-26,"Jujutsu Kaisen: Tokyo Colony No. 1, Part 5","Jujutsu Kaisen: Tokyo Colony No. 1, Part 5",https://www.imdb.com/title/tt40235399,TV Episode,9.0,24,2026,"Animation, Action, Adventure, Fantasy, Thriller",12530,"2026-03-19","Shouta Goshozono,Risa Suzuki"
tt40108112,7,2026-05-26,"Jujutsu Kaisen: Tokyo No. 1 Colony, Part 4","Jujutsu Kaisen: Tokyo No. 1 Colony, Part 4",https://www.imdb.com/title/tt40108112,TV Episode,8.9,24,2026,"Animation, Action, Adventure, Fantasy, Thriller",12809,"2026-03-12","Takumi Ichikawa,Shouta Goshozono"
tt39463284,8,2026-05-26,"Jujutsu Kaisen: Tokyo No. 1 Colony, Part 2","Jujutsu Kaisen: Tokyo No. 1 Colony, Part 2",https://www.imdb.com/title/tt39463284,TV Episode,9.0,24,2026,"Animation, Action, Adventure, Fantasy, Thriller",15170,"2026-02-26","Shouta Goshozono,Yôsuke Takada"
tt39463279,7,2026-05-26,"Jujutsu Kaisen: Cog","Jujutsu Kaisen: Cog",https://www.imdb.com/title/tt39463279,TV Episode,8.2,24,2026,"Animation, Action, Adventure, Fantasy, Thriller",12552,"2026-02-05","Shouta Goshozono,Seimei Kidokoro"
tt39382967,7,2026-05-26,"Jujutsu Kaisen: Fever","Jujutsu Kaisen: Fever",https://www.imdb.com/title/tt39382967,TV Episode,8.3,24,2026,"Animation, Action, Adventure, Fantasy, Thriller",14349,"2026-01-29","Shouta Goshozono,Masaomi Andô"
tt39362904,9,2026-05-26,"Jujutsu Kaisen: About the Culling Game","Jujutsu Kaisen: About the Culling Game",https://www.imdb.com/title/tt39362904,TV Episode,7.7,24,2026,"Animation, Action, Adventure, Fantasy, Thriller",18730,"2026-01-15","Shouta Goshozono,Takumi Ichikawa"
tt39370459,9,2026-05-26,"Jujutsu Kaisen: Perfect Preparation","Jujutsu Kaisen: Perfect Preparation",https://www.imdb.com/title/tt39370459,TV Episode,9.7,28,2026,"Animation, Action, Adventure, Fantasy, Thriller",39129,"2026-01-22","Shouta Goshozono,Yûsuke Sunouchi,Risa Suzuki"
tt39318181,9,2026-05-26,"Jujutsu Kaisen: One More Time","Jujutsu Kaisen: One More Time",https://www.imdb.com/title/tt39318181,TV Episode,8.8,24,2026,"Animation, Action, Adventure, Fantasy, Thriller",16634,"2026-01-08","Shouta Goshozono,Yôsuke Takada"
tt30742041,9,2026-05-26,"Jujutsu Kaisen: Execution","Jujutsu Kaisen: Execution",https://www.imdb.com/title/tt30742041,TV Episode,9.2,24,2026,"Animation, Action, Adventure, Fantasy, Thriller",19187,"2026-01-08","Shouta Goshozono,Yôsuke Takada"
tt29626915,9,2026-05-26,"Jujutsu Kaisen: Shibuya Incident - Gate, Close","Jujutsu Kaisen: Shibuya Incident - Gate, Close",https://www.imdb.com/title/tt29626915,TV Episode,8.6,24,2023,"Animation, Action, Adventure, Fantasy, Thriller",9790,"2023-12-28","Shouta Goshozono"
tt29626914,9,2026-05-26,"Jujutsu Kaisen: Metamorphosis - Part 2","Jujutsu Kaisen: Metamorphosis - Part 2",https://www.imdb.com/title/tt29626914,TV Episode,9.2,24,2023,"Animation, Action, Adventure, Fantasy, Thriller",11049,"2023-12-22","Shouta Goshozono"
tt29626913,9,2026-05-26,"Jujutsu Kaisen: Metamorphosis","Jujutsu Kaisen: Metamorphosis",https://www.imdb.com/title/tt29626913,TV Episode,9.6,24,2023,"Animation, Action, Adventure, Fantasy, Thriller",17338,"2023-12-14","Shouta Goshozono"
tt29626909,9,2026-05-26,"Jujutsu Kaisen: Right and Wrong - Part 3","Jujutsu Kaisen: Right and Wrong - Part 3",https://www.imdb.com/title/tt29626909,TV Episode,9.6,24,2023,"Animation, Action, Adventure, Fantasy, Thriller",14964,"2023-12-07","Yûji Tokuno,Shouta Goshozono"
tt29626907,9,2026-05-26,"Jujutsu Kaisen: Right and Wrong - Part 2","Jujutsu Kaisen: Right and Wrong - Part 2",https://www.imdb.com/title/tt29626907,TV Episode,9.1,24,2023,"Animation, Action, Adventure, Fantasy, Thriller",11652,"2023-11-30","Shouta Goshozono"
tt29626906,9,2026-05-26,"Jujutsu Kaisen: Right and Wrong","Jujutsu Kaisen: Right and Wrong",https://www.imdb.com/title/tt29626906,TV Episode,9.2,24,2023,"Animation, Action, Adventure, Fantasy, Thriller",12484,"2023-11-23","Yôsuke Takada,Shouta Goshozono"
tt29621867,9,2026-05-26,"Jujutsu Kaisen: Thunderclap - Part 2","Jujutsu Kaisen: Thunderclap - Part 2",https://www.imdb.com/title/tt29621867,TV Episode,9.7,25,2023,"Animation, Action, Adventure, Fantasy, Thriller",25460,"2023-11-16","Hakuyu Go,Yamazaki Harumi,Itsuki Tsuchigami,Shouta Goshozono"
tt29621863,9,2026-05-26,"Jujutsu Kaisen: Thunderclap","Jujutsu Kaisen: Thunderclap",https://www.imdb.com/title/tt29621863,TV Episode,9.7,24,2023,"Animation, Action, Adventure, Fantasy, Thriller",26592,"2023-11-09","Itsuki Tsuchigami,Shouta Goshozono"
tt29609729,9,2026-05-26,"Jujutsu Kaisen: Fluctuations - Part 2","Jujutsu Kaisen: Fluctuations - Part 2",https://www.imdb.com/title/tt29609729,TV Episode,9.6,24,2023,"Animation, Action, Adventure, Fantasy, Thriller",17103,"2023-11-02","Shouta Goshozono"
tt29549611,9,2026-05-26,"Jujutsu Kaisen: Fluctuations","Jujutsu Kaisen: Fluctuations",https://www.imdb.com/title/tt29549611,TV Episode,8.7,24,2023,"Animation, Action, Adventure, Fantasy, Thriller",10746,"2023-10-26","Hokuto Sadamoto,Shouta Goshozono"
tt29506350,9,2026-05-26,"Jujutsu Kaisen: Red Scale","Jujutsu Kaisen: Red Scale",https://www.imdb.com/title/tt29506350,TV Episode,9.5,24,2023,"Animation, Action, Adventure, Fantasy, Thriller",16130,"2023-10-19","Shouta Goshozono"
tt29421073,9,2026-05-26,"Jujutsu Kaisen: Dull Knife","Jujutsu Kaisen: Dull Knife",https://www.imdb.com/title/tt29421073,TV Episode,9.0,24,2023,"Animation, Action, Adventure, Fantasy, Thriller",11579,"2023-10-12","Shouta Goshozono"
tt28818926,9,2026-05-26,"Jujutsu Kaisen: Seance","Jujutsu Kaisen: Seance",https://www.imdb.com/title/tt28818926,TV Episode,8.5,24,2023,"Animation, Action, Adventure, Fantasy, Thriller",9955,"2023-10-05","Shouta Goshozono"
tt28515478,9,2026-05-26,"Jujutsu Kaisen: Pandemonium","Jujutsu Kaisen: Pandemonium",https://www.imdb.com/title/tt28515478,TV Episode,8.2,24,2023,"Animation, Action, Adventure, Fantasy, Thriller",9675,"2023-09-28","Shouta Goshozono"
tt28515477,9,2026-05-26,"Jujutsu Kaisen: Shibuya Incident - Gate, Open","Jujutsu Kaisen: Shibuya Incident - Gate, Open",https://www.imdb.com/title/tt28515477,TV Episode,9.6,24,2023,"Animation, Action, Adventure, Fantasy, Thriller",20710,"2023-09-21","Shouta Goshozono"
tt28515476,9,2026-05-26,"Jujutsu Kaisen: The Shibuya Incident","Jujutsu Kaisen: The Shibuya Incident",https://www.imdb.com/title/tt28515476,TV Episode,7.9,24,2023,"Animation, Action, Adventure, Fantasy, Thriller",9852,"2023-09-15","Hiroyuki Kitakubo,Shouta Goshozono"
tt28515475,7,2026-05-26,"Jujutsu Kaisen: Evening Festival","Jujutsu Kaisen: Evening Festival",https://www.imdb.com/title/tt28515475,TV Episode,8.6,24,2023,"Animation, Action, Adventure, Fantasy, Thriller",10702,"2023-09-07","Shouta Goshozono"
tt28372283,6,2026-05-26,"Jujutsu Kaisen: It's Like That","Jujutsu Kaisen: It's Like That",https://www.imdb.com/title/tt28372283,TV Episode,7.9,24,2023,"Animation, Action, Adventure, Fantasy, Thriller",9920,"2023-08-31","Shouta Goshozono"
tt28372281,6,2026-05-26,"Jujutsu Kaisen: Premature Death","Jujutsu Kaisen: Premature Death",https://www.imdb.com/title/tt28372281,TV Episode,9.1,24,2023,"Animation, Action, Adventure, Fantasy, Thriller",12803,"2023-08-03","Shouta Goshozono"
tt28372238,6,2026-05-26,"Jujutsu Kaisen: Hidden Inventory: Part 4","Jujutsu Kaisen: Hidden Inventory: Part 4",https://www.imdb.com/title/tt28372238,TV Episode,9.6,24,2023,"Animation, Action, Adventure, Fantasy, Thriller",19938,"2023-07-27","Shouta Goshozono"
tt28362335,6,2026-05-26,"Jujutsu Kaisen: Hidden Inventory: Part 3","Jujutsu Kaisen: Hidden Inventory: Part 3",https://www.imdb.com/title/tt28362335,TV Episode,9.6,24,2023,"Animation, Action, Adventure, Fantasy, Thriller",18497,"2023-07-20","Shouta Goshozono"
tt28351187,6,2026-05-26,"Jujutsu Kaisen: Hidden Inventory: Part 2","Jujutsu Kaisen: Hidden Inventory: Part 2",https://www.imdb.com/title/tt28351187,TV Episode,8.2,24,2023,"Animation, Action, Adventure, Fantasy, Thriller",10849,"2023-07-13","Yôsuke Takada,Shouta Goshozono"
tt21361588,6,2026-05-26,"Jujutsu Kaisen: Hidden Inventory","Jujutsu Kaisen: Hidden Inventory",https://www.imdb.com/title/tt21361588,TV Episode,8.0,24,2023,"Animation, Action, Adventure, Fantasy, Thriller",11416,"2023-07-06","Shouta Goshozono"
tt14217976,8,2026-05-26,"Jujutsu Kaisen: Accomplices","Jujutsu Kaisen: Accomplices",https://www.imdb.com/title/tt14217976,TV Episode,9.2,24,2021,"Animation, Action, Adventure, Fantasy, Thriller",12114,"2021-03-27","Sunghoo Park"
tt14191372,8,2026-05-26,"Jujutsu Kaisen: The Origin of Blind Obedience - 2 -","Jujutsu Kaisen: The Origin of Blind Obedience - 2 -",https://www.imdb.com/title/tt14191372,TV Episode,8.9,24,2021,"Animation, Action, Adventure, Fantasy, Thriller",10576,"2021-03-20","Sunghoo Park"
tt14180466,8,2026-05-26,"Jujutsu Kaisen: The Origin of Blind Obedience","Jujutsu Kaisen: The Origin of Blind Obedience",https://www.imdb.com/title/tt14180466,TV Episode,7.6,24,2021,"Animation, Action, Adventure, Fantasy, Thriller",8591,"2021-03-12","Sunghoo Park"
tt14173780,8,2026-05-26,"Jujutsu Kaisen: Jujutsu Koshien","Jujutsu Kaisen: Jujutsu Koshien",https://www.imdb.com/title/tt14173780,TV Episode,7.3,24,2021,"Animation, Action, Adventure, Fantasy, Thriller",8883,"2021-03-05","Sunghoo Park"
tt14134754,8,2026-05-26,"Jujutsu Kaisen: Nonstandard","Jujutsu Kaisen: Nonstandard",https://www.imdb.com/title/tt14134754,TV Episode,9.5,24,2021,"Animation, Action, Adventure, Fantasy, Thriller",17525,"2021-02-26","Sunghoo Park"
tt14030806,8,2026-05-26,"Jujutsu Kaisen: Black Flash","Jujutsu Kaisen: Black Flash",https://www.imdb.com/title/tt14030806,TV Episode,9.3,24,2021,"Animation, Action, Adventure, Fantasy, Thriller",13472,"2021-02-19","Ryû Nakayama,Sunghoo Park"
tt14030804,8,2026-05-26,"Jujutsu Kaisen: Sage","Jujutsu Kaisen: Sage",https://www.imdb.com/title/tt14030804,TV Episode,8.7,24,2021,"Animation, Action, Adventure, Fantasy, Thriller",9818,"2021-02-12","Sunghoo Park"
tt14023258,8,2026-05-26,"Jujutsu Kaisen: Kyoto Sister School Exchange Event: Group Battle 3","Jujutsu Kaisen: Kyoto Sister School Exchange Event: Group Battle 3",https://www.imdb.com/title/tt14023258,TV Episode,8.5,24,2021,"Animation, Action, Adventure, Fantasy, Thriller",9423,"2021-02-05","Sunghoo Park"
tt13944548,8,2026-05-26,"Jujutsu Kaisen: Kyoto Sister School Exchange Event: Group Battle 2","Jujutsu Kaisen: Kyoto Sister School Exchange Event: Group Battle 2",https://www.imdb.com/title/tt13944548,TV Episode,8.3,24,2021,"Animation, Action, Adventure, Fantasy, Thriller",9105,"2021-01-30","Sunghoo Park"
tt13873752,8,2026-05-26,"Jujutsu Kaisen: Kyoto Sister School Exchange Event: Group Battle 1","Jujutsu Kaisen: Kyoto Sister School Exchange Event: Group Battle 1",https://www.imdb.com/title/tt13873752,TV Episode,7.9,24,2021,"Animation, Action, Adventure, Fantasy, Thriller",8889,"2021-01-23","Sunghoo Park"
tt13847654,8,2026-05-26,"Jujutsu Kaisen: Kyoto Sister School Exchange Event: Group Battle 0","Jujutsu Kaisen: Kyoto Sister School Exchange Event: Group Battle 0",https://www.imdb.com/title/tt13847654,TV Episode,7.5,24,2021,"Animation, Action, Adventure, Fantasy, Thriller",8891,"2021-01-16","Sunghoo Park"
tt13707046,8,2026-05-26,"Jujutsu Kaisen: Tomorrow","Jujutsu Kaisen: Tomorrow",https://www.imdb.com/title/tt13707046,TV Episode,9.2,24,2020,"Animation, Action, Adventure, Fantasy, Thriller",11355,"2020-12-26","Sunghoo Park"
tt13625562,8,2026-05-26,"Jujutsu Kaisen: To You, Someday","Jujutsu Kaisen: To You, Someday",https://www.imdb.com/title/tt13625562,TV Episode,9.3,24,2020,"Animation, Action, Adventure, Fantasy, Thriller",12919,"2020-12-19","Sunghoo Park"
tt13594214,8,2026-05-26,"Jujutsu Kaisen: Narrow-minded","Jujutsu Kaisen: Narrow-minded",https://www.imdb.com/title/tt13594214,TV Episode,8.3,24,2020,"Animation, Action, Adventure, Fantasy, Thriller",9165,"2020-12-12","Sunghoo Park"
tt13587028,8,2026-05-26,"Jujutsu Kaisen: Idle Transfiguration","Jujutsu Kaisen: Idle Transfiguration",https://www.imdb.com/title/tt13587028,TV Episode,8.1,24,2020,"Animation, Action, Adventure, Fantasy, Thriller",9103,"2020-12-05","Sunghoo Park,Ken Takahashi"
tt13375944,8,2026-05-26,"Jujutsu Kaisen: Small Fry and Reverse Retribution","Jujutsu Kaisen: Small Fry and Reverse Retribution",https://www.imdb.com/title/tt13375944,TV Episode,7.8,24,2020,"Animation, Action, Adventure, Fantasy, Thriller",9179,"2020-11-28","Sunghoo Park,Ryôhei Takeshita"
tt13375942,8,2026-05-26,"Jujutsu Kaisen: Boredom","Jujutsu Kaisen: Boredom",https://www.imdb.com/title/tt13375942,TV Episode,7.4,24,2020,"Animation, Action, Adventure, Fantasy, Thriller",9457,"2020-11-21","Sunghoo Park,Shouta Goshozono"
tt13375940,8,2026-05-26,"Jujutsu Kaisen: Assault","Jujutsu Kaisen: Assault",https://www.imdb.com/title/tt13375940,TV Episode,9.2,24,2020,"Animation, Action, Adventure, Fantasy, Thriller",12868,"2020-11-14","Sunghoo Park"
tt13361162,8,2026-05-26,"Jujutsu Kaisen: After Rain","Jujutsu Kaisen: After Rain",https://www.imdb.com/title/tt13361162,TV Episode,8.0,24,2020,"Animation, Action, Adventure, Fantasy, Thriller",9615,"2020-11-07","Sunghoo Park,Eri Nagata"
tt13352292,8,2026-05-26,"Jujutsu Kaisen: Curse Womb Must Die -II-","Jujutsu Kaisen: Curse Womb Must Die -II-",https://www.imdb.com/title/tt13352292,TV Episode,8.2,24,2020,"Animation, Action, Adventure, Fantasy, Thriller",9940,"2020-10-31","Sunghoo Park,Yôsuke Takada"
tt13220452,8,2026-05-26,"Jujutsu Kaisen: Curse Womb Must Die","Jujutsu Kaisen: Curse Womb Must Die",https://www.imdb.com/title/tt13220452,TV Episode,8.7,24,2020,"Animation, Action, Adventure, Fantasy, Thriller",11106,"2020-10-23","Sunghoo Park,Hideaki Abe"
tt13220444,8,2026-05-26,"Jujutsu Kaisen: Girl of Steel","Jujutsu Kaisen: Girl of Steel",https://www.imdb.com/title/tt13220444,TV Episode,7.5,24,2020,"Animation, Action, Adventure, Fantasy, Thriller",10113,"2020-10-17","Kakushi Ifuku,Sunghoo Park"
tt13220442,8,2026-05-26,"Jujutsu Kaisen: For Myself","Jujutsu Kaisen: For Myself",https://www.imdb.com/title/tt13220442,TV Episode,7.8,24,2020,"Animation, Action, Adventure, Fantasy, Thriller",10686,"2020-10-10","Sunghoo Park,Ryôhei Takeshita"
tt12967596,8,2026-05-26,"Jujutsu Kaisen: Ryomen Sukuna","Jujutsu Kaisen: Ryomen Sukuna",https://www.imdb.com/title/tt12967596,TV Episode,8.0,24,2020,"Animation, Action, Adventure, Fantasy, Thriller",11827,"2020-10-02","Sunghoo Park,Yui Umemoto"
tt12637874,7,2026-05-26,"Fallout","Fallout",https://www.imdb.com/title/tt12637874,TV Series,8.3,60,2024,"Action, Adventure, Drama, Sci-Fi",401437,"2024-04-10",
tt36758869,7,2026-05-26,"Fallout: The Wrangler","Fallout: The Wrangler",https://www.imdb.com/title/tt36758869,TV Episode,8.6,57,2026,"Action, Adventure, Drama, Sci-Fi",13924,"2026-01-14","Liz Friedlander"
tt26256738,8,2026-05-26,"Fallout: The Beginning","Fallout: The Beginning",https://www.imdb.com/title/tt26256738,TV Episode,8.9,62,2024,"Action, Adventure, Drama, Sci-Fi",23720,"2024-04-10","Wayne Che Yip"
tt26256732,6,2026-05-26,"Fallout: The Radio","Fallout: The Radio",https://www.imdb.com/title/tt26256732,TV Episode,8.3,61,2024,"Action, Adventure, Drama, Sci-Fi",16878,"2024-04-10","Clare Kilner,Frederick E.O. Toye"
tt26256724,7,2026-05-26,"Fallout: The Trap","Fallout: The Trap",https://www.imdb.com/title/tt26256724,TV Episode,8.3,60,2024,"Action, Adventure, Drama, Sci-Fi",17135,"2024-04-10","Frederick E.O. Toye"
tt26256720,6,2026-05-26,"Fallout: The Past","Fallout: The Past",https://www.imdb.com/title/tt26256720,TV Episode,8.0,45,2024,"Action, Adventure, Drama, Sci-Fi",17087,"2024-04-10","Clare Kilner"
tt21932924,6,2026-05-26,"Fallout: The Ghouls","Fallout: The Ghouls",https://www.imdb.com/title/tt21932924,TV Episode,8.4,49,2024,"Action, Adventure, Drama, Sci-Fi",18121,"2024-04-10","Daniel Gray Longino"
tt21932916,7,2026-05-26,"Fallout: The Head","Fallout: The Head",https://www.imdb.com/title/tt21932916,TV Episode,7.9,57,2024,"Action, Adventure, Drama, Sci-Fi",18311,"2024-04-10","Jonathan Nolan"
tt21932906,7,2026-05-26,"Fallout: The Target","Fallout: The Target",https://www.imdb.com/title/tt21932906,TV Episode,8.1,65,2024,"Action, Adventure, Drama, Sci-Fi",19620,"2024-04-10","Jonathan Nolan"
tt16957590,8,2026-05-26,"Fallout: The End","Fallout: The End",https://www.imdb.com/title/tt16957590,TV Episode,8.2,74,2024,"Action, Adventure, Drama, Sci-Fi",23064,"2024-04-10","Jonathan Nolan"
tt1475582,7,2026-05-26,"Sherlock","Sherlock",https://www.imdb.com/title/tt1475582,TV Series,9.0,90,2010,"Crime, Mystery, Drama, Thriller",1097496,"2010-10-24",
tt1665071,7,2026-05-26,"Sherlock: A Study in Pink","Sherlock: A Study in Pink",https://www.imdb.com/title/tt1665071,TV Episode,8.9,88,2010,"Crime, Mystery, Drama, Thriller",36930,"2010-10-24","Paul McGuigan"
tt2781046,7,2026-05-26,"Sherlock: His Last Vow","Sherlock: His Last Vow",https://www.imdb.com/title/tt2781046,TV Episode,9.2,89,2014,"Crime, Mystery, Drama, Thriller",34042,"2014-02-02","Nick Hurran"
tt2781042,5,2026-05-26,"Sherlock: The Sign of Three","Sherlock: The Sign of Three",https://www.imdb.com/title/tt2781042,TV Episode,8.9,86,2014,"Crime, Mystery, Drama, Thriller",31223,"2014-01-26","Colm McCarthy"
tt3845892,7,2026-05-26,"Sherlock: The Final Problem","Sherlock: The Final Problem",https://www.imdb.com/title/tt3845892,TV Episode,8.2,89,2017,"Crime, Mystery, Drama, Thriller",31618,"2017-01-15","Benjamin Caron"
tt3845888,6,2026-05-26,"Sherlock: The Lying Detective","Sherlock: The Lying Detective",https://www.imdb.com/title/tt3845888,TV Episode,9.1,89,2017,"Crime, Mystery, Drama, Thriller",31092,"2017-01-08","Nick Hurran"
tt3538760,5,2026-05-26,"Sherlock: The Six Thatchers","Sherlock: The Six Thatchers",https://www.imdb.com/title/tt3538760,TV Episode,7.6,88,2017,"Crime, Mystery, Drama, Thriller",27934,"2017-01-01","Rachel Talalay"
tt2189771,5,2026-05-26,"Sherlock: The Empty Hearse","Sherlock: The Empty Hearse",https://www.imdb.com/title/tt2189771,TV Episode,8.8,88,2014,"Crime, Mystery, Drama, Thriller",34052,"2014-01-19","Jeremy Lovering"
tt1942614,7,2026-05-26,"Sherlock: The Reichenbach Fall","Sherlock: The Reichenbach Fall",https://www.imdb.com/title/tt1942614,TV Episode,9.6,88,2012,"Crime, Mystery, Drama, Thriller",44140,"2012-05-20","Toby Haynes"
tt1942612,7,2026-05-26,"Sherlock: A Scandal in Belgravia","Sherlock: A Scandal in Belgravia",https://www.imdb.com/title/tt1942612,TV Episode,9.4,89,2012,"Crime, Mystery, Drama, Thriller",46803,"2012-05-06","Paul McGuigan"
tt1942613,5,2026-05-26,"Sherlock: The Hounds of Baskerville","Sherlock: The Hounds of Baskerville",https://www.imdb.com/title/tt1942613,TV Episode,8.3,88,2012,"Crime, Mystery, Drama, Thriller",30362,"2012-05-13","Paul McGuigan"
tt1664530,6,2026-05-26,"Sherlock: The Great Game","Sherlock: The Great Game",https://www.imdb.com/title/tt1664530,TV Episode,9.0,89,2010,"Crime, Mystery, Drama, Thriller",32414,"2010-11-07","Paul McGuigan"
tt1664529,6,2026-05-26,"Sherlock: The Blind Banker","Sherlock: The Blind Banker",https://www.imdb.com/title/tt1664529,TV Episode,7.9,89,2010,"Crime, Mystery, Drama, Thriller",31919,"2010-10-31","Euros Lyn"
tt1815240,7,2026-05-26,"Sherlock: Unaired Pilot","Sherlock: Unaired Pilot",https://www.imdb.com/title/tt1815240,TV Episode,8.7,55,2010,"Crime, Mystery, Drama, Thriller",13599,"2011-06-05","Coky Giedroyc"
tt10466872,7,2026-05-26,"Dune: Prophecy","Dune: Prophecy",https://www.imdb.com/title/tt10466872,TV Series,7.3,60,2024,"Action, Adventure, Sci-Fi, Drama",69957,"2024-11-17",
tt29580989,7,2026-05-26,"Dune: Prophecy: The High-Handed Enemy","Dune: Prophecy: The High-Handed Enemy",https://www.imdb.com/title/tt29580989,TV Episode,8.1,81,2024,"Action, Adventure, Sci-Fi, Drama",5063,"2024-12-22","Anna Foerster"
tt29580967,7,2026-05-26,"Dune: Prophecy: In Blood, Truth","Dune: Prophecy: In Blood, Truth",https://www.imdb.com/title/tt29580967,TV Episode,7.6,57,2024,"Action, Adventure, Sci-Fi, Drama",4222,"2024-12-15","Anna Foerster"
tt29890526,7,2026-05-26,"Dune: Prophecy: Twice Born","Dune: Prophecy: Twice Born",https://www.imdb.com/title/tt29890526,TV Episode,7.7,63,2024,"Action, Adventure, Sci-Fi, Drama",4745,"2024-12-08","Richard J. Lewis"
tt29313610,8,2026-05-26,"Dune: Prophecy: Sisterhood Above All","Dune: Prophecy: Sisterhood Above All",https://www.imdb.com/title/tt29313610,TV Episode,7.4,62,2024,"Action, Adventure, Sci-Fi, Drama",5361,"2024-12-01","Richard J. Lewis"
tt10467954,8,2026-05-26,"Dune: Prophecy: The Hidden Hand","Dune: Prophecy: The Hidden Hand",https://www.imdb.com/title/tt10467954,TV Episode,7.5,66,2024,"Action, Adventure, Sci-Fi, Drama",8113,"2024-11-17","Anna Foerster"
tt29600804,8,2026-05-26,"Dune: Prophecy: Two Wolves","Dune: Prophecy: Two Wolves",https://www.imdb.com/title/tt29600804,TV Episode,7.7,62,2024,"Action, Adventure, Sci-Fi, Drama",6350,"2024-11-24","John Cameron"
tt10233448,7,2026-05-26,"Vinland Saga","Vinland Saga",https://www.imdb.com/title/tt10233448,TV Series,8.9,24,2019,"Animation, Action, Adventure, History, Drama",148240,"2019-07-06",
tt27589545,9,2026-05-26,"Vinland Saga: Hometown","Vinland Saga: Hometown",https://www.imdb.com/title/tt27589545,TV Episode,9.3,26,2023,"Animation, Action, Adventure, History, Drama",8346,"2023-06-19","Kento Matsui,Shûhei Yabuta"
tt27589543,9,2026-05-26,"Vinland Saga: Two Paths","Vinland Saga: Two Paths",https://www.imdb.com/title/tt27589543,TV Episode,9.7,26,2023,"Animation, Action, Adventure, History, Drama",14230,"2023-06-12","Iho Ishikawa,Shûhei Yabuta"
tt27589539,8,2026-05-26,"Vinland Saga: Hangyaku no Teio","Vinland Saga: Hangyaku no Teio",https://www.imdb.com/title/tt27589539,TV Episode,9.7,26,2023,"Animation, Action, Adventure, History, Drama",15275,"2023-06-05","Yoji Sato,Shûhei Yabuta"
tt27499647,7,2026-05-26,"Vinland Saga: Courage","Vinland Saga: Courage",https://www.imdb.com/title/tt27499647,TV Episode,8.9,26,2023,"Animation, Action, Adventure, History, Drama",6361,"2023-05-30","Tomoko Hiramuki,Tarô Kubo,Shûhei Yabuta"
tt27488513,7,2026-05-26,"Vinland Saga: Pain","Vinland Saga: Pain",https://www.imdb.com/title/tt27488513,TV Episode,9.6,26,2023,"Animation, Action, Adventure, History, Drama",10588,"2023-05-22","Kôki Aoshima,Shûhei Yabuta"
tt27405586,7,2026-05-26,"Vinland Saga: War at Ketil's Farm","Vinland Saga: War at Ketil's Farm",https://www.imdb.com/title/tt27405586,TV Episode,8.7,26,2023,"Animation, Action, Adventure, History, Drama",5820,"2023-05-16","Takafumi Ishida,Shûhei Yabuta"
tt26433878,7,2026-05-26,"Vinland Saga: The First Measure","Vinland Saga: The First Measure",https://www.imdb.com/title/tt26433878,TV Episode,9.0,26,2023,"Animation, Action, Adventure, History, Drama",6367,"2023-05-18","Shûhei Yabuta,Yôsuke Yamamoto"
tt26432195,7,2026-05-26,"Vinland Saga: Way Home","Vinland Saga: Way Home",https://www.imdb.com/title/tt26432195,TV Episode,9.5,26,2023,"Animation, Action, Adventure, History, Drama",10075,"2023-05-01","Iho Ishikawa,Shingo Uchida,Shûhei Yabuta"
tt26422257,7,2026-05-26,"Vinland Saga: Cause","Vinland Saga: Cause",https://www.imdb.com/title/tt26422257,TV Episode,9.2,26,2023,"Animation, Action, Adventure, History, Drama",7082,"2023-04-25","Tadahito Matsubayashi,Shûhei Yabuta"
tt26422254,7,2026-05-26,"Vinland Saga: Storm","Vinland Saga: Storm",https://www.imdb.com/title/tt26422254,TV Episode,8.8,26,2023,"Animation, Action, Adventure, History, Drama",6066,"2023-04-18","Tokio Igarashi,Shûhei Yabuta"
tt26422240,7,2026-05-26,"Vinland Saga: Freedom","Vinland Saga: Freedom",https://www.imdb.com/title/tt26422240,TV Episode,8.5,26,2023,"Animation, Action, Adventure, History, Drama",5829,"2023-04-10","Yoji Sato,Shûhei Yabuta"
tt26422238,8,2026-05-26,"Vinland Saga: Dark Clouds","Vinland Saga: Dark Clouds",https://www.imdb.com/title/tt26422238,TV Episode,8.3,26,2023,"Animation, Action, Adventure, History, Drama",5760,"2023-04-03","Kôki Aoshima,Shûhei Yabuta"
tt26420423,8,2026-05-26,"Vinland Saga: For the Love That Was Lost","Vinland Saga: For the Love That Was Lost",https://www.imdb.com/title/tt26420423,TV Episode,9.2,26,2023,"Animation, Action, Adventure, History, Drama",6856,"2023-03-27","Hiromi Nishiyama,Shûhei Yabuta"
tt26420419,7,2026-05-26,"Vinland Saga: The King and the Sword","Vinland Saga: The King and the Sword",https://www.imdb.com/title/tt26420419,TV Episode,7.8,26,2023,"Animation, Action, Adventure, History, Drama",5811,"2023-03-21","Iho Ishikawa,Shûhei Yabuta"
tt26420418,7,2026-05-26,"Vinland Saga: Cursed Head","Vinland Saga: Cursed Head",https://www.imdb.com/title/tt26420418,TV Episode,8.6,26,2023,"Animation, Action, Adventure, History, Drama",6014,"2023-03-14","Takahiro Kaneko,Shûhei Yabuta"
tt26420417,8,2026-05-26,"Vinland Saga: Oath","Vinland Saga: Oath",https://www.imdb.com/title/tt26420417,TV Episode,9.6,26,2023,"Animation, Action, Adventure, History, Drama",12342,"2023-03-21","Kento Matsui,Shûhei Yabuta"
tt26420383,7,2026-05-26,"Vinland Saga: An Empty Man","Vinland Saga: An Empty Man",https://www.imdb.com/title/tt26420383,TV Episode,9.0,26,2023,"Animation, Action, Adventure, History, Drama",7238,"2023-02-27","Tadahito Matsubayashi,Shûhei Yabuta"
tt26420382,5,2026-05-26,"Vinland Saga: Iron Fist Ketil","Vinland Saga: Iron Fist Ketil",https://www.imdb.com/title/tt26420382,TV Episode,8.0,26,2023,"Animation, Action, Adventure, History, Drama",6008,"2023-02-20","Michiru Itabisashi,Shûhei Yabuta"
tt26349159,7,2026-05-26,"Vinland Saga: I Want a Horse","Vinland Saga: I Want a Horse",https://www.imdb.com/title/tt26349159,TV Episode,7.9,26,2023,"Animation, Action, Adventure, History, Drama",6379,"2023-02-13","Kento Matsui,Shûhei Yabuta"
tt26349151,6,2026-05-26,"Vinland Saga: The Path of Blood","Vinland Saga: The Path of Blood",https://www.imdb.com/title/tt26349151,TV Episode,8.5,26,2023,"Animation, Action, Adventure, History, Drama",6386,"2023-02-07","Shige Fukase,Shûhei Yabuta"
tt26349130,6,2026-05-26,"Vinland Saga: Awakening","Vinland Saga: Awakening",https://www.imdb.com/title/tt26349130,TV Episode,8.8,26,2023,"Animation, Action, Adventure, History, Drama",6986,"2023-02-21","Yoji Sato,Shûhei Yabuta"
tt26349123,8,2026-05-26,"Vinland Saga: Snake","Vinland Saga: Snake",https://www.imdb.com/title/tt26349123,TV Episode,8.4,26,2023,"Animation, Action, Adventure, History, Drama",6621,"2023-01-23","Yoji Sato,Shûhei Yabuta"
tt26081824,7,2026-05-26,"Vinland Saga: Ketil's Farm","Vinland Saga: Ketil's Farm",https://www.imdb.com/title/tt26081824,TV Episode,7.8,26,2023,"Animation, Action, Adventure, History, Drama",6848,"2023-01-16","Michiru Itabisashi,Shûhei Yabuta"
tt21335934,7,2026-05-26,"Vinland Saga: Slave","Vinland Saga: Slave",https://www.imdb.com/title/tt21335934,TV Episode,8.7,26,2023,"Animation, Action, Adventure, History, Drama",7773,"2023-01-09","Nobuyoshi Arai,Shûhei Yabuta,Yôsuke Yamamoto"
tt11294360,9,2026-05-26,"Vinland Saga: End of the Prologue","Vinland Saga: End of the Prologue",https://www.imdb.com/title/tt11294360,TV Episode,9.9,24,2019,"Animation, Action, Adventure, History, Drama",43880,"2019-12-29","Tadahito Matsubayashi,Shûhei Yabuta"
tt11294358,8,2026-05-26,"Vinland Saga: Miscalculation","Vinland Saga: Miscalculation",https://www.imdb.com/title/tt11294358,TV Episode,8.7,24,2019,"Animation, Action, Adventure, History, Drama",7201,"2019-12-23","Shûhei Yabuta,Yôsuke Yamamoto"
tt11294356,9,2026-05-26,"Vinland Saga: Lone Wolf","Vinland Saga: Lone Wolf",https://www.imdb.com/title/tt11294356,TV Episode,9.6,24,2019,"Animation, Action, Adventure, History, Drama",10123,"2019-12-16","Yasuo Ejima,Shûhei Yabuta"
tt11294354,8,2026-05-26,"Vinland Saga: Reunion","Vinland Saga: Reunion",https://www.imdb.com/title/tt11294354,TV Episode,9.4,24,2019,"Animation, Action, Adventure, History, Drama",8471,"2019-12-09","Yûsuke Sunouchi,Shûhei Yabuta"
tt11294352,7,2026-05-26,"Vinland Saga: Crown","Vinland Saga: Crown",https://www.imdb.com/title/tt11294352,TV Episode,8.8,24,2019,"Animation, Action, Adventure, History, Drama",6971,"2019-12-02","Michiru Itabisashi,Shûhei Yabuta"
tt11294350,8,2026-05-26,"Vinland Saga: United Front","Vinland Saga: United Front",https://www.imdb.com/title/tt11294350,TV Episode,9.5,24,2019,"Animation, Action, Adventure, History, Drama",9621,"2019-11-25","Yoji Sato,Shûhei Yabuta"
tt11116704,8,2026-05-26,"Vinland Saga: Out of the Cradle","Vinland Saga: Out of the Cradle",https://www.imdb.com/title/tt11116704,TV Episode,9.3,24,2019,"Animation, Action, Adventure, History, Drama",8458,"2019-11-18","Shûjirô Ami,Shûhei Yabuta"
tt11116702,6,2026-05-26,"Vinland Saga: Servant","Vinland Saga: Servant",https://www.imdb.com/title/tt11116702,TV Episode,9.4,24,2019,"Animation, Action, Adventure, History, Drama",8399,"2019-11-04","Daisuke Kurose,Shûhei Yabuta"
tt11116700,5,2026-05-26,"Vinland Saga: History of Beasts","Vinland Saga: History of Beasts",https://www.imdb.com/title/tt11116700,TV Episode,8.5,24,2019,"Animation, Action, Adventure, History, Drama",6744,"2019-10-28","Takashi Andô,Shûhei Yabuta"
tt10592816,7,2026-05-26,"Vinland Saga: After Yule","Vinland Saga: After Yule",https://www.imdb.com/title/tt10592816,TV Episode,8.6,24,2019,"Animation, Action, Adventure, History, Drama",6845,"2019-10-21","Michiru Itabisashi,Shûhei Yabuta"
tt10592810,6,2026-05-26,"Vinland Saga: The Light of Dawn","Vinland Saga: The Light of Dawn",https://www.imdb.com/title/tt10592810,TV Episode,9.0,24,2019,"Animation, Action, Adventure, History, Drama",8209,"2019-10-14","Atsushi Kobayashi,Shûhei Yabuta"
tt10592808,7,2026-05-26,"Vinland Saga: Child of a Hero","Vinland Saga: Child of a Hero",https://www.imdb.com/title/tt10592808,TV Episode,7.9,24,2019,"Animation, Action, Adventure, History, Drama",7178,"2019-10-07","Shûhei Yabuta,Yôsuke Yamamoto"
tt10529448,6,2026-05-26,"Vinland Saga: The Land on the Far Bank","Vinland Saga: The Land on the Far Bank",https://www.imdb.com/title/tt10529448,TV Episode,7.8,24,2019,"Animation, Action, Adventure, History, Drama",7094,"2019-09-30","Yoji Sato,Shûhei Yabuta,Kazuya Murata"
tt10529444,8,2026-05-26,"Vinland Saga: A Gamble","Vinland Saga: A Gamble",https://www.imdb.com/title/tt10529444,TV Episode,8.6,24,2019,"Animation, Action, Adventure, History, Drama",6938,"2019-09-23","Shûhei Yabuta,Shigatsu Yoshikawa,Kazuya Murata"
tt10529442,7,2026-05-26,"Vinland Saga: Ragnarok","Vinland Saga: Ragnarok",https://www.imdb.com/title/tt10529442,TV Episode,8.2,24,2019,"Animation, Action, Adventure, History, Drama",7146,"2019-09-16","Aiko Sakuraba,Yûsuke Sunouchi,Shûhei Yabuta,Kazuya Murata"
tt10529440,7,2026-05-26,"Vinland Saga: The Battle of London Bridge","Vinland Saga: The Battle of London Bridge",https://www.imdb.com/title/tt10529440,TV Episode,9.1,24,2019,"Animation, Action, Adventure, History, Drama",8447,"2019-09-02","Michiru Itabisashi,Shûhei Yabuta,Kazuya Murata"
tt10529438,6,2026-05-26,"Vinland Saga: Beyond the Edge of the Sea","Vinland Saga: Beyond the Edge of the Sea",https://www.imdb.com/title/tt10529438,TV Episode,8.4,24,2019,"Animation, Action, Adventure, History, Drama",7179,"2019-08-26","Tomoaki Koshida,Shûhei Yabuta,Kazuya Murata"
tt10529434,6,2026-05-26,"Vinland Saga: Normanni","Vinland Saga: Normanni",https://www.imdb.com/title/tt10529434,TV Episode,8.7,24,2019,"Animation, Action, Adventure, History, Drama",7693,"2019-08-19","Shingo Uchida,Shûhei Yabuta,Kazuya Murata"
tt10529430,6,2026-05-26,"Vinland Saga: The Journey Begins","Vinland Saga: The Journey Begins",https://www.imdb.com/title/tt10529430,TV Episode,9.4,24,2019,"Animation, Action, Adventure, History, Drama",10819,"2019-08-12","Shûhei Yabuta,Yôsuke Yamamoto,Kazuya Murata"
tt10529424,7,2026-05-26,"Vinland Saga: The Troll's Son","Vinland Saga: The Troll's Son",https://www.imdb.com/title/tt10529424,TV Episode,8.5,24,2019,"Animation, Action, Adventure, History, Drama",7810,"2019-08-05","Tomoko Hiramuki,Yoji Sato,Shûhei Yabuta,Kazuya Murata"
tt10529418,9,2026-05-26,"Vinland Saga: A True Warrior","Vinland Saga: A True Warrior",https://www.imdb.com/title/tt10529418,TV Episode,9.6,24,2019,"Animation, Action, Adventure, History, Drama",14531,"2019-07-29","Michiru Itabisashi,Shûhei Yabuta,Kazuya Murata"
tt10529416,8,2026-05-26,"Vinland Saga: Troll","Vinland Saga: Troll",https://www.imdb.com/title/tt10529416,TV Episode,8.6,24,2019,"Animation, Action, Adventure, History, Drama",8254,"2019-07-08","Shûhei Yabuta,Yôsuke Yamamoto,Kazuya Murata"
tt10529410,8,2026-05-26,"Vinland Saga: Sword","Vinland Saga: Sword",https://www.imdb.com/title/tt10529410,TV Episode,8.2,24,2019,"Animation, Action, Adventure, History, Drama",8318,"2019-07-08","Yoji Sato,Shûhei Yabuta,Kazuya Murata"
tt10529408,7,2026-05-26,"Vinland Saga: Somewhere Not Here","Vinland Saga: Somewhere Not Here",https://www.imdb.com/title/tt10529408,TV Episode,8.2,28,2019,"Animation, Action, Adventure, History, Drama",9101,"2019-07-06","Shûhei Yabuta,Kazuya Murata"
tt12042730,8,2026-05-26,"Project Hail Mary","Project Hail Mary",https://www.imdb.com/title/tt12042730,Movie,8.2,156,2026,"Sci-Fi, Adventure, Comedy, Drama",516727,"2026-03-20","Phil Lord,Christopher Miller"
tt37676033,5,2026-05-20,"V/H/S/Halloween","V/H/S/Halloween",https://www.imdb.com/title/tt37676033,Movie,5.7,115,2025,"Horror",10502,"2025-10-03","Bryan M. Ferguson,Casper Kelly,R.H. Norman,Alex Ross Perry,Micheline Pitt-Norman,Paco Plaza,Anna Zlokovic"
tt31322753,7,2026-05-20,"Twinless","Twinless",https://www.imdb.com/title/tt31322753,Movie,7.3,100,2025,"Comedy, Drama",16138,"2025-09-05","James Sweeney"
tt17023012,5,2026-05-20,"The Home","The Home",https://www.imdb.com/title/tt17023012,Movie,5.5,95,2025,"Horror, Thriller, Mystery",10951,"2025-07-25","James DeMonaco"
tt29713093,7,2026-05-20,"We Bury the Dead","We Bury the Dead",https://www.imdb.com/title/tt29713093,Movie,5.6,95,2024,"Thriller, Horror",18439,"2026-01-02","Zak Hilditch"
tt26443597,6,2026-05-20,"Zootopia 2","Zootopia 2",https://www.imdb.com/title/tt26443597,Movie,7.3,108,2025,"Animation, Adventure, Comedy, Family, Mystery, Crime",151941,"2025-11-26","Jared Bush,Byron Howard"
tt12908150,7,2026-05-20,"The Life of Chuck","The Life of Chuck",https://www.imdb.com/title/tt12908150,Movie,7.3,111,2024,"Drama, Fantasy, Sci-Fi",77400,"2025-06-13","Mike Flanagan"
tt32376165,5,2026-05-20,"A House of Dynamite","A House of Dynamite",https://www.imdb.com/title/tt32376165,Movie,6.4,112,2025,"Thriller, Drama",122122,"2025-10-24","Kathryn Bigelow"
tt31434639,7,2026-05-20,"Warfare","Warfare",https://www.imdb.com/title/tt31434639,Movie,7.1,95,2025,"War, Action, Drama",116088,"2025-04-11","Alex Garland,Ray Mendoza"
tt31511689,4,2026-05-20,"Vicious","Vicious",https://www.imdb.com/title/tt31511689,Movie,4.9,103,2025,"Horror",11562,"2025-10-10","Bryan Bertino"
tt20969586,7,2026-05-20,"Thunderbolts*","Thunderbolts*",https://www.imdb.com/title/tt20969586,Movie,7.1,127,2025,"Action, Adventure, Sci-Fi, Crime, Drama, Fantasy",299524,"2025-05-02","Jake Schreier"
tt8879928,6,2026-05-20,"Cold Storage","Cold Storage",https://www.imdb.com/title/tt8879928,Movie,6.0,99,2026,"Comedy, Sci-Fi, Horror",27772,"2026-02-13","Jonny Campbell"
tt30851137,6,2026-05-20,"The Bride!","The Bride!",https://www.imdb.com/title/tt30851137,Movie,5.6,126,2026,"Drama, Horror, Romance, Sci-Fi",37096,"2026-03-06","Maggie Gyllenhaal"
tt33071426,6,2026-05-20,"The Drama","The Drama",https://www.imdb.com/title/tt33071426,Movie,7.1,105,2026,"Romance, Comedy, Drama",115055,"2026-04-03","Kristoffer Borgli"
tt10676052,7,2026-05-20,"The Fantastic Four: First Steps","The Fantastic Four: First Steps",https://www.imdb.com/title/tt10676052,Movie,6.8,115,2025,"Adventure, Action, Sci-Fi",286008,"2025-07-25","Matt Shakman"
tt28664733,8,2026-05-20,"Lost in Starlight","I byeole pilyohan",https://www.imdb.com/title/tt28664733,Movie,7.0,96,2025,"Animation, Drama, Sci-Fi, Romance, Comedy",6320,"2025-05-30","Han Ji-won"
tt8036976,6,2026-05-20,"Send Help","Send Help",https://www.imdb.com/title/tt8036976,Movie,6.7,113,2026,"Horror, Thriller, Adventure",149464,"2026-01-30","Sam Raimi"
tt0473075,6,2026-05-20,"Prince of Persia: The Sands of Time","Prince of Persia: The Sands of Time",https://www.imdb.com/title/tt0473075,Movie,6.5,116,2010,"Action, Fantasy, Adventure",319367,"2010-05-28","Mike Newell"
tt23149780,6,2026-05-20,"Eden","Eden",https://www.imdb.com/title/tt23149780,Movie,6.5,129,2024,"Thriller, History, Adventure, Drama",47680,"2025-08-22","Ron Howard"
tt27714581,5,2026-05-20,"Sentimental Value","Affeksjonsverdi",https://www.imdb.com/title/tt27714581,Movie,7.7,135,2025,"Drama, Family",87273,"2025-08-20","Joachim Trier"
tt1757678,8,2026-05-20,"Avatar: Fire and Ash","Avatar: Fire and Ash",https://www.imdb.com/title/tt1757678,Movie,7.2,197,2025,"Fantasy, Sci-Fi, Action, Adventure, Drama",206763,"2025-12-19","James Cameron"
tt11866324,6,2026-05-20,"Prey","Prey",https://www.imdb.com/title/tt11866324,Movie,7.1,100,2022,"Sci-Fi, Thriller, Action, Adventure, Horror",276656,"2022-08-05","Dan Trachtenberg"
tt10284944,7,2026-05-20,"The Fix","The Fix",https://www.imdb.com/title/tt10284944,Movie,4.9,98,2024,"Sci-Fi, Action",3792,"2024-11-22","Kelsey Egan"
tt17348060,5,2026-05-20,"Diabolic","Diabolic",https://www.imdb.com/title/tt17348060,Movie,5.3,95,2025,"Horror",5991,"2026-02-20","Daniel J. Phillips"
tt15940132,7,2026-05-20,"War Machine","War Machine",https://www.imdb.com/title/tt15940132,Movie,6.3,106,2026,"Action, Sci-Fi, Thriller",115187,"2026-03-06","Patrick Hughes"
tt2848876,9,2026-05-20,"The Painting Pool","Howze Naghashi",https://www.imdb.com/title/tt2848876,Movie,7.4,92,2013,"Drama, Romance",6514,"2013-03-13","Maziar Miri"
tt32985279,7,2026-05-20,"Steve","Steve",https://www.imdb.com/title/tt32985279,Movie,6.4,93,2025,"Drama",20591,"2025-09-19","Tim Mielants"
tt31795447,4,2026-05-20,"Ick","Ick",https://www.imdb.com/title/tt31795447,Movie,5.3,93,2024,"Sci-Fi, Horror, Action, Comedy",2697,"2025-08-25","Joseph Kahn"
tt29550683,6,2026-05-20,"Whistle","Whistle",https://www.imdb.com/title/tt29550683,Movie,5.2,100,2025,"Horror",17867,"2026-02-06","Corin Hardy"
tt31806049,5,2026-05-20,"Brick","Brick",https://www.imdb.com/title/tt31806049,Movie,5.5,99,2025,"Sci-Fi, Mystery, Thriller, Drama",28652,"2025-07-10","Philip Koch"
tt0180093,6,2026-05-20,"Requiem for a Dream","Requiem for a Dream",https://www.imdb.com/title/tt0180093,Movie,8.3,102,2000,"Drama",982708,"2000-12-15","Darren Aronofsky"
tt27497448,8,2026-05-18,"A Knight of the Seven Kingdoms","A Knight of the Seven Kingdoms",https://www.imdb.com/title/tt27497448,TV Series,8.6,60,2026,"Adventure, Drama, Fantasy",279227,"2026-01-18",
tt32314212,8,2026-05-18,"A Knight of the Seven Kingdoms: The Morrow","A Knight of the Seven Kingdoms: The Morrow",https://www.imdb.com/title/tt32314212,TV Episode,8.7,31,2026,"Adventure, Drama, Fantasy",91995,"2026-02-22","Sarah Adina Smith"
tt32314204,8,2026-05-18,"A Knight of the Seven Kingdoms: In the Name of the Mother","A Knight of the Seven Kingdoms: In the Name of the Mother",https://www.imdb.com/title/tt32314204,TV Episode,9.5,37,2026,"Adventure, Drama, Fantasy",191377,"2026-02-15","Owen Harris"
tt32314201,8,2026-05-18,"A Knight of the Seven Kingdoms: Seven","A Knight of the Seven Kingdoms: Seven",https://www.imdb.com/title/tt32314201,TV Episode,9.5,34,2026,"Adventure, Drama, Fantasy",129550,"2026-02-06","Sarah Adina Smith"
tt32314197,8,2026-05-18,"A Knight of the Seven Kingdoms: The Squire","A Knight of the Seven Kingdoms: The Squire",https://www.imdb.com/title/tt32314197,TV Episode,9.0,31,2026,"Adventure, Drama, Fantasy",95955,"2026-02-01","Sarah Adina Smith"
tt32314131,8,2026-05-18,"A Knight of the Seven Kingdoms: Hard Salt Beef","A Knight of the Seven Kingdoms: Hard Salt Beef",https://www.imdb.com/title/tt32314131,TV Episode,8.3,33,2026,"Adventure, Drama, Fantasy",88249,"2026-01-25","Owen Harris"
tt27497823,6,2026-05-18,"A Knight of the Seven Kingdoms: The Hedge Knight","A Knight of the Seven Kingdoms: The Hedge Knight",https://www.imdb.com/title/tt27497823,TV Episode,8.2,42,2026,"Adventure, Drama, Fantasy",92310,"2026-01-18","Owen Harris"
tt31227572,8,2026-05-18,"Predator: Badlands","Predator: Badlands",https://www.imdb.com/title/tt31227572,Movie,7.2,107,2025,"Sci-Fi, Action, Adventure, Thriller",166848,"2025-11-07","Dan Trachtenberg"
tt9109306,3,2026-05-18,"The Final Wish","The Final Wish",https://www.imdb.com/title/tt9109306,Movie,4.3,95,2018,"Horror",7830,"2019-01-24","Timothy Woodward Jr."
tt14905854,5,2026-05-18,"Hamnet","Hamnet",https://www.imdb.com/title/tt14905854,Movie,7.8,125,2025,"Biography, Drama, History, Romance",131020,"2025-12-05","Chloé Zhao"
tt0083658,4,2026-05-18,"Blade Runner","Blade Runner",https://www.imdb.com/title/tt0083658,Movie,8.1,117,1982,"Thriller, Action, Drama, Sci-Fi",889019,"1982-06-25","Ridley Scott"
tt22868010,4,2026-05-18,"Return to Silent Hill","Return to Silent Hill",https://www.imdb.com/title/tt22868010,Movie,4.0,106,2026,"Horror, Drama, Mystery",24399,"2026-01-23","Christophe Gans"
tt36988358,8,2026-02-26,"Takopi's Original Sin","Takopii no genzai",https://www.imdb.com/title/tt36988358,TV Mini Series,8.7,30,2025,"Animation, Drama, Sci-Fi",28981,"2025-06-27",
tt37536381,10,2026-02-26,"Takopi's Original Sin: 2016-nen no kimitachi e","Takopii no genzai: 2016-nen no kimitachi e",https://www.imdb.com/title/tt37536381,TV Episode,9.3,22,2025,"Animation, Drama, Sci-Fi",9354,"2025-08-01","Shin'ya Iino,Masayuki Sakoi"
tt37536370,8,2026-02-26,"Takopi's Original Sin: Azuma-kun no kyuusai","Takopii no genzai: Azuma-kun no kyuusai",https://www.imdb.com/title/tt37536370,TV Episode,9.4,23,2025,"Animation, Drama, Sci-Fi",8912,"2025-07-18","Shin'ya Iino,Tôya Ôshima"
tt37536364,8,2026-02-26,"Takopi's Original Sin: Takopî no kokkai","Takopii no genzai: Takopî no kokkai",https://www.imdb.com/title/tt37536364,TV Episode,9.2,26,2025,"Animation, Drama, Sci-Fi",9266,"2025-07-11","Rikka,Shin'ya Iino"
tt37529552,8,2026-02-26,"Takopi's Original Sin: Takopî no kyûsai","Takopii no genzai: Takopî no kyûsai",https://www.imdb.com/title/tt37529552,TV Episode,9.5,21,2025,"Animation, Drama, Sci-Fi",9647,"2025-07-04","Moaang,Shin'ya Iino"
tt36992002,7,2026-02-26,"Takopi's Original Sin: 2016-nen no kimi e","Takopii no genzai: 2016-nen no kimi e",https://www.imdb.com/title/tt36992002,TV Episode,9.4,37,2025,"Animation, Drama, Sci-Fi",13120,"2025-06-27","Shin'ya Iino"
tt37536376,9,2026-02-26,"Takopi's Original Sin: 2022-nen no kimi e","Takopii no genzai: 2022-nen no kimi e",https://www.imdb.com/title/tt37536376,TV Episode,9.6,24,2025,"Animation, Drama, Sci-Fi",10209,"2025-07-25","Shin'ya Iino,Hirotaka Mori"
tt32141377,7,2026-02-18,"28 Years Later: The Bone Temple","28 Years Later: The Bone Temple",https://www.imdb.com/title/tt32141377,Movie,7.2,109,2026,"Horror, Sci-Fi, Thriller",123204,"2026-01-16","Nia DaCosta"
tt1648190,6,2026-02-17,"The Dark Tower","The Dark Tower",https://www.imdb.com/title/tt1648190,Movie,5.6,95,2017,"Adventure, Fantasy, Sci-Fi, Western, Action, Drama",157012,"2017-08-04","Nikolaj Arcel"
tt32916440,7,2026-02-16,"Marty Supreme","Marty Supreme",https://www.imdb.com/title/tt32916440,Movie,7.6,149,2025,"Drama, Sport, Comedy",213809,"2025-12-25","Josh Safdie"
tt29768334,6,2026-02-15,"Train Dreams","Train Dreams",https://www.imdb.com/title/tt29768334,Movie,7.5,102,2025,"Drama",114034,"2025-11-21","Clint Bentley"
tt1242432,5,2026-02-07,"I Spit on Your Grave","I Spit on Your Grave",https://www.imdb.com/title/tt1242432,Movie,6.2,108,2010,"Horror, Thriller",104235,"2010-06-17","Steven R. Monroe"
tt21103218,7,2026-02-06,"The Lost Bus","The Lost Bus",https://www.imdb.com/title/tt21103218,Movie,6.8,130,2025,"Drama, Thriller, Biography, History",56459,"2025-10-03","Paul Greengrass"
tt16311594,7,2026-02-06,"F1: The Movie","F1",https://www.imdb.com/title/tt16311594,Movie,7.6,155,2025,"Sport, Drama",387701,"2025-06-27","Joseph Kosinski"
tt0209163,6,2026-02-06,"The Mummy Returns","The Mummy Returns",https://www.imdb.com/title/tt0209163,Movie,6.4,130,2001,"Fantasy, Thriller, Adventure, Action",370519,"2001-05-04","Stephen Sommers"
tt0120616,6,2026-02-06,"The Mummy","The Mummy",https://www.imdb.com/title/tt0120616,Movie,7.1,124,1999,"Fantasy, Action, Adventure",507360,"1999-05-07","Stephen Sommers"
tt29567915,6,2026-02-04,"Nuremberg","Nuremberg",https://www.imdb.com/title/tt29567915,Movie,7.3,148,2025,"Drama, History, Thriller, Biography, War",114952,"2025-11-07","James Vanderbilt"
tt14850054,6,2026-02-03,"Greenland 2: Migration","Greenland 2: Migration",https://www.imdb.com/title/tt14850054,Movie,5.2,98,2026,"Thriller, Action, Adventure, Sci-Fi",47005,"2026-01-09","Ric Roman Waugh"
tt14999684,5,2026-01-03,"Shelby Oaks","Shelby Oaks",https://www.imdb.com/title/tt14999684,Movie,5.3,91,2024,"Horror, Thriller, Mystery",15735,"2025-10-24","Chris Stuckmann"
tt31193180,5,2026-01-02,"Sinners","Sinners",https://www.imdb.com/title/tt31193180,Movie,7.5,137,2025,"Horror",518382,"2025-04-18","Ryan Coogler"
tt31514146,8,2026-01-01,"I Swear","I Swear",https://www.imdb.com/title/tt31514146,Movie,8.4,120,2025,"Drama, Biography",59248,"2026-04-24","Kirk Jones"
tt4084744,7,2025-12-30,"Battle for Sevastopol","Bitva za Sevastopol",https://www.imdb.com/title/tt4084744,Movie,7.0,110,2015,"Biography, Drama, War, Romance, Action, History",15507,"2015-04-02","Sergey Mokritskiy"
tt30472557,8,2025-12-18,"Chainsaw Man - The Movie: Reze Arc","Gekijô-ban Chensô Man Reze-hen",https://www.imdb.com/title/tt30472557,Movie,8.3,100,2025,"Animation, Action, Adventure, Fantasy, Thriller, Comedy, Romance",66170,"2025-10-24","Tatsuya Yoshihara"
tt1312221,7,2025-12-18,"Frankenstein","Frankenstein",https://www.imdb.com/title/tt1312221,Movie,7.4,149,2025,"Horror, Sci-Fi, Drama, Fantasy",333901,"2025-11-07","Guillermo del Toro"
tt6604188,6,2025-12-17,"Tron: Ares","Tron: Ares",https://www.imdb.com/title/tt6604188,Movie,6.1,119,2025,"Action, Adventure, Sci-Fi",85450,"2025-10-10","Joachim Rønning"
tt0938330,5,2025-12-05,"Silent Hill: Revelation","Silent Hill: Revelation",https://www.imdb.com/title/tt0938330,Movie,4.9,95,2012,"Horror, Mystery, Thriller, Drama",72307,"2012-10-26","MJ Bassett"
tt23573936,6,2025-12-04,"Comandante","Comandante",https://www.imdb.com/title/tt23573936,Movie,6.5,120,2023,"War, Biography, Drama, History",2159,"2023-10-31","Edoardo De Angelis"
tt15296186,6,2025-12-04,"Mira","Mira",https://www.imdb.com/title/tt15296186,Movie,5.8,116,2022,"Adventure, Drama, Sci-Fi",3889,"2022-12-22","Dmitriy Kiselev"
tt30144839,5,2025-11-20,"One Battle After Another","One Battle After Another",https://www.imdb.com/title/tt30144839,Movie,7.6,161,2025,"Crime, Thriller",439897,"2025-09-26","Paul Thomas Anderson"
tt1104001,7,2025-11-20,"Tron: Legacy","Tron: Legacy",https://www.imdb.com/title/tt1104001,Movie,6.8,125,2010,"Action, Adventure, Sci-Fi",389301,"2010-12-17","Joseph Kosinski"
tt10374610,6,2025-11-06,"The Long Walk","The Long Walk",https://www.imdb.com/title/tt10374610,Movie,6.6,108,2025,"Thriller, Horror",143619,"2025-09-12","Francis Lawrence"
tt9603208,6,2025-11-05,"Mission: Impossible - The Final Reckoning","Mission: Impossible - The Final Reckoning",https://www.imdb.com/title/tt9603208,Movie,7.1,169,2025,"Action, Thriller, Adventure",239322,"2025-05-23","Christopher McQuarrie"
tt4034228,5,2025-10-26,"Manchester by the Sea","Manchester by the Sea",https://www.imdb.com/title/tt4034228,Movie,7.8,137,2016,"Drama",361941,"2016-12-16","Kenneth Lonergan"
tt10548174,6,2025-10-26,"28 Years Later","28 Years Later",https://www.imdb.com/title/tt10548174,Movie,6.6,115,2025,"Horror, Thriller, Sci-Fi",225270,"2025-06-20","Danny Boyle"
tt26581740,5,2025-10-23,"Weapons","Weapons",https://www.imdb.com/title/tt26581740,Movie,7.4,128,2025,"Horror, Mystery",393596,"2025-08-08","Zach Cregger"
tt8350360,6,2025-10-23,"Annabelle Comes Home","Annabelle Comes Home",https://www.imdb.com/title/tt8350360,Movie,5.9,106,2019,"Horror, Mystery, Thriller",103729,"2019-06-26","Gary Dauberman"
tt2316801,4,2025-09-12,"Beauty and the Beast","La belle et la bête",https://www.imdb.com/title/tt2316801,Movie,6.4,112,2014,"Fantasy, Romance, Drama, Thriller, Family",24601,"2016-09-23","Christophe Gans"
tt2776878,7,2025-09-11,"Thank You for Your Service","Thank You for Your Service",https://www.imdb.com/title/tt2776878,Movie,6.6,109,2017,"Drama, Biography, War",17448,"2017-10-27","Jason Hall"
tt3416532,7,2025-09-10,"A Monster Calls","A Monster Calls",https://www.imdb.com/title/tt3416532,Movie,7.4,108,2016,"Drama, Fantasy, Adventure, Family",99588,"2017-01-06","J.A. Bayona"
tt9364002,5,2025-08-20,"The Handmaid's Tale: God Bless the Child","The Handmaid's Tale: God Bless the Child",https://www.imdb.com/title/tt9364002,TV Episode,7.9,50,2019,"Drama, Thriller, Sci-Fi",4027,"2019-06-12","Amma Asante"
tt9364456,5,2025-08-20,"The Handmaid's Tale: Useful","The Handmaid's Tale: Useful",https://www.imdb.com/title/tt9364456,TV Episode,8.0,50,2019,"Drama, Thriller, Sci-Fi",4367,"2019-06-05","Amma Asante"
tt9364446,5,2025-08-19,"The Handmaid's Tale: Mary and Martha","The Handmaid's Tale: Mary and Martha",https://www.imdb.com/title/tt9364446,TV Episode,7.6,51,2019,"Drama, Thriller, Sci-Fi",4299,"2019-06-05","Mike Barker"
tt8363118,8,2025-08-19,"The Handmaid's Tale: Night","The Handmaid's Tale: Night",https://www.imdb.com/title/tt8363118,TV Episode,8.3,49,2019,"Drama, Thriller, Sci-Fi",5009,"2019-06-05","Mike Barker"
tt2131532,5,2025-08-18,"Hidden","Hidden",https://www.imdb.com/title/tt2131532,Movie,6.3,84,2015,"Horror, Thriller, Sci-Fi",29780,"2015-09-15","Matt Duffer,Ross Duffer"
tt8075192,7,2025-08-17,"Shoplifters","Manbiki kazoku",https://www.imdb.com/title/tt8075192,Movie,7.9,121,2018,"Drama, Crime, Thriller",96373,"2018-11-23","Hirokazu Koreeda"
tt7435264,5,2025-08-15,"The Handmaid's Tale: The Word","The Handmaid's Tale: The Word",https://www.imdb.com/title/tt7435264,TV Episode,8.5,63,2018,"Drama, Thriller, Sci-Fi",5644,"2018-07-11","Mike Barker"
tt7435260,5,2025-08-15,"The Handmaid's Tale: Postpartum","The Handmaid's Tale: Postpartum",https://www.imdb.com/title/tt7435260,TV Episode,8.3,54,2018,"Drama, Thriller, Sci-Fi",4218,"2018-07-04","Daina Reid"
tt7435258,5,2025-08-15,"The Handmaid's Tale: Holly","The Handmaid's Tale: Holly",https://www.imdb.com/title/tt7435258,TV Episode,8.3,48,2018,"Drama, Thriller, Sci-Fi",4928,"2018-06-27","Daina Reid"
tt7435256,5,2025-08-15,"The Handmaid's Tale: The Last Ceremony","The Handmaid's Tale: The Last Ceremony",https://www.imdb.com/title/tt7435256,TV Episode,9.0,55,2018,"Drama, Thriller, Sci-Fi",5367,"2018-06-20","Jeremy Podeswa"
tt7533152,9,2025-08-14,"The Boy Who Harnessed the Wind","The Boy Who Harnessed the Wind",https://www.imdb.com/title/tt7533152,Movie,7.6,113,2019,"Drama, Biography, History",53348,"2019-03-01","Chiwetel Ejiofor"
tt7435254,7,2025-08-14,"The Handmaid's Tale: Smart Power","The Handmaid's Tale: Smart Power",https://www.imdb.com/title/tt7435254,TV Episode,8.9,57,2018,"Drama, Thriller, Sci-Fi",4935,"2018-06-13","Jeremy Podeswa"
tt7435252,5,2025-08-14,"The Handmaid's Tale: Women's Work","The Handmaid's Tale: Women's Work",https://www.imdb.com/title/tt7435252,TV Episode,8.6,52,2018,"Drama, Thriller, Sci-Fi",4734,"2018-06-06","Kari Skogland"
tt7435250,5,2025-08-14,"The Handmaid's Tale: After","The Handmaid's Tale: After",https://www.imdb.com/title/tt7435250,TV Episode,8.2,55,2018,"Drama, Thriller, Sci-Fi",4304,"2018-05-30","Kari Skogland"
tt7435248,6,2025-08-13,"The Handmaid's Tale: First Blood","The Handmaid's Tale: First Blood",https://www.imdb.com/title/tt7435248,TV Episode,8.7,58,2018,"Drama, Thriller, Sci-Fi",5042,"2018-05-23","Mike Barker"
tt7435246,5,2025-08-13,"The Handmaid's Tale: Seeds","The Handmaid's Tale: Seeds",https://www.imdb.com/title/tt7435246,TV Episode,8.0,52,2018,"Drama, Thriller, Sci-Fi",4350,"2018-05-16","Mike Barker"
tt7435244,5,2025-08-13,"The Handmaid's Tale: Other Women","The Handmaid's Tale: Other Women",https://www.imdb.com/title/tt7435244,TV Episode,7.9,54,2018,"Drama, Thriller, Sci-Fi",4470,"2018-05-09","Kari Skogland"
tt7435240,5,2025-08-13,"The Handmaid's Tale: Baggage","The Handmaid's Tale: Baggage",https://www.imdb.com/title/tt7435240,TV Episode,7.9,58,2018,"Drama, Thriller, Sci-Fi",4819,"2018-05-02","Kari Skogland"
tt7435238,5,2025-08-13,"The Handmaid's Tale: Unwomen","The Handmaid's Tale: Unwomen",https://www.imdb.com/title/tt7435238,TV Episode,8.2,55,2018,"Drama, Thriller, Sci-Fi",5231,"2018-04-25","Mike Barker"
tt6849500,5,2025-08-13,"The Handmaid's Tale: June","The Handmaid's Tale: June",https://www.imdb.com/title/tt6849500,TV Episode,8.7,56,2018,"Drama, Thriller, Sci-Fi",5981,"2018-04-25","Mike Barker"
tt5931656,6,2025-08-13,"The Handmaid's Tale: Night","The Handmaid's Tale: Night",https://www.imdb.com/title/tt5931656,TV Episode,9.0,60,2017,"Drama, Thriller, Sci-Fi",6626,"2017-06-14","Kari Skogland"
tt5943932,5,2025-08-13,"The Handmaid's Tale: The Bridge","The Handmaid's Tale: The Bridge",https://www.imdb.com/title/tt5943932,TV Episode,8.6,50,2017,"Drama, Thriller, Sci-Fi",5441,"2017-06-07","Kate Dennis"
tt5943930,5,2025-08-13,"The Handmaid's Tale: Jezebels","The Handmaid's Tale: Jezebels",https://www.imdb.com/title/tt5943930,TV Episode,8.0,50,2017,"Drama, Thriller, Sci-Fi",5307,"2017-05-31","Kate Dennis"
tt5943928,5,2025-08-13,"The Handmaid's Tale: The Other Side","The Handmaid's Tale: The Other Side",https://www.imdb.com/title/tt5943928,TV Episode,7.9,47,2017,"Drama, Thriller, Sci-Fi",5634,"2017-05-24","Floria Sigismondi"
tt5943926,5,2025-08-13,"The Handmaid's Tale: A Woman's Place","The Handmaid's Tale: A Woman's Place",https://www.imdb.com/title/tt5943926,TV Episode,8.7,55,2017,"Drama, Thriller, Sci-Fi",6036,"2017-05-17","Floria Sigismondi"
tt5941434,2,2025-08-12,"The Handmaid's Tale: Faithful","The Handmaid's Tale: Faithful",https://www.imdb.com/title/tt5941434,TV Episode,8.1,53,2017,"Drama, Thriller, Sci-Fi",5709,"2017-05-10","Mike Barker"
tt5937294,2,2025-08-12,"The Handmaid's Tale: Nolite Te Bastardes Carborundorum","The Handmaid's Tale: Nolite Te Bastardes Carborundorum",https://www.imdb.com/title/tt5937294,TV Episode,8.1,53,2017,"Drama, Thriller, Sci-Fi",5954,"2017-05-03","Mike Barker"
tt5931652,2,2025-08-12,"The Handmaid's Tale: Late","The Handmaid's Tale: Late",https://www.imdb.com/title/tt5931652,TV Episode,8.6,53,2017,"Drama, Thriller, Sci-Fi",6654,"2017-04-26","Reed Morano"
tt5931648,2,2025-08-12,"The Handmaid's Tale: Birth Day","The Handmaid's Tale: Birth Day",https://www.imdb.com/title/tt5931648,TV Episode,8.1,47,2017,"Drama, Thriller, Sci-Fi",6695,"2017-04-26","Reed Morano"
tt5931646,1,2025-08-10,"The Handmaid's Tale: Offred","The Handmaid's Tale: Offred",https://www.imdb.com/title/tt5931646,TV Episode,8.2,57,2017,"Drama, Thriller, Sci-Fi",8588,"2017-04-26","Reed Morano"
tt26743210,8,2025-08-09,"How to Train Your Dragon","How to Train Your Dragon",https://www.imdb.com/title/tt26743210,Movie,7.7,125,2025,"Adventure, Action, Family, Fantasy, Comedy, Drama",140473,"2025-06-13","Dean DeBlois"
tt8160076,5,2025-08-05,"The Haunting of Hill House: Silence Lay Steadily","The Haunting of Hill House: Silence Lay Steadily",https://www.imdb.com/title/tt8160076,TV Episode,8.5,71,2018,"Horror, Drama, Thriller, Mystery",10627,"2018-10-12","Mike Flanagan"
tt8160072,5,2025-08-05,"The Haunting of Hill House: Screaming Meemies","The Haunting of Hill House: Screaming Meemies",https://www.imdb.com/title/tt8160072,TV Episode,8.8,58,2018,"Horror, Drama, Thriller, Mystery",9702,"2018-10-12","Mike Flanagan"
tt8160070,5,2025-08-05,"The Haunting of Hill House: Witness Marks","The Haunting of Hill House: Witness Marks",https://www.imdb.com/title/tt8160070,TV Episode,8.8,43,2018,"Horror, Drama, Thriller, Mystery",9720,"2018-10-12","Mike Flanagan"
tt8160068,5,2025-08-05,"The Haunting of Hill House: Eulogy","The Haunting of Hill House: Eulogy",https://www.imdb.com/title/tt8160068,TV Episode,8.2,60,2018,"Horror, Drama, Thriller, Mystery",9296,"2018-10-12","Mike Flanagan"
tt8160066,5,2025-08-05,"The Haunting of Hill House: Two Storms","The Haunting of Hill House: Two Storms",https://www.imdb.com/title/tt8160066,TV Episode,9.3,57,2018,"Horror, Drama, Thriller, Mystery",14991,"2018-10-12","Mike Flanagan"
tt6763664,5,2025-08-05,"The Haunting of Hill House","The Haunting of Hill House",https://www.imdb.com/title/tt6763664,TV Mini Series,8.5,60,2018,"Horror, Drama, Thriller, Mystery",334766,"2018-10-12",
tt7958030,6,2025-08-05,"The Haunting of Hill House: The Bent-Neck Lady","The Haunting of Hill House: The Bent-Neck Lady",https://www.imdb.com/title/tt7958030,TV Episode,9.5,70,2018,"Horror, Drama, Thriller, Mystery",16960,"2018-10-12","Mike Flanagan"
tt7578528,5,2025-08-05,"The Haunting of Hill House: The Twin Thing","The Haunting of Hill House: The Twin Thing",https://www.imdb.com/title/tt7578528,TV Episode,8.5,53,2018,"Horror, Drama, Thriller, Mystery",10560,"2018-10-12","Mike Flanagan"
tt7688206,5,2025-08-05,"The Haunting of Hill House: Touch","The Haunting of Hill House: Touch",https://www.imdb.com/title/tt7688206,TV Episode,8.6,53,2018,"Horror, Drama, Thriller, Mystery",10794,"2018-10-12","Mike Flanagan"
tt7815916,5,2025-08-05,"The Haunting of Hill House: Open Casket","The Haunting of Hill House: Open Casket",https://www.imdb.com/title/tt7815916,TV Episode,7.8,51,2018,"Horror, Drama, Thriller, Mystery",10725,"2018-10-12","Mike Flanagan"
tt7023382,5,2025-08-05,"The Haunting of Hill House: Steven Sees a Ghost","The Haunting of Hill House: Steven Sees a Ghost",https://www.imdb.com/title/tt7023382,TV Episode,8.1,60,2018,"Horror, Drama, Thriller, Mystery",11899,"2018-10-12","Mike Flanagan"
tt8550820,5,2025-08-02,"The Outsider: Must/Can't","The Outsider: Must/Can't",https://www.imdb.com/title/tt8550820,TV Episode,7.3,53,2020,"Thriller, Crime, Drama, Mystery, Horror",4198,"2020-03-08","Andrew Bernstein"
tt8550818,5,2025-08-02,"The Outsider: Tigers and Bears","The Outsider: Tigers and Bears",https://www.imdb.com/title/tt8550818,TV Episode,8.2,53,2020,"Thriller, Crime, Drama, Mystery, Horror",3709,"2020-03-01","Charlotte Brändström"
tt8550816,5,2025-08-02,"The Outsider: Foxhead","The Outsider: Foxhead",https://www.imdb.com/title/tt8550816,TV Episode,8.0,60,2020,"Thriller, Crime, Drama, Mystery, Horror",3817,"2020-02-23","J.D. Dillard"
tt8550814,5,2025-08-02,"The Outsider: In the Pines, in the Pines","The Outsider: In the Pines, in the Pines",https://www.imdb.com/title/tt8550814,TV Episode,7.5,50,2020,"Thriller, Crime, Drama, Mystery, Horror",3837,"2020-02-16","Daina Reid"
tt8550812,5,2025-08-02,"The Outsider: The One About the Yiddish Vampire","The Outsider: The One About the Yiddish Vampire",https://www.imdb.com/title/tt8550812,TV Episode,8.0,60,2020,"Thriller, Crime, Drama, Mystery, Horror",4048,"2020-02-09","Karyn Kusama"
tt8550810,5,2025-08-02,"The Outsider: Tear-Drinker","The Outsider: Tear-Drinker",https://www.imdb.com/title/tt8550810,TV Episode,7.5,56,2020,"Thriller, Crime, Drama, Mystery, Horror",4134,"2020-02-02","Igor Martinovic"
tt8550808,5,2025-08-02,"The Outsider: Que Viene el Coco","The Outsider: Que Viene el Coco",https://www.imdb.com/title/tt8550808,TV Episode,7.9,60,2020,"Thriller, Crime, Drama, Mystery, Horror",4425,"2020-01-26","Andrew Bernstein"
tt8550806,5,2025-08-02,"The Outsider: Dark Uncle","The Outsider: Dark Uncle",https://www.imdb.com/title/tt8550806,TV Episode,8.0,60,2020,"Thriller, Crime, Drama, Mystery, Horror",4855,"2020-01-19","Andrew Bernstein"
tt8550804,5,2025-08-02,"The Outsider: Roanoke","The Outsider: Roanoke",https://www.imdb.com/title/tt8550804,TV Episode,8.6,60,2020,"Thriller, Crime, Drama, Mystery, Horror",5713,"2020-01-12","Jason Bateman"
tt8550802,6,2025-08-02,"The Outsider: Fish in a Barrel","The Outsider: Fish in a Barrel",https://www.imdb.com/title/tt8550802,TV Episode,8.8,61,2020,"Thriller, Crime, Drama, Mystery, Horror",6759,"2020-01-12","Jason Bateman"
tt8550800,5,2025-08-02,"The Outsider","The Outsider",https://www.imdb.com/title/tt8550800,TV Mini Series,7.6,60,2020,"Thriller, Crime, Drama, Mystery, Horror",118758,"2020-01-12",
tt2377322,6,2025-07-26,"Deliver Us from Evil","Deliver Us from Evil",https://www.imdb.com/title/tt2377322,Movie,6.2,118,2014,"Horror, Thriller, Mystery, Crime",91678,"2014-07-02","Scott Derrickson"
tt12650854,10,2025-07-25,"Cyberpunk: Edgerunners: My Moon My Man","Cyberpunk: Edgerunners: My Moon My Man",https://www.imdb.com/title/tt12650854,TV Episode,9.4,29,2022,"Animation, Sci-Fi, Action, Crime, Adventure, Thriller, Drama",12125,"2022-09-13","Hiroyuki Imaishi,Kôdai Nakano"
tt12650850,8,2025-07-25,"Cyberpunk: Edgerunners: Humanity","Cyberpunk: Edgerunners: Humanity",https://www.imdb.com/title/tt12650850,TV Episode,8.6,27,2022,"Animation, Sci-Fi, Action, Crime, Adventure, Thriller, Drama",7075,"2022-09-13","Noboru Furukawa,Hiroyuki Imaishi,Yoshiyuki Kaneko"
tt12650846,8,2025-07-25,"Cyberpunk: Edgerunners: Stay","Cyberpunk: Edgerunners: Stay",https://www.imdb.com/title/tt12650846,TV Episode,8.2,26,2022,"Animation, Sci-Fi, Action, Crime, Adventure, Thriller, Drama",6865,"2022-09-13","Hiroyuki Imaishi,Yûichi Shimodaira"
tt12650844,8,2025-07-25,"Cyberpunk: Edgerunners: Stronger","Cyberpunk: Edgerunners: Stronger",https://www.imdb.com/title/tt12650844,TV Episode,8.0,26,2022,"Animation, Sci-Fi, Action, Crime, Adventure, Thriller, Drama",6877,"2022-09-13","Hiroyuki Imaishi,Tomoyuki Munehiro"
tt12650842,8,2025-07-25,"Cyberpunk: Edgerunners: Girl on Fire","Cyberpunk: Edgerunners: Girl on Fire",https://www.imdb.com/title/tt12650842,TV Episode,9.2,28,2022,"Animation, Sci-Fi, Action, Crime, Adventure, Thriller, Drama",9373,"2022-09-13","Hiroyuki Imaishi,Yoshiyuki Kaneko"
tt12650840,8,2025-07-25,"Cyberpunk: Edgerunners: All Eyez On Me","Cyberpunk: Edgerunners: All Eyez On Me",https://www.imdb.com/title/tt12650840,TV Episode,8.0,25,2022,"Animation, Sci-Fi, Action, Crime, Adventure, Thriller, Drama",7048,"2022-09-13","Hiroyuki Imaishi,Kôdai Nakano"
tt12650838,8,2025-07-25,"Cyberpunk: Edgerunners: Lucky You","Cyberpunk: Edgerunners: Lucky You",https://www.imdb.com/title/tt12650838,TV Episode,8.6,26,2022,"Animation, Sci-Fi, Action, Crime, Adventure, Thriller, Drama",7771,"2022-09-13","Noboru Furukawa,Hiroyuki Imaishi"
tt12650836,8,2025-07-25,"Cyberpunk: Edgerunners: Smooth Criminal","Cyberpunk: Edgerunners: Smooth Criminal",https://www.imdb.com/title/tt12650836,TV Episode,7.8,26,2022,"Animation, Sci-Fi, Action, Crime, Adventure, Thriller, Drama",7433,"2022-09-13","Hiroyuki Imaishi,Rei Ôwada"
tt12650834,9,2025-07-25,"Cyberpunk: Edgerunners: Like A Boy","Cyberpunk: Edgerunners: Like A Boy",https://www.imdb.com/title/tt12650834,TV Episode,8.2,26,2022,"Animation, Sci-Fi, Action, Crime, Adventure, Thriller, Drama",7894,"2022-09-13","Hiroyuki Imaishi,Yûichi Shimodaira"
tt12650832,8,2025-07-25,"Cyberpunk: Edgerunners: Let You Down","Cyberpunk: Edgerunners: Let You Down",https://www.imdb.com/title/tt12650832,TV Episode,7.8,26,2022,"Animation, Sci-Fi, Action, Crime, Adventure, Thriller, Drama",8418,"2022-09-13","Yoshiyuki Kaneko,Hiroyuki Imaishi"
tt12590266,9,2025-07-25,"Cyberpunk: Edgerunners","Cyberpunk: Edgerunners",https://www.imdb.com/title/tt12590266,TV Series,8.3,24,2022,"Animation, Sci-Fi, Action, Crime, Adventure, Thriller, Drama",133458,"2022-09-13",
tt32020945,6,2025-07-24,"Snowpiercer: Last Stop","Snowpiercer: Last Stop",https://www.imdb.com/title/tt32020945,TV Episode,6.5,46,2024,"Action, Drama, Sci-Fi, Thriller",519,"2024-09-22","Christoph Schrewe"
tt31805246,6,2025-07-24,"Snowpiercer: Dominant Traits","Snowpiercer: Dominant Traits",https://www.imdb.com/title/tt31805246,TV Episode,6.8,45,2024,"Action, Drama, Sci-Fi, Thriller",427,"2024-09-15","Christoph Schrewe"
tt31805243,6,2025-07-24,"Snowpiercer: By Weeping Cross","Snowpiercer: By Weeping Cross",https://www.imdb.com/title/tt31805243,TV Episode,6.7,47,2024,"Action, Drama, Sci-Fi, Thriller",429,"2024-09-08","Leslie Hope"
tt31805241,6,2025-07-24,"Snowpiercer: A Moth to a Flame","Snowpiercer: A Moth to a Flame",https://www.imdb.com/title/tt31805241,TV Episode,7.2,47,2024,"Action, Drama, Sci-Fi, Thriller",455,"2024-09-01","Leslie Hope"
tt31805239,6,2025-07-24,"Snowpiercer: Bell the Cat","Snowpiercer: Bell the Cat",https://www.imdb.com/title/tt31805239,TV Episode,6.7,47,2024,"Action, Drama, Sci-Fi, Thriller",443,"2024-08-25","Joe Menendez"
tt32020925,6,2025-07-24,"Snowpiercer: The Engineer","Snowpiercer: The Engineer",https://www.imdb.com/title/tt32020925,TV Episode,7.2,46,2024,"Action, Drama, Sci-Fi, Thriller",481,"2024-08-18","Joe Menendez"
tt31805235,6,2025-07-24,"Snowpiercer: North Star","Snowpiercer: North Star",https://www.imdb.com/title/tt31805235,TV Episode,6.7,45,2024,"Action, Drama, Sci-Fi, Thriller",476,"2024-08-11","Leslie Hope"
tt31867311,6,2025-07-24,"Snowpiercer: Life Source","Snowpiercer: Life Source",https://www.imdb.com/title/tt31867311,TV Episode,6.3,47,2024,"Action, Drama, Sci-Fi, Thriller",521,"2024-08-04","Leslie Hope"
tt31805231,6,2025-07-24,"Snowpiercer: The Sting of Survival","Snowpiercer: The Sting of Survival",https://www.imdb.com/title/tt31805231,TV Episode,7.1,44,2024,"Action, Drama, Sci-Fi, Thriller",543,"2024-07-28","Christoph Schrewe"
tt15155850,6,2025-07-24,"Snowpiercer: Snakes in the Garden","Snowpiercer: Snakes in the Garden",https://www.imdb.com/title/tt15155850,TV Episode,7.0,46,2024,"Action, Drama, Sci-Fi, Thriller",622,"2024-07-21","Christoph Schrewe"
tt15061636,7,2025-07-24,"Snowpiercer: The Original Sinners","Snowpiercer: The Original Sinners",https://www.imdb.com/title/tt15061636,TV Episode,7.8,48,2022,"Action, Drama, Sci-Fi, Thriller",1277,"2022-03-28","Christoph Schrewe"
tt15079028,7,2025-07-24,"Snowpiercer: A Beacon for Us All","Snowpiercer: A Beacon for Us All",https://www.imdb.com/title/tt15079028,TV Episode,7.3,46,2022,"Action, Drama, Sci-Fi, Thriller",1074,"2022-03-21","Christoph Schrewe"
tt15127814,6,2025-07-24,"Snowpiercer: Setting Itself Right","Snowpiercer: Setting Itself Right",https://www.imdb.com/title/tt15127814,TV Episode,6.4,46,2022,"Action, Drama, Sci-Fi, Thriller",954,"2022-03-14","Leslie Hope"
tt15127818,6,2025-07-24,"Snowpiercer: Ouroboros","Snowpiercer: Ouroboros",https://www.imdb.com/title/tt15127818,TV Episode,4.2,44,2022,"Action, Drama, Sci-Fi, Thriller",1803,"2022-03-07","Christoph Schrewe"
tt6156584,6,2025-07-24,"Snowpiercer","Snowpiercer",https://www.imdb.com/title/tt6156584,TV Series,6.9,60,2020,"Action, Drama, Sci-Fi, Thriller",75862,"2020-05-17",
tt14998038,6,2025-07-21,"Snowpiercer: Born to Bleed","Snowpiercer: Born to Bleed",https://www.imdb.com/title/tt14998038,TV Episode,6.5,46,2022,"Action, Drama, Sci-Fi, Thriller",1013,"2022-02-28","Leslie Hope"
tt15215398,7,2025-07-21,"Snowpiercer: A New Life","Snowpiercer: A New Life",https://www.imdb.com/title/tt15215398,TV Episode,6.3,43,2022,"Action, Drama, Sci-Fi, Thriller",1005,"2022-02-21","Erica Watson"
tt14979996,7,2025-07-19,"Snowpiercer: Bound by One Track","Snowpiercer: Bound by One Track",https://www.imdb.com/title/tt14979996,TV Episode,6.4,46,2022,"Action, Drama, Sci-Fi, Thriller",1062,"2022-02-14","Leslie Hope"
tt15215394,7,2025-07-19,"Snowpiercer: The First Blow","Snowpiercer: The First Blow",https://www.imdb.com/title/tt15215394,TV Episode,7.3,45,2022,"Action, Drama, Sci-Fi, Thriller",1124,"2022-02-07","Erica Watson"
tt15215388,7,2025-07-19,"Snowpiercer: The Last to Go","Snowpiercer: The Last to Go",https://www.imdb.com/title/tt15215388,TV Episode,7.0,46,2022,"Action, Drama, Sci-Fi, Thriller",1102,"2022-01-31","Christoph Schrewe"
tt13877192,7,2025-07-19,"Snowpiercer: The Tortoise and the Hare","Snowpiercer: The Tortoise and the Hare",https://www.imdb.com/title/tt13877192,TV Episode,6.7,48,2022,"Action, Drama, Sci-Fi, Thriller",1264,"2022-01-24","Christoph Schrewe"
tt11162550,7,2025-07-19,"Snowpiercer: Into the White","Snowpiercer: Into the White",https://www.imdb.com/title/tt11162550,TV Episode,8.1,47,2021,"Action, Drama, Sci-Fi, Thriller",1526,"2021-03-29","Clare Kilner"
tt11162546,7,2025-07-19,"Snowpiercer: The Show Must Go On","Snowpiercer: The Show Must Go On",https://www.imdb.com/title/tt11162546,TV Episode,7.6,47,2021,"Action, Drama, Sci-Fi, Thriller",1305,"2021-03-29","Clare Kilner"
tt11162544,7,2025-07-19,"Snowpiercer: The Eternal Engineer","Snowpiercer: The Eternal Engineer",https://www.imdb.com/title/tt11162544,TV Episode,7.7,48,2021,"Action, Drama, Sci-Fi, Thriller",1406,"2021-03-15","Rebecca Rodriguez"
tt11162540,7,2025-07-19,"Snowpiercer: Our Answer for Everything","Snowpiercer: Our Answer for Everything",https://www.imdb.com/title/tt11162540,TV Episode,7.2,47,2021,"Action, Drama, Sci-Fi, Thriller",1275,"2021-03-08","Rebecca Rodriguez"
tt11162538,7,2025-07-19,"Snowpiercer: Many Miles from Snowpiercer","Snowpiercer: Many Miles from Snowpiercer",https://www.imdb.com/title/tt11162538,TV Episode,8.2,46,2021,"Action, Drama, Sci-Fi, Thriller",1835,"2021-03-01","Leslie Hope"
tt11170770,7,2025-07-19,"Snowpiercer: Keep Hope Alive","Snowpiercer: Keep Hope Alive",https://www.imdb.com/title/tt11170770,TV Episode,7.2,48,2021,"Action, Drama, Sci-Fi, Thriller",1314,"2021-02-22","Leslie Hope"
tt11165554,7,2025-07-17,"Snowpiercer: A Single Trade","Snowpiercer: A Single Trade",https://www.imdb.com/title/tt11165554,TV Episode,7.1,47,2021,"Action, Drama, Sci-Fi, Thriller",1401,"2021-02-15","David Frazee"
tt11165544,7,2025-07-17,"Snowpiercer: A Great Odyssey","Snowpiercer: A Great Odyssey",https://www.imdb.com/title/tt11165544,TV Episode,7.5,45,2021,"Action, Drama, Sci-Fi, Thriller",1455,"2021-02-08","David Frazee"
tt11165534,7,2025-07-15,"Snowpiercer: Smoulder to Life","Snowpiercer: Smoulder to Life",https://www.imdb.com/title/tt11165534,TV Episode,7.4,48,2021,"Action, Drama, Sci-Fi, Thriller",1536,"2021-02-01","Christoph Schrewe"
tt11146896,8,2025-07-15,"Snowpiercer: The Time of Two Engines","Snowpiercer: The Time of Two Engines",https://www.imdb.com/title/tt11146896,TV Episode,7.7,47,2021,"Action, Drama, Sci-Fi, Thriller",1776,"2021-01-25","Christoph Schrewe"
tt8157220,8,2025-07-14,"Snowpiercer: 994 Cars Long","Snowpiercer: 994 Cars Long",https://www.imdb.com/title/tt8157220,TV Episode,8.1,45,2020,"Action, Drama, Sci-Fi, Thriller",2143,"2020-07-12","James Hawes"
tt8157218,7,2025-07-14,"Snowpiercer: The Train Demanded Blood","Snowpiercer: The Train Demanded Blood",https://www.imdb.com/title/tt8157218,TV Episode,8.1,44,2020,"Action, Drama, Sci-Fi, Thriller",1949,"2020-07-12","James Hawes"
tt8157216,7,2025-07-14,"Snowpiercer: These Are His Revolutions","Snowpiercer: These Are His Revolutions",https://www.imdb.com/title/tt8157216,TV Episode,7.6,48,2020,"Action, Drama, Sci-Fi, Thriller",1856,"2020-07-05","Everardo Gout"
tt8157214,7,2025-07-14,"Snowpiercer: The Universe Is Indifferent","Snowpiercer: The Universe Is Indifferent",https://www.imdb.com/title/tt8157214,TV Episode,7.4,47,2020,"Action, Drama, Sci-Fi, Thriller",1815,"2020-06-28","Helen Shaver"
tt8157212,7,2025-07-14,"Snowpiercer: Trouble Comes Sideways","Snowpiercer: Trouble Comes Sideways",https://www.imdb.com/title/tt8157212,TV Episode,7.3,46,2020,"Action, Drama, Sci-Fi, Thriller",1831,"2020-06-21","Helen Shaver"
tt8157210,7,2025-07-14,"Snowpiercer: Justice Never Boarded","Snowpiercer: Justice Never Boarded",https://www.imdb.com/title/tt8157210,TV Episode,7.2,47,2020,"Action, Drama, Sci-Fi, Thriller",1916,"2020-06-14","Frederick E.O. Toye"
tt8157208,7,2025-07-14,"Snowpiercer: Without Their Maker","Snowpiercer: Without Their Maker",https://www.imdb.com/title/tt8157208,TV Episode,7.5,46,2020,"Action, Drama, Sci-Fi, Thriller",2088,"2020-06-07","Frederick E.O. Toye"
tt8157206,7,2025-07-14,"Snowpiercer: Access Is Power","Snowpiercer: Access Is Power",https://www.imdb.com/title/tt8157206,TV Episode,6.9,45,2020,"Action, Drama, Sci-Fi, Thriller",2145,"2020-05-31","Sam Miller"
tt8157204,7,2025-07-14,"Snowpiercer: Prepare to Brace","Snowpiercer: Prepare to Brace",https://www.imdb.com/title/tt8157204,TV Episode,7.0,46,2020,"Action, Drama, Sci-Fi, Thriller",2430,"2020-05-24","Sam Miller"
tt6900132,7,2025-07-14,"Snowpiercer: First, the Weather Changed","Snowpiercer: First, the Weather Changed",https://www.imdb.com/title/tt6900132,TV Episode,7.1,52,2020,"Action, Drama, Sci-Fi, Thriller",2966,"2020-05-17","James Hawes"
tt11858890,7,2025-07-12,"The Creator","The Creator",https://www.imdb.com/title/tt11858890,Movie,6.7,133,2023,"Action, Drama, Sci-Fi, Thriller, Adventure",204110,"2023-09-29","Gareth Edwards"
tt9788490,7,2025-07-11,"Love, Death & Robots: Suits","Love, Death & Robots: Suits",https://www.imdb.com/title/tt9788490,TV Episode,7.4,17,2019,"Animation, Short, Comedy, Fantasy, Horror, Sci-Fi, Action, Adventure, Drama, Mystery, Thriller",21391,"2019-03-15","Franck Balson,Gabriele Pennacchioli"
tt9788486,7,2025-07-11,"Love, Death & Robots: The Witness","Love, Death & Robots: The Witness",https://www.imdb.com/title/tt9788486,TV Episode,7.8,12,2019,"Animation, Short, Comedy, Fantasy, Horror, Sci-Fi, Action, Adventure, Drama, Mystery, Thriller",25556,"2019-03-15","Alberto Mielgo,Gabriele Pennacchioli"
tt9788484,7,2025-07-11,"Love, Death & Robots: Three Robots","Love, Death & Robots: Three Robots",https://www.imdb.com/title/tt9788484,TV Episode,7.9,12,2019,"Animation, Short, Comedy, Fantasy, Horror, Sci-Fi, Action, Adventure, Drama, Mystery, Thriller",26190,"2019-03-15","Víctor Maldonado,Alfredo Torres,Gabriele Pennacchioli"
tt9781722,8,2025-07-11,"Love, Death & Robots: Sonnie's Edge","Love, Death & Robots: Sonnie's Edge",https://www.imdb.com/title/tt9781722,TV Episode,8.2,17,2019,"Animation, Short, Comedy, Fantasy, Horror, Sci-Fi, Action, Adventure, Drama, Mystery, Thriller",28042,"2019-03-15","Dave Wilson,Gabriele Pennacchioli"
tt0317219,8,2025-07-09,"Cars","Cars",https://www.imdb.com/title/tt0317219,Movie,7.3,116,2006,"Animation, Family, Sport, Comedy, Adventure",546280,"2006-06-09","John Lasseter,Joe Ranft"
tt0797602,8,2025-07-08,"Planet Earth: Mountains","Planet Earth: Mountains",https://www.imdb.com/title/tt0797602,TV Episode,8.8,48,2006,"Documentary, Family",3827,"2007-03-25","Alastair Fothergill"
tt0797603,8,2025-07-08,"Planet Earth: From Pole to Pole","Planet Earth: From Pole to Pole",https://www.imdb.com/title/tt0797603,TV Episode,9.0,49,2006,"Documentary, Family",4510,"2007-03-25","Alastair Fothergill,Mark Linfield"
tt2981768,8,2025-07-08,"Patema Inverted","Sakasama no Patema",https://www.imdb.com/title/tt2981768,Movie,7.3,98,2013,"Animation, Adventure, Drama, Fantasy, Sci-Fi, Romance",11426,"2013-11-09","Yasuhiro Yoshiura"
tt0268978,8,2025-07-06,"A Beautiful Mind","A Beautiful Mind",https://www.imdb.com/title/tt0268978,Movie,8.2,135,2001,"Biography, Mystery, Drama",1061779,"2002-01-04","Ron Howard"
tt32194932,5,2025-07-05,"The Ritual","The Ritual",https://www.imdb.com/title/tt32194932,Movie,4.5,98,2025,"Horror, Drama, Thriller",7565,"2025-06-06","David Midell"
tt0209144,8,2025-07-03,"Memento","Memento",https://www.imdb.com/title/tt0209144,Movie,8.4,113,2000,"Thriller, Mystery",1454852,"2001-05-25","Christopher Nolan"
tt36463894,2,2025-07-03,"Predator: Killer of Killers","Predator: Killer of Killers",https://www.imdb.com/title/tt36463894,Movie,7.4,85,2025,"Animation, Action, Sci-Fi, Thriller, Adventure",62835,"2025-06-06","Dan Trachtenberg,Joshua Wassung"
tt32246771,5,2025-07-02,"Bring Her Back","Bring Her Back",https://www.imdb.com/title/tt32246771,Movie,7.1,104,2025,"Horror, Mystery",139094,"2025-05-30","Danny Philippou,Michael Philippou"
tt0448011,7,2025-07-01,"Knowing","Knowing",https://www.imdb.com/title/tt0448011,Movie,6.2,121,2009,"Thriller, Sci-Fi, Mystery",263684,"2009-03-20","Alex Proyas"
tt37427778,8,2025-07-01,"Squid Game: Saram-eun...","Ojing-eo geim: Saram-eun...",https://www.imdb.com/title/tt37427778,TV Episode,6.7,55,2025,"Mystery, Thriller, Drama, Action, Crime",22147,"2025-06-27","Hwang Dong-hyuk"
tt37427776,7,2025-07-01,"Squid Game: o/_\|_|","Ojing-eo geim: o/_\|_|",https://www.imdb.com/title/tt37427776,TV Episode,7.5,62,2025,"Mystery, Thriller, Drama, Action, Crime",14342,"2025-06-27","Hwang Dong-hyuk"
tt37427772,7,2025-07-01,"Squid Game: 222","Ojing-eo geim: 222",https://www.imdb.com/title/tt37427772,TV Episode,7.6,66,2025,"Mystery, Thriller, Drama, Action, Crime",14270,"2025-06-27","Hwang Dong-hyuk"
tt37427768,7,2025-07-01,"Squid Game: Dangsin-ui tas-i anida","Ojing-eo geim: Dangsin-ui tas-i anida",https://www.imdb.com/title/tt37427768,TV Episode,7.6,66,2025,"Mystery, Thriller, Drama, Action, Crime",14348,"2025-06-27","Hwang Dong-hyuk"
tt35643632,7,2025-07-01,"Squid Game: Byeol-i bichnaneun bam","Ojing-eo geim: Byeol-i bichnaneun bam",https://www.imdb.com/title/tt35643632,TV Episode,8.5,60,2025,"Mystery, Thriller, Drama, Action, Crime",18917,"2025-06-27","Hwang Dong-hyuk"
tt33056155,7,2025-07-01,"Squid Game: Yeolsoewa kal","Ojing-eo geim: Yeolsoewa kal",https://www.imdb.com/title/tt33056155,TV Episode,7.3,57,2025,"Mystery, Thriller, Drama, Action, Crime",16079,"2025-06-27","Hwang Dong-hyuk"
tt5834426,8,2025-06-27,"Moonfall","Moonfall",https://www.imdb.com/title/tt5834426,Movie,5.2,130,2022,"Sci-Fi, Adventure, Action",115284,"2022-02-04","Roland Emmerich"
tt23060698,5,2025-06-26,"Clown in a Cornfield","Clown in a Cornfield",https://www.imdb.com/title/tt23060698,Movie,5.6,96,2025,"Horror, Mystery, Thriller",27824,"2025-05-09","Eli Craig"
tt1622979,5,2025-06-24,"Final Destination 5","Final Destination 5",https://www.imdb.com/title/tt1622979,Movie,5.9,92,2011,"Horror, Thriller",153486,"2011-08-12","Steven Quale"
tt9619824,5,2025-06-24,"Final Destination: Bloodlines","Final Destination Bloodlines",https://www.imdb.com/title/tt9619824,Movie,6.7,110,2025,"Horror, Thriller",170533,"2025-05-16","Zach Lipovsky,Adam B. Stein"
tt1144884,5,2025-06-22,"The Final Destination","The Final Destination",https://www.imdb.com/title/tt1144884,Movie,5.1,82,2009,"Horror, Thriller",143523,"2009-08-28","David R. Ellis"
tt0414982,5,2025-06-22,"Final Destination 3","Final Destination 3",https://www.imdb.com/title/tt0414982,Movie,5.9,93,2006,"Horror, Thriller",187470,"2006-02-10","James Wong"
tt0195714,4,2025-06-21,"Final Destination","Final Destination",https://www.imdb.com/title/tt0195714,Movie,6.7,98,2000,"Thriller, Horror",339875,"2000-03-17","James Wong"
tt14169960,6,2025-06-19,"All of Us Are Dead","Jigeum uri hakgyoneun",https://www.imdb.com/title/tt14169960,TV Series,7.6,60,2022,"Fantasy, Horror, Drama, Action, Thriller, Sci-Fi",94222,"2022-01-28",
tt17493750,6,2025-06-17,"All of Us Are Dead: Episode #1.12","Jigeum uri hakgyoneun: Episode #1.12",https://www.imdb.com/title/tt17493750,TV Episode,7.5,53,2022,"Fantasy, Horror, Drama, Action, Thriller, Sci-Fi",2885,"2022-01-28","J.Q. Lee"
tt17493740,6,2025-06-17,"All of Us Are Dead: Episode #1.11","Jigeum uri hakgyoneun: Episode #1.11",https://www.imdb.com/title/tt17493740,TV Episode,8.2,56,2022,"Fantasy, Horror, Drama, Action, Thriller, Sci-Fi",2887,"2022-01-28","J.Q. Lee"
tt17493736,6,2025-06-17,"All of Us Are Dead: Episode #1.10","Jigeum uri hakgyoneun: Episode #1.10",https://www.imdb.com/title/tt17493736,TV Episode,8.0,54,2022,"Fantasy, Horror, Drama, Action, Thriller, Sci-Fi",2532,"2022-01-28","J.Q. Lee"
tt17493732,6,2025-06-17,"All of Us Are Dead: Episode #1.9","Jigeum uri hakgyoneun: Episode #1.9",https://www.imdb.com/title/tt17493732,TV Episode,7.8,61,2022,"Fantasy, Horror, Drama, Action, Thriller, Sci-Fi",2525,"2022-01-28","J.Q. Lee"
tt16861750,6,2025-06-17,"All of Us Are Dead: Episode #1.8","Jigeum uri hakgyoneun: Episode #1.8",https://www.imdb.com/title/tt16861750,TV Episode,7.8,57,2022,"Fantasy, Horror, Drama, Action, Thriller, Sci-Fi",2585,"2022-01-28","J.Q. Lee"
tt16861778,6,2025-06-17,"All of Us Are Dead: Episode #1.7","Jigeum uri hakgyoneun: Episode #1.7",https://www.imdb.com/title/tt16861778,TV Episode,7.9,60,2022,"Fantasy, Horror, Drama, Action, Thriller, Sci-Fi",2630,"2022-01-28","J.Q. Lee"
tt16861722,6,2025-06-10,"All of Us Are Dead: Episode #1.6","Jigeum uri hakgyoneun: Episode #1.6",https://www.imdb.com/title/tt16861722,TV Episode,7.5,67,2022,"Fantasy, Horror, Drama, Action, Thriller, Sci-Fi",2655,"2022-01-28","J.Q. Lee"
tt16861776,6,2025-06-10,"All of Us Are Dead: Episode #1.5","Jigeum uri hakgyoneun: Episode #1.5",https://www.imdb.com/title/tt16861776,TV Episode,7.9,56,2022,"Fantasy, Horror, Drama, Action, Thriller, Sci-Fi",2736,"2022-01-28","J.Q. Lee"
tt16860902,7,2025-06-10,"All of Us Are Dead: Episode #1.4","Jigeum uri hakgyoneun: Episode #1.4",https://www.imdb.com/title/tt16860902,TV Episode,7.7,72,2022,"Fantasy, Horror, Drama, Action, Thriller, Sci-Fi",2767,"2022-01-28","J.Q. Lee"
tt16860888,7,2025-06-08,"All of Us Are Dead: Episode #1.3","Jigeum uri hakgyoneun: Episode #1.3",https://www.imdb.com/title/tt16860888,TV Episode,8.0,62,2022,"Fantasy, Horror, Drama, Action, Thriller, Sci-Fi",3105,"2022-01-28","J.Q. Lee"
tt16860882,7,2025-06-08,"All of Us Are Dead: Episode #1.2","Jigeum uri hakgyoneun: Episode #1.2",https://www.imdb.com/title/tt16860882,TV Episode,7.8,70,2022,"Fantasy, Horror, Drama, Action, Thriller, Sci-Fi",3270,"2022-01-28","J.Q. Lee"
tt14797632,6,2025-06-08,"All of Us Are Dead: Episode #1.1","Jigeum uri hakgyoneun: Episode #1.1",https://www.imdb.com/title/tt14797632,TV Episode,7.4,66,2022,"Fantasy, Horror, Drama, Action, Thriller, Sci-Fi",3885,"2022-01-28","J.Q. Lee"
tt14088510,6,2025-06-06,"Tarot","Tarot",https://www.imdb.com/title/tt14088510,Movie,4.8,92,2024,"Horror",40943,"2024-05-03","Spenser Cohen,Anna Halberg"
tt4419684,4,2025-06-03,"In the Lost Lands","In the Lost Lands",https://www.imdb.com/title/tt4419684,Movie,4.7,101,2025,"Action, Adventure, Fantasy, Horror",18024,"2025-03-07","Paul W.S. Anderson"
tt3427252,6,2025-06-02,"The Boogeyman","The Boogeyman",https://www.imdb.com/title/tt3427252,Movie,5.9,98,2023,"Horror, Mystery, Thriller",54539,"2023-06-02","Rob Savage"
tt8790086,4,2025-06-02,"Kraven the Hunter","Kraven the Hunter",https://www.imdb.com/title/tt8790086,Movie,5.5,127,2024,"Action, Thriller, Adventure",86206,"2024-12-13","J.C. Chandor"
tt0463854,4,2025-05-31,"28 Weeks Later","28 Weeks Later",https://www.imdb.com/title/tt0463854,Movie,6.8,100,2007,"Horror, Sci-Fi",367546,"2007-05-11","Juan Carlos Fresnadillo"
tt4513678,6,2025-05-31,"Ghostbusters: Afterlife","Ghostbusters: Afterlife",https://www.imdb.com/title/tt4513678,Movie,7.0,124,2021,"Comedy, Fantasy, Adventure, Sci-Fi",242965,"2021-11-19","Jason Reitman"
tt30955489,6,2025-05-30,"Until Dawn","Until Dawn",https://www.imdb.com/title/tt30955489,Movie,5.7,103,2025,"Horror, Drama, Mystery",71122,"2025-04-25","David F. Sandberg"
tt32550887,4,2025-05-29,"The Last of Us: Convergence","The Last of Us: Convergence",https://www.imdb.com/title/tt32550887,TV Episode,6.2,50,2025,"Adventure, Horror, Drama, Thriller, Sci-Fi, Action",26588,"2025-05-25","Nina Lopez-Corrado"
tt32550886,6,2025-05-29,"The Last of Us: The Price","The Last of Us: The Price",https://www.imdb.com/title/tt32550886,TV Episode,8.4,60,2025,"Adventure, Horror, Drama, Thriller, Sci-Fi, Action",32213,"2025-05-18","Neil Druckmann"
tt32550885,5,2025-05-29,"The Last of Us: Feel Her Love","The Last of Us: Feel Her Love",https://www.imdb.com/title/tt32550885,TV Episode,7.1,45,2025,"Adventure, Horror, Drama, Thriller, Sci-Fi, Action",29746,"2025-05-11","Stephen Williams"
tt32550883,6,2025-05-28,"The Last of Us: Day One","The Last of Us: Day One",https://www.imdb.com/title/tt32550883,TV Episode,6.1,53,2025,"Adventure, Horror, Drama, Thriller, Sci-Fi, Action",41131,"2025-05-04","Kate Herron"
tt32550882,6,2025-05-28,"The Last of Us: The Path","The Last of Us: The Path",https://www.imdb.com/title/tt32550882,TV Episode,6.7,57,2025,"Adventure, Horror, Drama, Thriller, Sci-Fi, Action",33781,"2025-04-27","Peter Hoar"
tt31804612,10,2025-05-27,"The Last of Us: Through the Valley","The Last of Us: Through the Valley",https://www.imdb.com/title/tt31804612,TV Episode,9.1,57,2025,"Adventure, Horror, Drama, Thriller, Sci-Fi, Action",62566,"2025-04-20","Mark Mylod"
tt26469967,7,2025-05-27,"The Last of Us: Future Days","The Last of Us: Future Days",https://www.imdb.com/title/tt26469967,TV Episode,7.2,59,2025,"Adventure, Horror, Drama, Thriller, Sci-Fi, Action",43307,"2025-04-13","Craig Mazin"
tt7549892,6,2025-05-26,"Terrified","Aterrados",https://www.imdb.com/title/tt7549892,Movie,6.5,87,2017,"Horror",31559,"2018-10-11","Demián Rugna"
tt17219484,4,2025-05-25,"Clock","Clock",https://www.imdb.com/title/tt17219484,Movie,5.0,91,2023,"Horror, Thriller, Drama",7380,"2023-04-28","Alexis Jacknow"
tt27075958,5,2025-05-24,"Fountain of Youth","Fountain of Youth",https://www.imdb.com/title/tt27075958,Movie,5.7,125,2025,"Mystery, Adventure, Fantasy, Action",54873,"2025-05-23","Guy Ritchie"
tt0081505,8,2025-05-24,"The Shining","The Shining",https://www.imdb.com/title/tt0081505,Movie,8.4,146,1980,"Drama, Horror",1239842,"1980-06-13","Stanley Kubrick"
tt1219827,6,2025-05-24,"Ghost in the Shell","Ghost in the Shell",https://www.imdb.com/title/tt1219827,Movie,6.3,107,2017,"Action, Drama, Sci-Fi, Thriller, Crime, Mystery",241219,"2017-03-31","Rupert Sanders"
tt0054215,3,2025-05-23,"Psycho","Psycho",https://www.imdb.com/title/tt0054215,Movie,8.5,109,1960,"Mystery, Thriller, Horror, Drama",792392,"1960-09-08","Alfred Hitchcock"
tt10793644,6,2025-05-21,"The Vigil","The Vigil",https://www.imdb.com/title/tt10793644,Movie,5.8,89,2019,"Horror, Mystery, Thriller",11525,"2021-02-26","Keith Thomas"
tt14400246,6,2025-05-20,"Bird Box: Barcelona","Bird Box: Barcelona",https://www.imdb.com/title/tt14400246,Movie,5.3,112,2023,"Horror, Sci-Fi, Mystery, Thriller",29797,"2023-07-14","David Pastor,Àlex Pastor"
tt12299608,7,2025-05-18,"Mickey 17","Mickey 17",https://www.imdb.com/title/tt12299608,Movie,6.7,137,2025,"Sci-Fi, Adventure, Fantasy, Comedy",259141,"2025-03-07","Bong Joon Ho"
tt0084787,4,2025-05-11,"The Thing","The Thing",https://www.imdb.com/title/tt0084787,Movie,8.2,109,1982,"Mystery, Sci-Fi, Horror",533193,"1982-06-25","John Carpenter"
tt0347618,6,2025-05-11,"The Cat Returns","Neko no ongaeshi",https://www.imdb.com/title/tt0347618,Movie,7.1,75,2002,"Animation, Comedy, Romance, Family, Adventure, Fantasy",73408,"2005-07-13","Hiroyuki Morita"
tt26584495,7,2025-05-09,"Companion","Companion",https://www.imdb.com/title/tt26584495,Movie,6.9,97,2025,"Thriller, Sci-Fi",187678,"2025-01-31","Drew Hancock"
tt13654226,7,2025-05-09,"The Gorge","The Gorge",https://www.imdb.com/title/tt13654226,Movie,6.7,128,2025,"Action, Romance, Sci-Fi, Adventure, Horror",178907,"2025-02-14","Scott Derrickson"
tt27714946,5,2025-05-08,"The Monkey","The Monkey",https://www.imdb.com/title/tt27714946,Movie,5.9,98,2025,"Horror",96913,"2025-02-21","Osgood Perkins"
tt5598292,5,2025-05-07,"Polaroid","Polaroid",https://www.imdb.com/title/tt5598292,Movie,5.2,88,2019,"Horror, Drama, Thriller, Mystery",19323,"2019-09-17","Lars Klevberg"
tt2106651,7,2025-05-06,"Spectral","Spectral",https://www.imdb.com/title/tt2106651,Movie,6.3,107,2016,"Action, Sci-Fi, Adventure",71425,"2016-12-09","Nic Mathieu"
tt1706620,8,2025-05-06,"Snowpiercer","Snowpiercer",https://www.imdb.com/title/tt1706620,Movie,7.1,126,2013,"Sci-Fi, Thriller, Action, Drama",424561,"2014-07-11","Bong Joon Ho"
tt1735898,6,2025-05-05,"Snow White and the Huntsman","Snow White and the Huntsman",https://www.imdb.com/title/tt1735898,Movie,6.1,127,2012,"Action, Fantasy, Adventure, Drama",316565,"2012-06-01","Rupert Sanders"
tt0335345,1,2025-05-03,"The Passion of the Christ","The Passion of the Christ",https://www.imdb.com/title/tt0335345,Movie,7.3,127,2004,"Drama",276485,"2004-02-25","Mel Gibson"
tt1179025,4,2025-05-02,"The Extraordinary Adventures of Adèle Blanc-Sec","Les aventures extraordinaires d'Adèle Blanc-Sec",https://www.imdb.com/title/tt1179025,Movie,6.3,107,2010,"Adventure, Action, Fantasy, Mystery, Family, Comedy",24706,"2010-04-14","Luc Besson"
tt29137778,6,2025-05-01,"Homestead","Homestead",https://www.imdb.com/title/tt29137778,Movie,5.2,112,2024,"Action, Drama, Thriller, Adventure, Sci-Fi",5637,"2024-12-20","Ben Smallbone"
tt0477348,4,2025-04-30,"No Country for Old Men","No Country for Old Men",https://www.imdb.com/title/tt0477348,Movie,8.2,122,2007,"Thriller, Crime, Drama",1208953,"2007-11-21","Ethan Coen,Joel Coen"
tt0876563,7,2025-04-29,"Ponyo","Gake no ue no Ponyo",https://www.imdb.com/title/tt0876563,Movie,7.6,101,2008,"Animation, Family, Fantasy, Adventure, Comedy",188398,"2009-08-14","Hayao Miyazaki"
tt0450259,8,2025-04-28,"Blood Diamond","Blood Diamond",https://www.imdb.com/title/tt0450259,Movie,8.0,143,2006,"Drama, Adventure, Thriller",630048,"2006-12-08","Edward Zwick"
tt0289043,7,2025-04-27,"28 Days Later","28 Days Later",https://www.imdb.com/title/tt0289043,Movie,7.5,113,2002,"Sci-Fi, Thriller, Drama, Horror",554261,"2003-06-27","Danny Boyle"
tt2906216,8,2025-04-25,"Dungeons & Dragons: Honor Among Thieves","Dungeons & Dragons: Honor Among Thieves",https://www.imdb.com/title/tt2906216,Movie,7.2,134,2023,"Adventure, Fantasy, Action, Comedy",277231,"2023-03-31","John Francis Daley,Jonathan Goldstein"
tt17489650,5,2025-04-25,"Ash","Ash",https://www.imdb.com/title/tt17489650,Movie,4.6,95,2025,"Horror, Sci-Fi, Thriller, Mystery, Action, Adventure",17486,"2025-03-21","Flying Lotus"
tt0439815,4,2025-04-22,"Slither","Slither",https://www.imdb.com/title/tt0439815,Movie,6.5,96,2006,"Sci-Fi, Horror, Comedy",95903,"2006-03-31","James Gunn"
tt15173952,6,2025-04-21,"825 Forest Road","825 Forest Road",https://www.imdb.com/title/tt15173952,Movie,5.0,101,2025,"Horror",3151,"2025-04-04","Stephen Cognetti"
tt3923388,6,2025-04-20,"The Call Up","The Call Up",https://www.imdb.com/title/tt3923388,Movie,4.9,90,2016,"Sci-Fi, Action, Thriller, Horror",4311,"2016-06-24","Charles Barker"
tt7646322,5,2025-04-20,"The Devil Below","Shookum Hills",https://www.imdb.com/title/tt7646322,Movie,4.3,88,2021,"Horror, Thriller, Mystery",6600,"2021-03-05","Bradley Parker"
tt26471411,9,2025-04-20,"When Life Gives You Tangerines","Pokssak sogatsuda",https://www.imdb.com/title/tt26471411,TV Series,9.0,60,2025,"Drama, History, Romance",42159,"2025-03-07",
tt8508734,6,2025-04-17,"His House","His House",https://www.imdb.com/title/tt8508734,Movie,6.4,93,2020,"Thriller, Horror, Drama",55647,"2020-10-30","Remi Weekes"
tt26732581,9,2025-04-14,"When Life Gives You Tangerines: A Fruitful Fall","Pokssak sogatsuda: A Fruitful Fall",https://www.imdb.com/title/tt26732581,TV Episode,8.0,62,2025,"Drama, History, Romance",3084,"2025-03-14","Kim Won-seok"
tt26732580,10,2025-04-14,"When Life Gives You Tangerines: Life Goes On and On","Pokssak sogatsuda: Life Goes On and On",https://www.imdb.com/title/tt26732580,TV Episode,9.3,55,2025,"Drama, History, Romance",2514,"2025-03-14","Kim Won-seok"
tt26732578,9,2025-04-14,"When Life Gives You Tangerines: A Midsummer Night's Full Nets","Pokssak sogatsuda: A Midsummer Night's Full Nets",https://www.imdb.com/title/tt26732578,TV Episode,8.8,59,2025,"Drama, History, Romance",2195,"2025-03-14","Kim Won-seok"
tt26732579,9,2025-04-14,"When Life Gives You Tangerines: The Blazing Summer Sunshine","Pokssak sogatsuda: The Blazing Summer Sunshine",https://www.imdb.com/title/tt26732579,TV Episode,9.0,57,2025,"Drama, History, Romance",2427,"2025-03-07","Kim Won-seok"
tt26732577,9,2025-04-14,"When Life Gives You Tangerines: Yesterday Was Your Spring","Pokssak sogatsuda: Yesterday Was Your Spring",https://www.imdb.com/title/tt26732577,TV Episode,9.0,61,2025,"Drama, History, Romance",2531,"2025-03-07","Kim Won-seok"
tt26732576,8,2025-04-14,"When Life Gives You Tangerines: Sassy First Love","Pokssak sogatsuda: Sassy First Love",https://www.imdb.com/title/tt26732576,TV Episode,8.5,52,2025,"Drama, History, Romance",2506,"2025-03-07","Kim Won-seok"
tt26732575,8,2025-04-14,"When Life Gives You Tangerines: Spring in a Heartbeat","Pokssak sogatsuda: Spring in a Heartbeat",https://www.imdb.com/title/tt26732575,TV Episode,8.4,55,2025,"Drama, History, Romance",2946,"2025-03-07","Kim Won-seok"
tt2400463,4,2025-04-11,"The Invitation","The Invitation",https://www.imdb.com/title/tt2400463,Movie,6.6,100,2015,"Thriller, Drama, Mystery, Horror",130910,"2016-04-08","Karyn Kusama"
tt3289956,6,2025-04-10,"The Autopsy of Jane Doe","The Autopsy of Jane Doe",https://www.imdb.com/title/tt3289956,Movie,6.8,86,2016,"Horror, Mystery, Thriller",168096,"2016-12-21","André Øvredal"
tt3235888,6,2025-04-09,"It Follows","It Follows",https://www.imdb.com/title/tt3235888,Movie,6.8,100,2014,"Horror, Mystery, Thriller",303386,"2015-03-13","David Robert Mitchell"
tt0088763,6,2025-04-06,"Back to the Future","Back to the Future",https://www.imdb.com/title/tt0088763,Movie,8.5,116,1985,"Comedy, Sci-Fi, Adventure",1471018,"1985-07-03","Robert Zemeckis"
tt7865090,8,2025-04-04,"Darling in the Franxx","Darling in the Franxx",https://www.imdb.com/title/tt7865090,TV Series,7.3,24,2018,"Animation, Action, Sci-Fi, Romance, Drama",21389,"2019-08-02",
tt7078180,8,2025-04-04,"Violet Evergarden","Violet Evergarden",https://www.imdb.com/title/tt7078180,TV Mini Series,8.4,24,2018,"Animation, Drama, Sci-Fi, Fantasy, Romance",42737,"2020-08-22",
tt22022452,5,2025-04-03,"Inside Out 2","Inside Out 2",https://www.imdb.com/title/tt22022452,Movie,7.5,96,2024,"Animation, Adventure, Comedy, Drama, Family, Fantasy, Sport",258888,"2024-06-14","Kelsey Mann"
tt1536537,7,2025-03-13,"What Happened to Monday","What Happened to Monday",https://www.imdb.com/title/tt1536537,Movie,6.8,123,2017,"Thriller, Sci-Fi, Action, Crime, Mystery, Fantasy",145986,"2017-08-18","Tommy Wirkola"
tt13062136,9,2025-03-12,"The Walking Dead: Rest in Peace","The Walking Dead: Rest in Peace",https://www.imdb.com/title/tt13062136,TV Episode,8.4,65,2022,"Horror, Drama, Thriller",15894,"2022-11-20","Greg Nicotero"
tt23055660,4,2025-03-08,"Nickel Boys","Nickel Boys",https://www.imdb.com/title/tt23055660,Movie,6.9,140,2024,"Drama",24601,"2025-02-28","RaMell Ross"
tt12772748,10,2025-03-08,"The Walking Dead: Here's Negan","The Walking Dead: Here's Negan",https://www.imdb.com/title/tt12772748,TV Episode,9.2,50,2021,"Horror, Drama, Thriller",19075,"2021-04-04","Laura Belsey"
tt21823606,6,2025-03-06,"A Real Pain","A Real Pain",https://www.imdb.com/title/tt21823606,Movie,7.0,90,2024,"Comedy, Drama",165485,"2024-11-15","Jesse Eisenberg"
tt22398026,8,2025-03-05,"The Narrow Road","Zhai lu wei chen",https://www.imdb.com/title/tt22398026,Movie,7.0,115,2022,"Drama",647,"2022-12-22","Sum Lam"
tt5040012,6,2025-03-03,"Nosferatu","Nosferatu",https://www.imdb.com/title/tt5040012,Movie,7.1,132,2024,"Horror, Fantasy, Mystery",274520,"2024-12-25","Robert Eggers"
tt8250840,8,2025-02-26,"The Walking Dead: The Calm Before","The Walking Dead: The Calm Before",https://www.imdb.com/title/tt8250840,TV Episode,9.3,58,2019,"Horror, Drama, Thriller",18484,"2019-03-24","Laura Belsey"
tt7958876,7,2025-02-26,"The Walking Dead: The Storm","The Walking Dead: The Storm",https://www.imdb.com/title/tt7958876,TV Episode,7.6,46,2019,"Horror, Drama, Thriller",10954,"2019-03-31","Greg Nicotero"
tt8999762,7,2025-02-24,"The Brutalist","The Brutalist",https://www.imdb.com/title/tt8999762,Movie,7.2,216,2024,"Drama",162264,"2025-01-24","Brady Corbet"
tt0780504,6,2025-02-23,"Drive","Drive",https://www.imdb.com/title/tt0780504,Movie,7.8,100,2011,"Drama, Action",772115,"2011-09-16","Nicolas Winding Refn"
tt8250812,9,2025-02-19,"The Walking Dead: What Comes After","The Walking Dead: What Comes After",https://www.imdb.com/title/tt8250812,TV Episode,9.3,45,2018,"Horror, Drama, Thriller",23072,"2018-11-04","Greg Nicotero"
tt6337120,8,2025-02-16,"The Walking Dead: Wrath","The Walking Dead: Wrath",https://www.imdb.com/title/tt6337120,TV Episode,7.8,48,2018,"Horror, Drama, Thriller",14901,"2018-04-15","Greg Nicotero"
tt28100094,9,2025-02-14,"Silo: Into the Fire","Silo: Into the Fire",https://www.imdb.com/title/tt28100094,TV Episode,8.8,59,2025,"Drama, Sci-Fi, Mystery, Adventure",8691,"2025-01-17","Amber Templemore"
tt28100090,8,2025-02-14,"Silo: The Safeguard","Silo: The Safeguard",https://www.imdb.com/title/tt28100090,TV Episode,8.5,60,2025,"Drama, Sci-Fi, Mystery, Adventure",6672,"2025-01-10","Amber Templemore"
tt28100087,8,2025-02-14,"Silo: The Book of Quinn","Silo: The Book of Quinn",https://www.imdb.com/title/tt28100087,TV Episode,6.9,48,2025,"Drama, Sci-Fi, Mystery, Adventure",5510,"2025-01-03","Amber Templemore"
tt28100089,8,2025-02-14,"Silo: The Dive","Silo: The Dive",https://www.imdb.com/title/tt28100089,TV Episode,7.5,51,2024,"Drama, Sci-Fi, Mystery, Adventure",5134,"2024-12-27","Michael Dinner"
tt28100084,8,2025-02-14,"Silo: Barricades","Silo: Barricades",https://www.imdb.com/title/tt28100084,TV Episode,7.1,43,2024,"Drama, Sci-Fi, Mystery, Adventure",5141,"2024-12-20","Michael Dinner"
tt28100083,8,2025-02-14,"Silo: Descent","Silo: Descent",https://www.imdb.com/title/tt28100083,TV Episode,7.1,49,2024,"Drama, Sci-Fi, Mystery, Adventure",5249,"2024-12-13","Amber Templemore"
tt28100079,8,2025-02-14,"Silo: The Harmonium","Silo: The Harmonium",https://www.imdb.com/title/tt28100079,TV Episode,7.5,55,2024,"Drama, Sci-Fi, Mystery, Adventure",5712,"2024-12-06","Aric Avelino"
tt28100076,8,2025-02-14,"Silo: Solo","Silo: Solo",https://www.imdb.com/title/tt28100076,TV Episode,7.5,54,2024,"Drama, Sci-Fi, Mystery, Adventure",6011,"2024-11-27","Aric Avelino"
tt28100075,8,2025-02-14,"Silo: Order","Silo: Order",https://www.imdb.com/title/tt28100075,TV Episode,7.2,41,2024,"Drama, Sci-Fi, Mystery, Adventure",6335,"2024-11-22","Michael Dinner"
tt28077708,8,2025-02-14,"Silo: The Engineer","Silo: The Engineer",https://www.imdb.com/title/tt28077708,TV Episode,7.5,45,2024,"Drama, Sci-Fi, Mystery, Adventure",8089,"2024-11-15","Michael Dinner"
tt14688458,8,2025-02-14,"Silo","Silo",https://www.imdb.com/title/tt14688458,TV Series,8.1,49,2023,"Drama, Sci-Fi, Mystery, Adventure",229403,"2023-05-05",
tt19782854,9,2025-02-12,"Silo: Outside","Silo: Outside",https://www.imdb.com/title/tt19782854,TV Episode,9.0,44,2023,"Drama, Sci-Fi, Mystery, Adventure",11592,"2023-06-30","Adam Bernstein"
tt19782850,8,2025-02-12,"Silo: The Getaway","Silo: The Getaway",https://www.imdb.com/title/tt19782850,TV Episode,8.5,44,2023,"Drama, Sci-Fi, Mystery, Adventure",7704,"2023-06-23","Adam Bernstein"
tt19782808,8,2025-02-12,"Silo: Hanna","Silo: Hanna",https://www.imdb.com/title/tt19782808,TV Episode,8.3,43,2023,"Drama, Sci-Fi, Mystery, Adventure",7678,"2023-06-16","Adam Bernstein"
tt19782800,8,2025-02-12,"Silo: The Flamekeepers","Silo: The Flamekeepers",https://www.imdb.com/title/tt19782800,TV Episode,8.1,47,2023,"Drama, Sci-Fi, Mystery, Adventure",7726,"2023-06-09","Bertie Ellwood,Amber Templemore"
tt18078232,8,2025-02-12,"Silo: The Relic","Silo: The Relic",https://www.imdb.com/title/tt18078232,TV Episode,7.5,51,2023,"Drama, Sci-Fi, Mystery, Adventure",7522,"2023-06-02","Bertie Ellwood,Amber Templemore"
tt17073696,8,2025-02-12,"Silo: The Janitor's Boy","Silo: The Janitor's Boy",https://www.imdb.com/title/tt17073696,TV Episode,7.3,51,2023,"Drama, Sci-Fi, Mystery, Adventure",7738,"2023-05-26","David Semel"
tt16091606,8,2025-02-12,"Silo: Truth","Silo: Truth",https://www.imdb.com/title/tt16091606,TV Episode,7.3,45,2023,"Drama, Sci-Fi, Mystery, Adventure",8346,"2023-05-19","David Semel"
tt17057042,8,2025-02-12,"Silo: Machines","Silo: Machines",https://www.imdb.com/title/tt17057042,TV Episode,8.3,62,2023,"Drama, Sci-Fi, Mystery, Adventure",9874,"2023-05-12","Morten Tyldum"
tt17057038,8,2025-02-12,"Silo: Holston's Pick","Silo: Holston's Pick",https://www.imdb.com/title/tt17057038,TV Episode,8.0,48,2023,"Drama, Sci-Fi, Mystery, Adventure",9537,"2023-05-05","Morten Tyldum"
tt14693272,8,2025-02-12,"Silo: Freedom Day","Silo: Freedom Day",https://www.imdb.com/title/tt14693272,TV Episode,8.2,59,2023,"Drama, Sci-Fi, Mystery, Adventure",11080,"2023-05-05","Morten Tyldum"
tt2049403,7,2025-02-08,"Beetlejuice Beetlejuice","Beetlejuice Beetlejuice",https://www.imdb.com/title/tt2049403,Movie,6.6,105,2024,"Comedy, Fantasy, Horror",178362,"2024-09-06","Tim Burton"
tt27196021,9,2025-02-07,"Small Things Like These","Small Things Like These",https://www.imdb.com/title/tt27196021,Movie,6.7,98,2024,"Drama",39521,"2024-11-08","Tim Mielants"
tt15010692,6,2025-02-06,"The Damned","The Damned",https://www.imdb.com/title/tt15010692,Movie,5.7,89,2024,"Drama, Horror, Mystery",9780,"2025-01-03","Þórður Pálsson"
tt27032708,5,2025-02-05,"Survive","Survive",https://www.imdb.com/title/tt27032708,Movie,4.6,90,2024,"Adventure, Sci-Fi, Action, Thriller, Horror",5466,"2025-01-10","Frédéric Jardin"
tt21692408,5,2025-02-01,"Kung Fu Panda 4","Kung Fu Panda 4",https://www.imdb.com/title/tt21692408,Movie,6.3,94,2024,"Animation, Action, Adventure, Comedy, Family, Fantasy",85217,"2024-03-08","Mike Mitchell,Stephanie Stine"
tt5207772,8,2025-01-26,"The Walking Dead: The First Day of the Rest of Your Life","The Walking Dead: The First Day of the Rest of Your Life",https://www.imdb.com/title/tt5207772,TV Episode,7.9,60,2017,"Horror, Drama, Thriller",19577,"2017-04-02","Greg Nicotero"
tt5207740,9,2025-01-24,"The Walking Dead: Hearts Still Beating","The Walking Dead: Hearts Still Beating",https://www.imdb.com/title/tt5207740,TV Episode,8.7,60,2016,"Horror, Drama, Thriller",17722,"2016-12-11","Michael E. Satrazemis"
tt23289160,5,2025-01-21,"Godzilla Minus One","Gojira Mainasu Wan",https://www.imdb.com/title/tt23289160,Movie,7.6,124,2023,"Action, Adventure, Sci-Fi, Horror, Drama",229700,"2023-12-01","Takashi Yamazaki"
tt0120611,5,2025-01-20,"Blade","Blade",https://www.imdb.com/title/tt0120611,Movie,7.1,120,1998,"Horror, Sci-Fi, Action",334695,"1998-08-21","Stephen Norrington"
tt17526714,1,2025-01-19,"The Substance","The Substance",https://www.imdb.com/title/tt17526714,Movie,7.2,141,2024,"Drama, Horror, Sci-Fi",458497,"2024-09-20","Coralie Fargeat"
tt14824600,7,2025-01-17,"The Lord of the Rings: The War of the Rohirrim","The Lord of the Rings: The War of the Rohirrim",https://www.imdb.com/title/tt14824600,Movie,6.3,134,2024,"Animation, Action, Adventure, Drama, Fantasy",41655,"2024-12-13","Kenji Kamiyama"
tt4772188,4,2025-01-14,"Flow","Straume",https://www.imdb.com/title/tt4772188,Movie,7.8,85,2024,"Animation, Adventure, Fantasy, Family",152661,"2025-02-14","Gints Zilbalodis"
tt9218128,7,2025-01-12,"Gladiator II","Gladiator II",https://www.imdb.com/title/tt9218128,Movie,6.4,148,2024,"Adventure, Drama",310529,"2024-11-22","Ridley Scott"
tt1247467,8,2025-01-11,"Band of Brothers: Replacements","Band of Brothers: Replacements",https://www.imdb.com/title/tt1247467,TV Episode,8.8,57,2001,"History, Action, Drama, War",11702,"2001-09-23","David Nutter"
tt1247464,9,2025-01-11,"Band of Brothers: Crossroads","Band of Brothers: Crossroads",https://www.imdb.com/title/tt1247464,TV Episode,8.7,53,2001,"History, Action, Drama, War",11446,"2001-09-30","Tom Hanks"
tt1247462,9,2025-01-11,"Band of Brothers: Bastogne","Band of Brothers: Bastogne",https://www.imdb.com/title/tt1247462,TV Episode,9.2,64,2001,"History, Action, Drama, War",13040,"2001-10-07","David Leland"
tt1247468,9,2025-01-11,"Band of Brothers: The Breaking Point","Band of Brothers: The Breaking Point",https://www.imdb.com/title/tt1247468,TV Episode,9.4,69,2001,"History, Action, Drama, War",12565,"2001-10-14","David Frankel"
tt1247469,9,2025-01-11,"Band of Brothers: The Last Patrol","Band of Brothers: The Last Patrol",https://www.imdb.com/title/tt1247469,TV Episode,8.7,56,2001,"History, Action, Drama, War",10585,"2001-10-21","Tony To"
tt1247470,9,2025-01-11,"Band of Brothers: Why We Fight","Band of Brothers: Why We Fight",https://www.imdb.com/title/tt1247470,TV Episode,9.6,55,2001,"History, Action, Drama, War",14021,"2001-10-28","David Frankel"
tt1247466,9,2025-01-11,"Band of Brothers: Points","Band of Brothers: Points",https://www.imdb.com/title/tt1247466,TV Episode,9.2,59,2001,"History, Action, Drama, War",10850,"2001-11-04","Mikael Salomon"
tt0185906,9,2025-01-11,"Band of Brothers","Band of Brothers",https://www.imdb.com/title/tt0185906,TV Mini Series,9.4,60,2001,"History, Action, Drama, War",602125,"2001-09-09",
tt1247463,7,2025-01-09,"Band of Brothers: Carentan","Band of Brothers: Carentan",https://www.imdb.com/title/tt1247463,TV Episode,9.0,62,2001,"History, Action, Drama, War",12438,"2001-09-16","Mikael Salomon"
tt1247465,8,2025-01-09,"Band of Brothers: Day of Days","Band of Brothers: Day of Days",https://www.imdb.com/title/tt1247465,TV Episode,9.1,49,2001,"History, Action, Drama, War",13791,"2001-09-09","Richard Loncraine"
tt1245384,6,2025-01-09,"Band of Brothers: Currahee","Band of Brothers: Currahee",https://www.imdb.com/title/tt1245384,TV Episode,8.6,70,2001,"History, Action, Drama, War",14984,"2001-09-09","Phil Alden Robinson"
tt6048922,7,2025-01-08,"Greyhound","Greyhound",https://www.imdb.com/title/tt6048922,Movie,7.0,91,2020,"Drama, War, History, Action",136175,"2020-07-10","Aaron Schneider"
tt3682448,8,2025-01-08,"Bridge of Spies","Bridge of Spies",https://www.imdb.com/title/tt3682448,Movie,7.6,142,2015,"Drama, Thriller, History, War",346787,"2015-10-16","Steven Spielberg"
tt1182345,7,2025-01-07,"Moon","Moon",https://www.imdb.com/title/tt1182345,Movie,7.8,97,2009,"Sci-Fi, Drama, Mystery",397870,"2009-07-10","Duncan Jones"
tt11315808,5,2025-01-07,"Joker: Folie à Deux","Joker: Folie à Deux",https://www.imdb.com/title/tt11315808,Movie,5.2,138,2024,"Musical, Thriller, Drama",187566,"2024-10-04","Todd Phillips"
tt9813792,8,2025-01-07,"From","From",https://www.imdb.com/title/tt9813792,TV Series,7.8,52,2022,"Horror, Sci-Fi, Drama, Mystery, Thriller",204873,"2022-02-20",
tt35153959,7,2025-01-06,"Squid Game: Chinguwa jeok","Ojing-eo geim: Chinguwa jeok",https://www.imdb.com/title/tt35153959,TV Episode,7.1,60,2024,"Mystery, Thriller, Drama, Action, Crime",21216,"2024-12-26","Hwang Dong-hyuk"
tt35149232,8,2025-01-06,"Squid Game: O X","Ojing-eo geim: O X",https://www.imdb.com/title/tt35149232,TV Episode,7.9,52,2024,"Mystery, Thriller, Drama, Action, Crime",17257,"2024-12-26","Hwang Dong-hyuk"
tt35154733,7,2025-01-06,"Squid Game: Han pan deo","Ojing-eo geim: Han pan deo",https://www.imdb.com/title/tt35154733,TV Episode,7.3,76,2024,"Mystery, Thriller, Drama, Action, Crime",16779,"2024-12-26","Hwang Dong-hyuk"
tt35154728,7,2025-01-06,"Squid Game: Yeoseot gaeui dari","Ojing-eo geim: Yeoseot gaeui dari",https://www.imdb.com/title/tt35154728,TV Episode,7.6,62,2024,"Mystery, Thriller, Drama, Action, Crime",16831,"2024-12-26","Hwang Dong-hyuk"
tt35149224,7,2025-01-06,"Squid Game: 001","Ojing-eo geim: 001",https://www.imdb.com/title/tt35149224,TV Episode,7.8,61,2024,"Mystery, Thriller, Drama, Action, Crime",17691,"2024-12-26","Hwang Dong-hyuk"
tt34382288,6,2025-01-06,"Squid Game: Hallowin pati","Ojing-eo geim: Hallowin pati",https://www.imdb.com/title/tt34382288,TV Episode,7.2,51,2024,"Mystery, Thriller, Drama, Action, Crime",18159,"2024-12-26","Hwang Dong-hyuk"
tt15939754,6,2025-01-06,"Squid Game: Ppang-gwa bokgwon","Ojing-eo geim: Ppang-gwa bokgwon",https://www.imdb.com/title/tt15939754,TV Episode,7.9,65,2024,"Mystery, Thriller, Drama, Action, Crime",22325,"2024-12-26","Hwang Dong-hyuk"
tt2592614,7,2025-01-04,"Resident Evil: The Final Chapter","Resident Evil: The Final Chapter",https://www.imdb.com/title/tt2592614,Movie,5.5,107,2016,"Action, Horror, Sci-Fi, Thriller",109789,"2017-01-27","Paul W.S. Anderson"
tt1855325,6,2025-01-04,"Resident Evil: Retribution","Resident Evil: Retribution",https://www.imdb.com/title/tt1855325,Movie,5.3,95,2012,"Action, Sci-Fi, Thriller, Horror",160250,"2012-09-14","Paul W.S. Anderson"
tt1220634,7,2025-01-04,"Resident Evil: Afterlife","Resident Evil: Afterlife",https://www.imdb.com/title/tt1220634,Movie,5.8,96,2010,"Action, Sci-Fi, Horror",189290,"2010-09-10","Paul W.S. Anderson"
tt0432021,7,2025-01-02,"Resident Evil: Extinction","Resident Evil: Extinction",https://www.imdb.com/title/tt0432021,Movie,6.2,94,2007,"Horror, Action, Sci-Fi",217558,"2007-09-21","Russell Mulcahy"
tt0318627,7,2025-01-02,"Resident Evil: Apocalypse","Resident Evil: Apocalypse",https://www.imdb.com/title/tt0318627,Movie,6.1,94,2004,"Horror, Sci-Fi, Thriller, Action",223211,"2004-09-10","Alexander Witt"
tt0120804,7,2025-01-01,"Resident Evil","Resident Evil",https://www.imdb.com/title/tt0120804,Movie,6.6,100,2002,"Sci-Fi, Horror, Action",313839,"2002-03-15","Paul W.S. Anderson"
tt0384537,7,2024-12-31,"Silent Hill","Silent Hill",https://www.imdb.com/title/tt0384537,Movie,6.5,125,2006,"Horror, Mystery",262771,"2006-04-21","Christophe Gans"
tt6402468,4,2024-12-31,"Blood Red Sky","Blood Red Sky",https://www.imdb.com/title/tt6402468,Movie,6.1,121,2021,"Horror, Thriller, Action, Drama",61387,"2021-07-23","Peter Thorwarth"
tt1001520,6,2024-12-30,"The Last Voyage of the Demeter","The Last Voyage of the Demeter",https://www.imdb.com/title/tt1001520,Movie,6.1,118,2023,"Horror, Fantasy, Thriller",71199,"2023-08-11","André Øvredal"
tt13375076,7,2024-12-28,"The Pope's Exorcist","The Pope's Exorcist",https://www.imdb.com/title/tt13375076,Movie,6.1,103,2023,"Horror, Thriller",103582,"2023-04-14","Julius Avery"
tt13433802,7,2024-12-27,"A Quiet Place: Day One","A Quiet Place: Day One",https://www.imdb.com/title/tt13433802,Movie,6.2,99,2024,"Drama, Horror, Sci-Fi, Thriller",181891,"2024-06-28","Michael Sarnoski"
tt15789472,7,2024-12-26,"Nowhere","Nowhere",https://www.imdb.com/title/tt15789472,Movie,6.3,109,2023,"Drama, Thriller",50250,"2023-09-29","Albert Pintó"
tt0118799,9,2024-12-24,"Life Is Beautiful","La vita è bella",https://www.imdb.com/title/tt0118799,Movie,8.6,116,1997,"Comedy, War, Romance, Drama",820726,"1997-12-20","Roberto Benigni"
tt28246647,8,2024-12-24,"From: Revelations: Chapter Two","From: Revelations: Chapter Two",https://www.imdb.com/title/tt28246647,TV Episode,8.2,60,2024,"Horror, Sci-Fi, Drama, Mystery, Thriller",9886,"2024-11-24","Jack Bender"
tt28246645,8,2024-12-24,"From: Revelations: Chapter One","From: Revelations: Chapter One",https://www.imdb.com/title/tt28246645,TV Episode,6.8,57,2024,"Horror, Sci-Fi, Drama, Mystery, Thriller",7203,"2024-11-17","Jack Bender"
tt28246643,7,2024-12-24,"From: Thresholds","From: Thresholds",https://www.imdb.com/title/tt28246643,TV Episode,6.9,50,2024,"Horror, Sci-Fi, Drama, Mystery, Thriller",6992,"2024-11-10","Bruce McDonald"
tt28246642,6,2024-12-24,"From: These Fragile Lives","From: These Fragile Lives",https://www.imdb.com/title/tt28246642,TV Episode,6.0,48,2024,"Horror, Sci-Fi, Drama, Mystery, Thriller",8081,"2024-11-03","Bruce McDonald"
tt28246639,7,2024-12-24,"From: Scar Tissue","From: Scar Tissue",https://www.imdb.com/title/tt28246639,TV Episode,6.7,55,2024,"Horror, Sci-Fi, Drama, Mystery, Thriller",7066,"2024-10-27","Alexandra La Roche"
tt28246637,7,2024-12-24,"From: The Light of Day","From: The Light of Day",https://www.imdb.com/title/tt28246637,TV Episode,7.3,53,2024,"Horror, Sci-Fi, Drama, Mystery, Thriller",7300,"2024-10-20","Alexandra La Roche"
tt28246636,8,2024-12-24,"From: There and Back Again","From: There and Back Again",https://www.imdb.com/title/tt28246636,TV Episode,8.3,46,2024,"Horror, Sci-Fi, Drama, Mystery, Thriller",8279,"2024-10-13","Jack Bender"
tt28246634,8,2024-12-24,"From: Mouse Trap","From: Mouse Trap",https://www.imdb.com/title/tt28246634,TV Episode,7.9,48,2024,"Horror, Sci-Fi, Drama, Mystery, Thriller",7822,"2024-10-06","Jack Bender"
tt28246631,8,2024-12-24,"From: When We Go","From: When We Go",https://www.imdb.com/title/tt28246631,TV Episode,7.9,60,2024,"Horror, Sci-Fi, Drama, Mystery, Thriller",8066,"2024-09-29","Jack Bender"
tt28246627,8,2024-12-24,"From: Shatter","From: Shatter",https://www.imdb.com/title/tt28246627,TV Episode,8.3,51,2024,"Horror, Sci-Fi, Drama, Mystery, Thriller",10548,"2024-09-22","Jack Bender"
tt19815572,7,2024-12-22,"From: Belly of the Beast","From: Belly of the Beast",https://www.imdb.com/title/tt19815572,TV Episode,7.1,49,2023,"Horror, Sci-Fi, Drama, Mystery, Thriller",6221,"2023-06-04","Brad Turner"
tt19815568,7,2024-12-22,"From: Pas de Deux","From: Pas de Deux",https://www.imdb.com/title/tt19815568,TV Episode,7.8,49,2023,"Horror, Sci-Fi, Drama, Mystery, Thriller",6699,"2023-05-28","Jack Bender"
tt19815578,8,2024-12-22,"From: Once Upon a Time...","From: Once Upon a Time...",https://www.imdb.com/title/tt19815578,TV Episode,8.0,59,2023,"Horror, Sci-Fi, Drama, Mystery, Thriller",7349,"2023-06-25","Jack Bender"
tt19815566,7,2024-12-22,"From: Lullaby","From: Lullaby",https://www.imdb.com/title/tt19815566,TV Episode,6.4,53,2023,"Horror, Sci-Fi, Drama, Mystery, Thriller",6732,"2023-05-21","Jack Bender"
tt19815576,7,2024-12-22,"From: Forest for the Trees","From: Forest for the Trees",https://www.imdb.com/title/tt19815576,TV Episode,7.3,46,2023,"Horror, Sci-Fi, Drama, Mystery, Thriller",6018,"2023-06-11","Brad Turner"
tt19815570,7,2024-12-22,"From: This Way Gone","From: This Way Gone",https://www.imdb.com/title/tt19815570,TV Episode,6.8,48,2023,"Horror, Sci-Fi, Drama, Mystery, Thriller",6472,"2023-05-14","Alexandra La Roche"
tt19815564,7,2024-12-22,"From: Tether","From: Tether",https://www.imdb.com/title/tt19815564,TV Episode,7.1,51,2023,"Horror, Sci-Fi, Drama, Mystery, Thriller",6543,"2023-05-07","Alexandra La Roche"
tt19815562,8,2024-12-22,"From: The Kindness of Strangers","From: The Kindness of Strangers",https://www.imdb.com/title/tt19815562,TV Episode,7.9,46,2023,"Horror, Sci-Fi, Drama, Mystery, Thriller",6841,"2023-04-30","Jack Bender"
tt19815552,8,2024-12-22,"From: Strangers in a Strange Land","From: Strangers in a Strange Land",https://www.imdb.com/title/tt19815552,TV Episode,7.9,48,2023,"Horror, Sci-Fi, Drama, Mystery, Thriller",7506,"2023-04-23","Jack Bender"
tt15576046,8,2024-12-22,"From: Oh, the Places We'll Go","From: Oh, the Places We'll Go",https://www.imdb.com/title/tt15576046,TV Episode,7.8,47,2022,"Horror, Sci-Fi, Drama, Mystery, Thriller",7936,"2022-04-10","Jeff Renfroe"
tt15576042,7,2024-12-22,"From: Into the Woods","From: Into the Woods",https://www.imdb.com/title/tt15576042,TV Episode,7.6,45,2022,"Horror, Sci-Fi, Drama, Mystery, Thriller",6995,"2022-04-03","Jeff Renfroe"
tt15505758,7,2024-12-22,"From: All Good Things...","From: All Good Things...",https://www.imdb.com/title/tt15505758,TV Episode,8.3,50,2022,"Horror, Sci-Fi, Drama, Mystery, Thriller",8429,"2022-03-20","Jennifer Liao"
tt15383548,7,2024-12-22,"From: Book 74","From: Book 74",https://www.imdb.com/title/tt15383548,TV Episode,7.3,48,2022,"Horror, Sci-Fi, Drama, Mystery, Thriller",7121,"2022-03-13","Brad Turner"
tt15383506,7,2024-12-22,"From: Silhouettes","From: Silhouettes",https://www.imdb.com/title/tt15383506,TV Episode,7.2,49,2022,"Horror, Sci-Fi, Drama, Mystery, Thriller",7327,"2022-03-06","Brad Turner"
tt15205340,7,2024-12-22,"From: A Rock and a Farway","From: A Rock and a Farway",https://www.imdb.com/title/tt15205340,TV Episode,7.3,48,2022,"Horror, Sci-Fi, Drama, Mystery, Thriller",7587,"2022-02-27","Jack Bender"
tt15205338,7,2024-12-22,"From: Choosing Day","From: Choosing Day",https://www.imdb.com/title/tt15205338,TV Episode,7.5,55,2022,"Horror, Sci-Fi, Drama, Mystery, Thriller",7997,"2022-02-20","Jack Bender"
tt15205334,8,2024-12-22,"From: The Way Things Are Now","From: The Way Things Are Now",https://www.imdb.com/title/tt15205334,TV Episode,7.6,49,2022,"Horror, Sci-Fi, Drama, Mystery, Thriller",8681,"2022-02-20","Jack Bender"
tt14444472,8,2024-12-22,"From: Long Day's Journey Into Night","From: Long Day's Journey Into Night",https://www.imdb.com/title/tt14444472,TV Episode,8.1,52,2022,"Horror, Sci-Fi, Drama, Mystery, Thriller",11218,"2022-02-20","Jack Bender"
tt23770030,4,2024-12-15,"Memoir of a Snail","Memoir of a Snail",https://www.imdb.com/title/tt23770030,Movie,7.8,94,2024,"Animation, Drama",26486,"2025-07-29","Adam Elliot"
tt28015403,8,2024-12-14,"Heretic","Heretic",https://www.imdb.com/title/tt28015403,Movie,7.0,111,2024,"Horror, Thriller",236377,"2024-11-08","Scott Beck,Bryan Woods"
tt4361050,6,2024-12-14,"Ouija: Origin of Evil","Ouija: Origin of Evil",https://www.imdb.com/title/tt4361050,Movie,6.2,99,2016,"Horror, Thriller, Mystery, Drama",83242,"2016-10-21","Mike Flanagan"
tt1204977,5,2024-12-13,"Ouija","Ouija",https://www.imdb.com/title/tt1204977,Movie,4.5,89,2014,"Horror, Thriller, Mystery",62411,"2014-10-24","Stiles White"
tt29623480,9,2024-12-12,"The Wild Robot","The Wild Robot",https://www.imdb.com/title/tt29623480,Movie,8.1,102,2024,"Animation, Family, Adventure, Sci-Fi",235262,"2024-09-27","Chris Sanders"
tt27911000,4,2024-12-11,"Terrifier 3","Terrifier 3",https://www.imdb.com/title/tt27911000,Movie,6.2,125,2024,"Horror",64758,"2024-10-11","Damien Leone"
tt10403420,5,2024-12-10,"Terrifier 2","Terrifier 2",https://www.imdb.com/title/tt10403420,Movie,6.0,138,2022,"Horror",84238,"2022-10-06","Damien Leone"
tt4281724,3,2024-12-09,"Terrifier","Terrifier",https://www.imdb.com/title/tt4281724,Movie,5.5,85,2016,"Horror",97542,"2018-03-27","Damien Leone"
tt10128846,3,2024-12-08,"Megalopolis","Megalopolis: A Fable",https://www.imdb.com/title/tt10128846,Movie,4.7,138,2024,"Drama, Sci-Fi, Fantasy",42882,"2024-09-27","Francis Ford Coppola"
tt20215234,7,2024-12-05,"Conclave","Conclave",https://www.imdb.com/title/tt20215234,Movie,7.4,120,2024,"Thriller, Drama",286454,"2024-10-25","Edward Berger"
tt27599851,7,2024-12-04,"Apocalypse Z: The Beginning of the End","Apocalipsis Z: El principio del fin",https://www.imdb.com/title/tt27599851,Movie,6.1,117,2024,"Sci-Fi, Action, Thriller, Horror",24293,"2024-10-31","Carles Torrens"
tt4205718,2,2024-12-03,"Intersect","Intersect",https://www.imdb.com/title/tt4205718,Movie,3.5,119,2020,"Sci-Fi, Horror, Thriller",4028,"2020-09-15","Gus Holwerda"
tt0119081,7,2024-12-02,"Event Horizon","Event Horizon",https://www.imdb.com/title/tt0119081,Movie,6.6,96,1997,"Sci-Fi, Thriller, Horror",217031,"1997-08-15","Paul W.S. Anderson"
tt0246578,8,2024-12-01,"Donnie Darko","Donnie Darko",https://www.imdb.com/title/tt0246578,Movie,8.0,113,2001,"Sci-Fi, Thriller, Mystery, Drama",918312,"2001-01-19","Richard Kelly"
tt0317248,4,2024-11-28,"City of God","Cidade de Deus",https://www.imdb.com/title/tt0317248,Movie,8.6,130,2002,"Drama, Crime",879828,"2004-02-13","Fernando Meirelles,Kátia Lund"
tt0047478,4,2024-11-28,"Seven Samurai","Shichinin no samurai",https://www.imdb.com/title/tt0047478,Movie,8.6,207,1954,"Drama, Action",404906,"1956-11-19","Akira Kurosawa"
tt0213338,6,2024-11-27,"Cowboy Bebop","Kaubôi bibappu",https://www.imdb.com/title/tt0213338,TV Series,8.9,24,1998,"Animation, Action, Drama, Comedy, Sci-Fi, Adventure",172570,"2001-09-02",
tt34383702,10,2024-11-26,"Arcane: The Dirt Under Your Nails","Arcane: League of Legends: The Dirt Under Your Nails",https://www.imdb.com/title/tt34383702,TV Episode,9.3,50,2024,"Animation, Action, Adventure, Drama, Fantasy, Sci-Fi",41528,"2024-11-23","Pascal Charrue,Arnaud Delord,Bart Maunoury"
tt34383701,9,2024-11-26,"Arcane: Killing Is a Cycle","Arcane: League of Legends: Killing Is a Cycle",https://www.imdb.com/title/tt34383701,TV Episode,8.9,40,2024,"Animation, Action, Adventure, Drama, Fantasy, Sci-Fi",39855,"2024-11-23","Pascal Charrue,Arnaud Delord,Bart Maunoury"
tt34383698,8,2024-11-26,"Arcane: Pretend Like It's the First Time","Arcane: League of Legends: Pretend Like It's the First Time",https://www.imdb.com/title/tt34383698,TV Episode,9.5,41,2024,"Animation, Action, Adventure, Drama, Fantasy, Sci-Fi",44663,"2024-11-23","Pascal Charrue,Arnaud Delord,Bart Maunoury"
tt34383697,10,2024-11-26,"Arcane: The Message Hidden Within the Pattern","Arcane: League of Legends: The Message Hidden Within the Pattern",https://www.imdb.com/title/tt34383697,TV Episode,9.7,39,2024,"Animation, Action, Adventure, Drama, Fantasy, Sci-Fi",45999,"2024-11-16","Pascal Charrue,Arnaud Delord,Bart Maunoury"
tt34383696,9,2024-11-26,"Arcane: Blisters and Bedrock","Arcane: League of Legends: Blisters and Bedrock",https://www.imdb.com/title/tt34383696,TV Episode,9.5,42,2024,"Animation, Action, Adventure, Drama, Fantasy, Sci-Fi",36487,"2024-11-16","Pascal Charrue,Arnaud Delord,Bart Maunoury"
tt34383695,8,2024-11-26,"Arcane: Paint the Town Blue","Arcane: League of Legends: Paint the Town Blue",https://www.imdb.com/title/tt34383695,TV Episode,9.2,39,2024,"Animation, Action, Adventure, Drama, Fantasy, Sci-Fi",34502,"2024-11-16","Pascal Charrue,Arnaud Delord,Bart Maunoury,Marietta Ren"
tt34383694,9,2024-11-26,"Arcane: Finally Got the Name Right","Arcane: League of Legends: Finally Got the Name Right",https://www.imdb.com/title/tt34383694,TV Episode,9.4,40,2024,"Animation, Action, Adventure, Drama, Fantasy, Sci-Fi",37554,"2024-11-09","Pascal Charrue,Arnaud Delord,Christelle Abgrall,Bart Maunoury"
tt34383692,8,2024-11-26,"Arcane: Watch It All Burn","Arcane: League of Legends: Watch It All Burn",https://www.imdb.com/title/tt34383692,TV Episode,9.0,39,2024,"Animation, Action, Adventure, Drama, Fantasy, Sci-Fi",34824,"2024-11-09","Pascal Charrue,Arnaud Delord,Bart Maunoury,Marietta Ren"
tt16173690,9,2024-11-24,"Arcane: Heavy Is the Crown","Arcane: League of Legends: Heavy Is the Crown",https://www.imdb.com/title/tt16173690,TV Episode,9.0,40,2024,"Animation, Action, Adventure, Drama, Fantasy, Sci-Fi",36986,"2024-11-09","Pascal Charrue,Arnaud Delord,Etienne Mattera,Bart Maunoury"
tt29268110,6,2024-11-23,"Smile 2","Smile 2",https://www.imdb.com/title/tt29268110,Movie,6.7,127,2024,"Horror, Mystery, Thriller",151496,"2024-10-18","Parker Finn"
tt8936646,5,2024-11-22,"Extraction","Extraction",https://www.imdb.com/title/tt8936646,Movie,6.8,116,2020,"Action, Thriller, Crime",293185,"2020-04-24","Sam Hargrave"
tt23779658,8,2024-11-21,"Chainsaw Man: The Taste of a Kiss","Chainsaw Man: The Taste of a Kiss",https://www.imdb.com/title/tt23779658,TV Episode,8.0,24,2022,"Animation, Action, Fantasy",6426,"2022-11-22","Ryû Nakayama,Masato Nakazono"
tt23854592,7,2024-11-21,"Chainsaw Man: Gunfire","Chainsaw Man: Gunfire",https://www.imdb.com/title/tt23854592,TV Episode,9.4,24,2022,"Animation, Action, Fantasy",9786,"2022-11-29","Ryû Nakayama,Shouta Goshozono,Masato Nakazono,Takeru Satoh"
tt24058952,7,2024-11-21,"Chainsaw Man: From Kyoto","Chainsaw Man: From Kyoto",https://www.imdb.com/title/tt24058952,TV Episode,9.2,24,2022,"Animation, Action, Fantasy",8079,"2022-12-06","Ryû Nakayama,Takahiro Kaneko,Masato Nakazono"
tt24250910,7,2024-11-21,"Chainsaw Man: Bruised & Battered","Chainsaw Man: Bruised & Battered",https://www.imdb.com/title/tt24250910,TV Episode,8.1,25,2022,"Animation, Action, Fantasy",5680,"2022-12-13","Ryû Nakayama,Masato Nakazono,Tatsuya Yoshihara"
tt24438368,7,2024-11-21,"Chainsaw Man: Mission Start","Chainsaw Man: Mission Start",https://www.imdb.com/title/tt24438368,TV Episode,8.3,24,2022,"Animation, Action, Fantasy",5613,"2022-12-21","Ryû Nakayama,Masato Nakazono,Takeru Satoh"
tt24438514,8,2024-11-21,"Chainsaw Man: Katana vs. Chainsaw","Chainsaw Man: Katana vs. Chainsaw",https://www.imdb.com/title/tt24438514,TV Episode,8.8,24,2022,"Animation, Action, Fantasy",6294,"2023-01-18","Ryû Nakayama,Masato Nakazono"
tt13616990,7,2024-11-21,"Chainsaw Man","Chainsaw Man",https://www.imdb.com/title/tt13616990,TV Series,8.3,24,2022,"Animation, Action, Fantasy",110053,"2022-10-11",
tt23650588,8,2024-11-20,"Chainsaw Man: Kill Denji","Chainsaw Man: Kill Denji",https://www.imdb.com/title/tt23650588,TV Episode,8.4,24,2022,"Animation, Action, Fantasy",6566,"2022-11-15","Ryû Nakayama,Shun Enokido,Masato Nakazono"
tt23475664,8,2024-11-20,"Chainsaw Man: Gun Devil","Chainsaw Man: Gun Devil",https://www.imdb.com/title/tt23475664,TV Episode,8.2,24,2022,"Animation, Action, Fantasy",6642,"2022-11-08","Ryû Nakayama,Masato Nakazono,Yôsuke Takada"
tt23055240,8,2024-11-20,"Chainsaw Man: Rescue","Chainsaw Man: Rescue",https://www.imdb.com/title/tt23055240,TV Episode,8.3,24,2022,"Animation, Action, Fantasy",6958,"2022-11-01","Ryû Nakayama,Masato Nakazono,Tatsuya Yoshihara"
tt23018132,8,2024-11-20,"Chainsaw Man: Meowy's Whereabouts","Chainsaw Man: Meowy's Whereabouts",https://www.imdb.com/title/tt23018132,TV Episode,8.5,24,2022,"Animation, Action, Fantasy",7522,"2022-10-26","Ryû Nakayama,Masato Nakazono,Hironori Tanaka"
tt17324012,8,2024-11-20,"Chainsaw Man: Arrival in Tokyo","Chainsaw Man: Arrival in Tokyo",https://www.imdb.com/title/tt17324012,TV Episode,7.9,24,2022,"Animation, Action, Fantasy",7951,"2022-10-19","Ryû Nakayama,Masato Nakazono,Tôko Yatabe"
tt15190820,8,2024-11-20,"Chainsaw Man: Dog & Chainsaw","Chainsaw Man: Dog & Chainsaw",https://www.imdb.com/title/tt15190820,TV Episode,8.6,25,2022,"Animation, Action, Fantasy",10067,"2022-10-11","Ryû Nakayama,Masato Nakazono"
tt14230458,5,2024-11-19,"Poor Things","Poor Things",https://www.imdb.com/title/tt14230458,Movie,7.7,141,2023,"Romance, Sci-Fi, Comedy, Drama",421266,"2023-12-22","Yorgos Lanthimos"
tt27534307,6,2024-11-18,"Speak No Evil","Speak No Evil",https://www.imdb.com/title/tt27534307,Movie,6.8,110,2024,"Thriller, Horror, Drama",146278,"2024-09-13","James Watkins"
tt12349832,5,2024-11-17,"Cuckoo","Cuckoo",https://www.imdb.com/title/tt12349832,Movie,5.6,102,2024,"Horror, Mystery, Thriller",35924,"2024-08-09","Tilman Singer"
tt3402236,6,2024-11-16,"Murder on the Orient Express","Murder on the Orient Express",https://www.imdb.com/title/tt3402236,Movie,6.5,114,2017,"Drama, Mystery, Crime, Thriller, Comedy",324083,"2017-11-10","Kenneth Branagh"
tt1070874,7,2024-11-15,"The Trial of the Chicago 7","The Trial of the Chicago 7",https://www.imdb.com/title/tt1070874,Movie,7.7,129,2020,"Drama, Thriller, History",206817,"2020-10-16","Aaron Sorkin"
tt18412256,7,2024-11-11,"Alien: Romulus","Alien: Romulus",https://www.imdb.com/title/tt18412256,Movie,7.1,119,2024,"Horror, Sci-Fi, Thriller",293712,"2024-08-16","Fede Alvarez"
tt1895587,7,2024-11-10,"Spotlight","Spotlight",https://www.imdb.com/title/tt1895587,Movie,8.1,129,2015,"Drama, Crime, Biography",539727,"2015-11-20","Tom McCarthy"
tt1596363,7,2024-11-09,"The Big Short","The Big Short",https://www.imdb.com/title/tt1596363,Movie,7.8,130,2015,"Drama, Biography, Comedy, History",546176,"2015-12-23","Adam McKay"
tt0783233,8,2024-11-07,"Atonement","Atonement",https://www.imdb.com/title/tt0783233,Movie,7.8,123,2007,"Drama, Romance, Mystery, War",332805,"2008-01-11","Joe Wright"
tt7984734,2,2024-11-06,"The Lighthouse","The Lighthouse",https://www.imdb.com/title/tt7984734,Movie,7.4,109,2019,"Drama, Fantasy, Mystery, Thriller, Horror",308214,"2019-11-01","Robert Eggers"
tt15552142,8,2024-11-05,"Caddo Lake","Caddo Lake",https://www.imdb.com/title/tt15552142,Movie,6.8,103,2024,"Drama, Mystery, Thriller, Sci-Fi",59180,"2024-10-10","Logan George,Celine Held"
tt4123432,9,2024-11-05,"Fantastic Beasts: The Secrets of Dumbledore","Fantastic Beasts: The Secrets of Dumbledore",https://www.imdb.com/title/tt4123432,Movie,6.2,142,2022,"Fantasy, Adventure",194935,"2022-04-15","David Yates"
tt1854564,4,2024-11-03,"Percy Jackson: Sea of Monsters","Percy Jackson: Sea of Monsters",https://www.imdb.com/title/tt1854564,Movie,5.7,106,2013,"Adventure, Family, Fantasy",135585,"2013-08-07","Thor Freudenthal"
tt21201300,6,2024-11-01,"Bagman","Bagman",https://www.imdb.com/title/tt21201300,Movie,4.7,93,2024,"Horror",8410,"2025-03-26","Colm McCarthy"
tt0814255,5,2024-11-01,"Percy Jackson & the Olympians: The Lightning Thief","Percy Jackson & the Olympians: The Lightning Thief",https://www.imdb.com/title/tt0814255,Movie,5.9,118,2010,"Fantasy, Adventure, Family",217612,"2010-02-12","Chris Columbus"
tt7405458,8,2024-10-30,"A Man Called Otto","A Man Called Otto",https://www.imdb.com/title/tt7405458,Movie,7.5,126,2022,"Comedy, Drama",215034,"2023-01-13","Marc Forster"
tt6710474,7,2024-10-29,"Everything Everywhere All at Once","Everything Everywhere All at Once",https://www.imdb.com/title/tt6710474,Movie,7.7,139,2022,"Sci-Fi, Adventure, Comedy, Fantasy, Action, Drama",659154,"2022-04-08","Daniel Kwan,Daniel Scheinert"
tt1392214,8,2024-10-27,"Prisoners","Prisoners",https://www.imdb.com/title/tt1392214,Movie,8.2,153,2013,"Crime, Drama, Thriller, Mystery",953996,"2013-09-20","Denis Villeneuve"
tt7504726,7,2024-10-25,"The Call of the Wild","The Call of the Wild",https://www.imdb.com/title/tt7504726,Movie,6.7,100,2020,"Adventure, Drama, Family",64926,"2020-02-21","Chris Sanders"
tt10003008,3,2024-10-25,"The Rental","The Rental",https://www.imdb.com/title/tt10003008,Movie,5.7,88,2020,"Horror, Thriller, Drama, Mystery",43908,"2020-07-24","Dave Franco"
tt6475714,4,2024-10-25,"Monster Hunter","Monster Hunter",https://www.imdb.com/title/tt6475714,Movie,5.2,103,2020,"Fantasy, Action, Adventure",75967,"2020-12-18","Paul W.S. Anderson"
tt10675724,3,2024-10-25,"The Swarm","La nuée",https://www.imdb.com/title/tt10675724,Movie,5.3,101,2020,"Horror, Drama",8710,"2021-08-06","Just Philippot"
tt9731534,3,2024-10-25,"The Night House","The Night House",https://www.imdb.com/title/tt9731534,Movie,6.4,107,2020,"Horror, Thriller, Mystery",79366,"2021-08-20","David Bruckner"
tt6708668,3,2024-10-25,"Black Crab","Svart krabba",https://www.imdb.com/title/tt6708668,Movie,5.7,114,2022,"Thriller, Action, Adventure, Sci-Fi, War, Drama",29039,"2022-03-18","Adam Berg"
tt0253474,7,2024-10-24,"The Pianist","The Pianist",https://www.imdb.com/title/tt0253474,Movie,8.5,150,2002,"Biography, Music, Drama, War",1022130,"2003-03-28","Roman Polanski"
tt0094721,5,2024-10-23,"Beetlejuice","Beetlejuice",https://www.imdb.com/title/tt0094721,Movie,7.4,92,1988,"Fantasy, Comedy",421605,"1988-03-30","Tim Burton"
tt1340094,5,2024-10-22,"The Crow","The Crow",https://www.imdb.com/title/tt1340094,Movie,4.7,111,2024,"Action, Crime, Fantasy, Romance, Thriller, Horror",42687,"2024-08-23","Rupert Sanders"
tt0241527,10,2024-10-15,"Harry Potter and the Sorcerer's Stone","Harry Potter and the Sorcerer's Stone",https://www.imdb.com/title/tt0241527,Movie,7.7,152,2001,"Family, Adventure, Fantasy",962700,"2001-11-16","Chris Columbus"
tt10245072,5,2024-10-14,"Salem's Lot","Salem's Lot",https://www.imdb.com/title/tt10245072,Movie,5.6,114,2024,"Horror, Thriller",42452,"2024-10-03","Gary Dauberman"
tt27729779,6,2024-10-13,"The Platform 2","El hoyo 2",https://www.imdb.com/title/tt27729779,Movie,4.9,99,2024,"Horror, Sci-Fi, Thriller",48662,"2024-10-04","Galder Gaztelu-Urrutia"
tt32880932,4,2024-10-12,"V/H/S/Beyond","V/H/S/Beyond",https://www.imdb.com/title/tt32880932,Movie,5.8,114,2024,"Horror, Sci-Fi, Thriller",12346,"2024-10-04","Jay Cheel,Jordan Downey,Christian Long,Justin Long,Justin Martinez,Virat Pal,Kate Siegel"
tt5442430,7,2024-10-10,"Life","Life",https://www.imdb.com/title/tt5442430,Movie,6.6,104,2017,"Sci-Fi, Thriller, Horror",279542,"2017-03-24","Daniel Espinosa"
tt14572510,7,2024-10-08,"1899: The Key","1899: The Key",https://www.imdb.com/title/tt14572510,TV Episode,8.4,49,2022,"Drama, Adventure, Thriller",5515,"2022-11-17","Baran bo Odar"
tt14572512,7,2024-10-08,"1899: The Storm","1899: The Storm",https://www.imdb.com/title/tt14572512,TV Episode,8.1,52,2022,"Drama, Adventure, Thriller",4605,"2022-11-17","Baran bo Odar"
tt9319668,6,2024-10-08,"1899","1899",https://www.imdb.com/title/tt9319668,TV Series,7.3,60,2022,"Drama, Adventure, Thriller",125047,"2022-11-17",
tt10366460,9,2024-10-08,"CODA","CODA",https://www.imdb.com/title/tt10366460,Movie,8.0,111,2021,"Drama, Music, Comedy",231741,"2021-08-13","Sian Heder"
tt22173666,5,2024-10-07,"Azrael","Azrael",https://www.imdb.com/title/tt22173666,Movie,5.3,86,2024,"Horror, Action",15222,"2024-09-27","E.L. Katz"
tt14572514,7,2024-10-07,"1899: The Pyramid","1899: The Pyramid",https://www.imdb.com/title/tt14572514,TV Episode,7.9,52,2022,"Drama, Adventure, Thriller",4648,"2022-11-17","Baran bo Odar"
tt27580497,9,2024-10-06,"The Lord of the Rings: The Rings of Power: Shadow and Flame","The Lord of the Rings: The Rings of Power: Shadow and Flame",https://www.imdb.com/title/tt27580497,TV Episode,7.7,73,2024,"Adventure, Fantasy, Action, Drama",22403,"2024-10-03","Charlotte Brändström"
tt14574184,8,2024-10-04,"1899: The Calling","1899: The Calling",https://www.imdb.com/title/tt14574184,TV Episode,8.4,48,2022,"Drama, Adventure, Thriller",5315,"2022-11-17","Baran bo Odar"
tt14574188,8,2024-10-03,"1899: The Fight","1899: The Fight",https://www.imdb.com/title/tt14574188,TV Episode,7.9,49,2022,"Drama, Adventure, Thriller",4945,"2022-11-17","Baran bo Odar"
tt14575852,7,2024-10-01,"1899: The Fog","1899: The Fog",https://www.imdb.com/title/tt14575852,TV Episode,7.7,60,2022,"Drama, Adventure, Thriller",5191,"2022-11-17","Baran bo Odar"
tt14575844,5,2024-09-30,"1899: The Boy","1899: The Boy",https://www.imdb.com/title/tt14575844,TV Episode,7.5,58,2022,"Drama, Adventure, Thriller",5799,"2022-11-17","Baran bo Odar"
tt13760340,5,2024-09-30,"1899: The Ship","1899: The Ship",https://www.imdb.com/title/tt13760340,TV Episode,7.9,58,2022,"Drama, Adventure, Thriller",7583,"2022-11-17","Baran bo Odar"
tt27580496,8,2024-09-29,"The Lord of the Rings: The Rings of Power: Doomed to Die","The Lord of the Rings: The Rings of Power: Doomed to Die",https://www.imdb.com/title/tt27580496,TV Episode,7.8,72,2024,"Adventure, Fantasy, Action, Drama",26681,"2024-09-26","Charlotte Brändström"
tt27580495,5,2024-09-29,"The Lord of the Rings: The Rings of Power: Where Is He?","The Lord of the Rings: The Rings of Power: Where Is He?",https://www.imdb.com/title/tt27580495,TV Episode,7.1,63,2024,"Adventure, Fantasy, Action, Drama",20764,"2024-09-19","Sanaa Hamri"
tt28491891,6,2024-09-29,"His Three Daughters","His Three Daughters",https://www.imdb.com/title/tt28491891,Movie,7.1,101,2023,"Drama",22264,"2024-09-20","Azazel Jacobs"
tt3460252,4,2024-09-27,"The Hateful Eight","The Hateful Eight",https://www.imdb.com/title/tt3460252,Movie,7.8,168,2015,"Western, Drama, Thriller, Mystery, Crime",729149,"2015-12-30","Quentin Tarantino"
tt2980516,8,2024-09-25,"The Theory of Everything","The Theory of Everything",https://www.imdb.com/title/tt2980516,Movie,7.7,123,2014,"Drama, Biography, Romance",510128,"2014-11-26","James Marsh"
tt2562232,5,2024-09-25,"Birdman or (The Unexpected Virtue of Ignorance)","Birdman or (The Unexpected Virtue of Ignorance)",https://www.imdb.com/title/tt2562232,Movie,7.7,119,2014,"Comedy, Drama",702397,"2014-11-14","Alejandro G. Iñárritu"
tt0038650,9,2024-09-24,"It's a Wonderful Life","It's a Wonderful Life",https://www.imdb.com/title/tt0038650,Movie,8.6,130,1946,"Family, Fantasy, Romance, Drama",558124,"1947-01-07","Frank Capra"
tt0120586,9,2024-09-24,"American History X","American History X",https://www.imdb.com/title/tt0120586,Movie,8.5,119,1998,"Drama, Crime",1283836,"1998-11-20","Tony Kaye"
tt13186604,5,2024-09-23,"Uglies","Uglies",https://www.imdb.com/title/tt13186604,Movie,4.7,100,2024,"Drama, Action, Sci-Fi, Adventure, Fantasy",37915,"2024-09-13","McG"
tt1722521,5,2024-09-23,"Naruto: Shippuden: Chîmumeito","Naruto: Shippûden: Chîmumeito",https://www.imdb.com/title/tt1722521,TV Episode,6.4,23,2008,"Animation, Action, Adventure, Fantasy, Drama, Comedy",680,"2011-01-05","Hayato Date,Shigeharu Takahashi"
tt1722522,5,2024-09-23,"Naruto: Shippuden: Futatsu no gyoku","Naruto: Shippûden: Futatsu no gyoku",https://www.imdb.com/title/tt1722522,TV Episode,6.4,23,2008,"Animation, Action, Adventure, Fantasy, Drama, Comedy",671,"2011-01-12","Hayato Date,Yûki Kinoshita"
tt0120382,5,2024-09-22,"The Truman Show","The Truman Show",https://www.imdb.com/title/tt0120382,Movie,8.2,103,1998,"Comedy, Drama",1399768,"1998-06-05","Peter Weir"
tt1722527,5,2024-09-22,"Naruto: Shippuden: Sesshoku","Naruto: Shippûden: Sesshoku",https://www.imdb.com/title/tt1722527,TV Episode,6.5,23,2008,"Animation, Action, Adventure, Fantasy, Drama, Comedy",680,"2010-12-29","Hayato Date,Atsushi Nigorikawa"
tt1722532,5,2024-09-21,"Naruto: Shippuden: Uitenpen","Naruto: Shippûden: Uitenpen",https://www.imdb.com/title/tt1722532,TV Episode,6.5,23,2008,"Animation, Action, Adventure, Fantasy, Drama, Comedy",680,"2010-12-22","Hayato Date,Kiyomu Fukuda"
tt12616480,4,2024-09-21,"Slingshot","Slingshot",https://www.imdb.com/title/tt12616480,Movie,5.7,108,2024,"Sci-Fi, Thriller, Mystery",12713,"2024-08-30","Mikael Håfström"
tt1722536,5,2024-09-21,"Naruto: Shippuden: Aratana teki","Naruto: Shippûden: Aratana teki",https://www.imdb.com/title/tt1722536,TV Episode,6.2,23,2008,"Animation, Action, Adventure, Fantasy, Drama, Comedy",692,"2010-12-15","Hayato Date,Masaaki Kumagai"
tt27580494,7,2024-09-21,"The Lord of the Rings: The Rings of Power: Halls of Stone","The Lord of the Rings: The Rings of Power: Halls of Stone",https://www.imdb.com/title/tt27580494,TV Episode,7.2,61,2024,"Adventure, Fantasy, Action, Drama",22099,"2024-09-12","Sanaa Hamri,Louise Hooper"
tt27580491,6,2024-09-21,"The Lord of the Rings: The Rings of Power: Eldest","The Lord of the Rings: The Rings of Power: Eldest",https://www.imdb.com/title/tt27580491,TV Episode,6.8,65,2024,"Adventure, Fantasy, Action, Drama",23308,"2024-09-05","Sanaa Hamri,Louise Hooper"
tt27580490,6,2024-09-21,"The Lord of the Rings: The Rings of Power: The Eagle and the Sceptre","The Lord of the Rings: The Rings of Power: The Eagle and the Sceptre",https://www.imdb.com/title/tt27580490,TV Episode,6.4,66,2024,"Adventure, Fantasy, Action, Drama",24625,"2024-08-29","Charlotte Brändström,Louise Hooper"
tt27580486,7,2024-09-21,"The Lord of the Rings: The Rings of Power: Where the Stars are Strange","The Lord of the Rings: The Rings of Power: Where the Stars are Strange",https://www.imdb.com/title/tt27580486,TV Episode,7.0,62,2024,"Adventure, Fantasy, Action, Drama",24775,"2024-08-29","Charlotte Brändström,Louise Hooper"
tt13580784,5,2024-09-18,"The Lord of the Rings: The Rings of Power: Elven Kings Under the Sky","The Lord of the Rings: The Rings of Power: Elven Kings Under the Sky",https://www.imdb.com/title/tt13580784,TV Episode,7.2,76,2024,"Adventure, Fantasy, Action, Drama",27090,"2024-08-29","Charlotte Brändström"
tt1206631,6,2024-09-18,"Naruto: Shippuden: Saikai","Naruto: Shippûden: Saikai",https://www.imdb.com/title/tt1206631,TV Episode,7.4,22,2008,"Animation, Action, Adventure, Fantasy, Drama, Comedy",1044,"2010-09-08","Hayato Date,Masaaki Kumagai"
tt1194353,7,2024-09-17,"Naruto: Shippuden: Taisetsu na mono","Naruto: Shippûden: Taisetsu na mono",https://www.imdb.com/title/tt1194353,TV Episode,7.3,22,2008,"Animation, Action, Adventure, Fantasy, Drama, Comedy",1059,"2010-08-25","Hayato Date,Shinji Satô"
tt0363163,8,2024-09-16,"Downfall","Der Untergang",https://www.imdb.com/title/tt0363163,Movie,8.2,156,2004,"Drama, War, Biography, History",403216,"2005-04-08","Oliver Hirschbiegel"
tt1206223,8,2024-09-16,"Naruto: Shippuden: Orochimaru vs Jinchûriki","Naruto: Shippûden: Orochimaru vs Jinchûriki",https://www.imdb.com/title/tt1206223,TV Episode,8.5,23,2008,"Animation, Action, Adventure, Fantasy, Drama, Comedy",1492,"2010-07-07","Hayato Date,Masahiko Murata"
tt1206227,5,2024-09-16,"Naruto: Shippuden: Tatakai no tenmatsu","Naruto: Shippûden: Tatakai no tenmatsu",https://www.imdb.com/title/tt1206227,TV Episode,7.2,23,2008,"Animation, Action, Adventure, Fantasy, Drama, Comedy",1059,"2010-07-21","Hayato Date,Kiyomu Fukuda"
tt5402714,4,2024-09-15,"Here After","Here After",https://www.imdb.com/title/tt5402714,Movie,4.2,93,2024,"Drama, Horror",2282,"2024-09-13","Robert Salerno"
tt1214536,9,2024-09-15,"Naruto: Shippuden: Tsuga re yuku mono","Naruto: Shippûden: Tsuga re yuku mono",https://www.imdb.com/title/tt1214536,TV Episode,8.8,23,2007,"Animation, Action, Adventure, Fantasy, Drama, Comedy",1771,"2010-04-14","Hayato Date,Shinji Satô"
tt1196032,5,2024-09-15,"Naruto: Shippuden: Mudai","Naruto: Shippûden: Mudai",https://www.imdb.com/title/tt1196032,TV Episode,6.9,22,2007,"Animation, Action, Adventure, Fantasy, Drama, Comedy",1062,"2010-05-26","Hayato Date,Atsushi Nigorikawa"
tt2210463,2,2024-09-13,"Battle of the Damned","Battle of the Damned",https://www.imdb.com/title/tt2210463,Movie,4.5,88,2013,"Action, Adventure, Sci-Fi, Thriller, Horror",4367,"2014-03-14","Christopher Hatton"
tt1202312,8,2024-09-13,"Naruto: Shippuden: Sasori no sugao","Naruto: Shippûden: Sasori no sugao",https://www.imdb.com/title/tt1202312,TV Episode,7.9,24,2007,"Animation, Action, Adventure, Fantasy, Drama, Comedy",1252,"2010-02-10","Hayato Date"
tt1202304,7,2024-09-13,"Naruto: Shippuden: Hiruko VS futari no kunoichi","Naruto: Shippûden: Hiruko VS futari no kunoichi",https://www.imdb.com/title/tt1202304,TV Episode,7.9,24,2007,"Animation, Action, Adventure, Fantasy, Drama, Comedy",1258,"2010-02-03","Hayato Date,Kiyomu Fukuda"
tt1202313,7,2024-09-13,"Naruto: Shippuden: Torappu sadô! Gai han no teki","Naruto: Shippûden: Torappu sadô! Gai han no teki",https://www.imdb.com/title/tt1202313,TV Episode,7.5,24,2007,"Animation, Action, Adventure, Fantasy, Drama, Comedy",1204,"2010-01-27","Hayato Date,Atsushi Nigorikawa"
tt1202314,7,2024-09-13,"Naruto: Shippuden: Totsunyû! Botan fukku entorî","Naruto: Shippûden: Totsunyû! Botan fukku entorî",https://www.imdb.com/title/tt1202314,TV Episode,7.5,24,2007,"Animation, Action, Adventure, Fantasy, Drama, Comedy",1220,"2010-01-20","Hayato Date,Eitarô Ano"
tt1202303,7,2024-09-13,"Naruto: Shippuden: Gaara shisu","Naruto: Shippûden: Gaara shisu",https://www.imdb.com/title/tt1202303,TV Episode,7.6,24,2007,"Animation, Action, Adventure, Fantasy, Drama, Comedy",1222,"2010-01-13","Hayato Date,Masaaki Kumagai"
tt1202308,7,2024-09-13,"Naruto: Shippuden: Jinchûriki no himitsu","Naruto: Shippûden: Jinchûriki no himitsu",https://www.imdb.com/title/tt1202308,TV Episode,7.5,24,2007,"Animation, Action, Adventure, Fantasy, Drama, Comedy",1228,"2010-01-06","Hayato Date,Hiroshi Kimura"
tt1202310,8,2024-09-12,"Naruto: Shippuden: Kakushi dama nazukete...!","Naruto: Shippûden: Kakushi dama nazukete...!",https://www.imdb.com/title/tt1202310,TV Episode,8.3,24,2007,"Animation, Action, Adventure, Fantasy, Drama, Comedy",1353,"2009-12-31","Hayato Date"
tt1202311,6,2024-09-12,"Naruto: Shippuden: Naruto no seichô","Naruto: Shippûden: Naruto no seichô",https://www.imdb.com/title/tt1202311,TV Episode,8.3,24,2007,"Animation, Action, Adventure, Fantasy, Drama, Comedy",1359,"2009-12-31","Hayato Date,Mitsutaka Noshitani"
tt1202306,6,2024-09-12,"Naruto: Shippuden: In'nen a ima mieru","Naruto: Shippûden: In'nen a ima mieru",https://www.imdb.com/title/tt1202306,TV Episode,8.0,24,2007,"Animation, Action, Adventure, Fantasy, Drama, Comedy",1319,"2009-12-31","Hayato Date"
tt1202305,6,2024-09-12,"Naruto: Shippuden: Inkyo babâ no ketsui","Naruto: Shippûden: Inkyo babâ no ketsui",https://www.imdb.com/title/tt1202305,TV Episode,7.8,24,2007,"Animation, Action, Adventure, Fantasy, Drama, Comedy",1270,"2009-12-31","Hayato Date,Kiyomu Fukuda"
tt1202307,6,2024-09-12,"Naruto: Shippuden: Iryô ninja no deshi","Naruto: Shippûden: Iryô ninja no deshi",https://www.imdb.com/title/tt1202307,TV Episode,7.6,24,2007,"Animation, Action, Adventure, Fantasy, Drama, Comedy",1287,"2009-12-23","Hayato Date,Atsushi Nigorikawa"
tt1202302,6,2024-09-12,"Naruto: Shippuden: Fûinjutsu: Genryû kyû fûjin","Naruto: Shippûden: Fûinjutsu: Genryû kyû fûjin",https://www.imdb.com/title/tt1202302,TV Episode,7.4,24,2007,"Animation, Action, Adventure, Fantasy, Drama, Comedy",1287,"2009-12-16","Hayato Date,Eitarô Ano"
tt1202309,6,2024-09-12,"Naruto: Shippuden: Jinchûriki no namida","Naruto: Shippûden: Jinchûriki no namida",https://www.imdb.com/title/tt1202309,TV Episode,7.5,24,2007,"Animation, Action, Adventure, Fantasy, Drama, Comedy",1316,"2009-12-09","Hayato Date,Masaaki Kumagai"
tt1191046,6,2024-09-12,"Naruto: Shippuden: Shutsugeki, Kakashi han","Naruto: Shippûden: Shutsugeki, Kakashi han",https://www.imdb.com/title/tt1191046,TV Episode,7.6,24,2007,"Animation, Action, Adventure, Fantasy, Drama, Comedy",1330,"2009-12-02","Hayato Date,Hiroshi Kimura"
tt0996817,6,2024-09-12,"Naruto: Shippuden: Shissôre Kankurô","Naruto: Shippûden: Shissôre Kankurô",https://www.imdb.com/title/tt0996817,TV Episode,7.6,24,2007,"Animation, Action, Adventure, Fantasy, Drama, Comedy",1384,"2009-11-18","Hayato Date,Hayato Gôda"
tt0990166,6,2024-09-12,"Naruto: Shippuden: Noruma kuriâ","Naruto: Shippûden: Noruma kuriâ",https://www.imdb.com/title/tt0990166,TV Episode,8.1,24,2007,"Animation, Action, Adventure, Fantasy, Drama, Comedy",1466,"2009-11-11","Hayato Date,Mitsutaka Noshitani"
tt0990164,6,2024-09-12,"Naruto: Shippuden: Kazekage to shite...!","Naruto: Shippûden: Kazekage to shite...!",https://www.imdb.com/title/tt0990164,TV Episode,8.1,24,2007,"Animation, Action, Adventure, Fantasy, Drama, Comedy",1486,"2009-11-04","Hayato Date,Yûki Kinoshita"
tt0990168,6,2024-09-12,"Naruto: Shippuden: Suna no jinchûriki","Naruto: Shippûden: Suna no jinchûriki",https://www.imdb.com/title/tt0990168,TV Episode,8.1,24,2007,"Animation, Action, Adventure, Fantasy, Drama, Comedy",1564,"2009-10-28","Hayato Date,Kiyomu Fukuda"
tt0990167,6,2024-09-12,"Naruto: Shippuden: Shûgyô no seika","Naruto: Shippûden: Shûgyô no seika",https://www.imdb.com/title/tt0990167,TV Episode,7.9,24,2007,"Animation, Action, Adventure, Fantasy, Drama, Comedy",1585,"2009-10-28","Hayato Date,Yuki Sugihara"
tt0990163,6,2024-09-12,"Naruto: Shippuden: Akatsuki, shidô","Naruto: Shippûden: Akatsuki, shidô",https://www.imdb.com/title/tt0990163,TV Episode,7.8,24,2007,"Animation, Action, Adventure, Fantasy, Drama, Comedy",1736,"2009-10-28","Hayato Date,Atsushi Nigorikawa"
tt0990165,6,2024-09-12,"Naruto: Shippuden: Kikyô","Naruto: Shippûden: Kikyô",https://www.imdb.com/title/tt0990165,TV Episode,8.2,24,2007,"Animation, Action, Adventure, Fantasy, Drama, Comedy",2438,"2009-10-28","Hayato Date,Masaaki Kumagai"
tt1071815,5,2024-09-11,"Naruto the Movie 3: Guardians of the Crescent Moon Kingdom","Gekijô-ban Naruto: Daikôfun! Mikazukijima no animaru panikku dattebayo!",https://www.imdb.com/title/tt1071815,Movie,6.3,95,2006,"Animation, Action, Adventure",5759,"2008-11-08","Toshiyuki Tsuru"
tt0791188,5,2024-09-11,"Naruto the Movie 2: Legend of the Stone of Gelel","Gekijô-ban Naruto: Daigekitotsu! Maboroshi no chitei iseki dattebayo!",https://www.imdb.com/title/tt0791188,Movie,6.3,97,2005,"Animation, Adventure, Comedy, Drama, Fantasy",6191,"2005-08-06","Hirotsugu Kawasaki"
tt0476680,7,2024-09-10,"Naruto the Movie: Ninja Clash in the Land of Snow","Gekijô-ban Naruto: Daikatsugeki! Yukihime ninpôchô dattebayo!!",https://www.imdb.com/title/tt0476680,Movie,6.6,82,2004,"Animation, Action, Adventure",9564,"2007-06-06","Tensai Okamura"
tt0943081,8,2024-09-09,"Naruto: Tabidachi","Naruto: Tabidachi",https://www.imdb.com/title/tt0943081,TV Episode,8.0,23,2007,"Animation, Action, Comedy, Adventure, Fantasy",1207,"2007-02-08","Hayato Date,Hiroshi Kimura"
tt0943083,7,2024-09-09,"Naruto: Yomigaetta kyuukyoku heiki","Naruto: Yomigaetta kyuukyoku heiki",https://www.imdb.com/title/tt0943083,TV Episode,7.2,23,2007,"Animation, Action, Comedy, Adventure, Fantasy",721,"2007-02-01","Hayato Date,Akira Shimizu"
tt1304208,7,2024-09-09,"Naruto: Fuujiwareta suna Suiko no hangeki","Naruto: Fuujiwareta suna Suiko no hangeki",https://www.imdb.com/title/tt1304208,TV Episode,7.3,23,2007,"Animation, Action, Comedy, Adventure, Fantasy",706,"2007-01-25","Hayato Date,Yukio Okazaki"
tt1304207,6,2024-09-09,"Naruto: Suna no doumeikoku Konoha no shinobi","Naruto: Suna no doumeikoku Konoha no shinobi",https://www.imdb.com/title/tt1304207,TV Episode,7.2,23,2007,"Animation, Action, Comedy, Adventure, Fantasy",703,"2007-01-18","Hayato Date,Hayato Gôda"
tt1304206,6,2024-09-09,"Naruto: Kieta takumi Nerawareta Shukaku","Naruto: Kieta takumi Nerawareta Shukaku",https://www.imdb.com/title/tt1304206,TV Episode,7.1,23,2007,"Animation, Action, Comedy, Adventure, Fantasy",708,"2007-01-11","Hayato Date,Kiyomu Fukuda"
tt1304205,5,2024-09-09,"Naruto: Keshisaritai kako","Naruto: Keshisaritai kako",https://www.imdb.com/title/tt1304205,TV Episode,6.7,23,2006,"Animation, Action, Comedy, Adventure, Fantasy",673,"2006-12-21","Hayato Date"
tt1304204,5,2024-09-09,"Naruto: Torimodoshita genjitsu","Naruto: Torimodoshita genjitsu",https://www.imdb.com/title/tt1304204,TV Episode,6.3,23,2006,"Animation, Action, Comedy, Adventure, Fantasy",638,"2006-12-21","Hayato Date"
tt1304203,5,2024-09-09,"Naruto: Ushinawareta kioku","Naruto: Ushinawareta kioku",https://www.imdb.com/title/tt1304203,TV Episode,6.3,23,2006,"Animation, Action, Comedy, Adventure, Fantasy",634,"2006-12-14","Hayato Date"
tt1304202,6,2024-09-08,"Naruto: Sorezore no michi","Naruto: Sorezore no michi",https://www.imdb.com/title/tt1304202,TV Episode,6.1,23,2006,"Animation, Action, Comedy, Adventure, Fantasy",619,"2006-12-07","Hayato Date"
tt1304201,5,2024-09-08,"Naruto: Honoo no kioku","Naruto: Honoo no kioku",https://www.imdb.com/title/tt1304201,TV Episode,6.0,23,2006,"Animation, Action, Comedy, Adventure, Fantasy",617,"2006-11-30","Hayato Date"
tt0943080,4,2024-09-08,"Naruto: Honjitsu happyou! Ase to namida no besuto 5! Otanoshimi no bangai-hen mo aru-ttebayo supesharu","Naruto: Honjitsu happyou! Ase to namida no besuto 5! Otanoshimi no bangai-hen mo aru-ttebayo supesharu",https://www.imdb.com/title/tt0943080,TV Episode,4.7,23,2006,"Animation, Action, Comedy, Adventure, Fantasy",670,"2006-09-27","Hayato Date"
tt0943082,6,2024-09-08,"Naruto: Tajuu torappu Hokai no kauntodaun","Naruto: Tajuu torappu Hokai no kauntodaun",https://www.imdb.com/title/tt0943082,TV Episode,7.3,23,2006,"Animation, Action, Comedy, Adventure, Fantasy",682,"2006-09-20","Hayato Date"
tt0943078,5,2024-09-08,"Naruto: Kurenai no ketsudan Torinokosareta dai 8-han","Naruto: Kurenai no ketsudan Torinokosareta dai 8-han",https://www.imdb.com/title/tt0943078,TV Episode,6.2,23,2006,"Animation, Action, Comedy, Adventure, Fantasy",621,"2006-10-05","Hayato Date"
tt0943079,5,2024-09-08,"Naruto: Nerawareta Yakumo Fuuin sareta nouryoku","Naruto: Nerawareta Yakumo Fuuin sareta nouryoku",https://www.imdb.com/title/tt0943079,TV Episode,6.3,23,2006,"Animation, Action, Comedy, Adventure, Fantasy",624,"2006-10-05","Hayato Date"
tt0943077,5,2024-09-08,"Naruto: Kurenai no gokuhi ninmu: San-daime tono yakusoku","Naruto: Kurenai no gokuhi ninmu: San-daime tono yakusoku",https://www.imdb.com/title/tt0943077,TV Episode,6.4,23,2006,"Animation, Action, Comedy, Adventure, Fantasy",621,"2006-10-05","Hayato Date"
tt0943076,5,2024-09-08,"Naruto: Genjutsu-ka genjitsu-ka Gokan wo seisuru mono","Naruto: Genjutsu-ka genjitsu-ka Gokan wo seisuru mono",https://www.imdb.com/title/tt0943076,TV Episode,6.5,23,2006,"Animation, Action, Comedy, Adventure, Fantasy",625,"2006-10-19","Hayato Date"
tt0943074,5,2024-09-08,"Naruto: Fujirareta hazu no nouryoku","Naruto: Fujirareta hazu no nouryoku",https://www.imdb.com/title/tt0943074,TV Episode,6.6,23,2006,"Animation, Action, Comedy, Adventure, Fantasy",632,"2006-09-26","Hayato Date"
tt1209039,5,2024-09-08,"Naruto: Meiki Kachou fuugetsu no omosa","Naruto: Meiki Kachou fuugetsu no omosa",https://www.imdb.com/title/tt1209039,TV Episode,5.2,23,2006,"Animation, Action, Comedy, Adventure, Fantasy",644,"2006-11-02","Hayato Date"
tt1193920,5,2024-09-08,"Naruto: Teki wa 'Shinobazu'","Naruto: Teki wa 'Shinobazu'",https://www.imdb.com/title/tt1193920,TV Episode,5.8,23,2006,"Animation, Action, Comedy, Adventure, Fantasy",621,"2006-11-09","Hayato Date"
tt1193919,5,2024-09-08,"Naruto: Mayoi no mori","Naruto: Mayoi no mori",https://www.imdb.com/title/tt1193919,TV Episode,6.1,23,2006,"Animation, Action, Comedy, Adventure, Fantasy",618,"2006-11-16","Hayato Date"
tt0943075,6,2024-09-07,"Naruto: The Powerful Helper","Naruto: Geneki baribari! Saikyou no suketto",https://www.imdb.com/title/tt0943075,TV Episode,7.0,23,2006,"Animation, Action, Comedy, Adventure, Fantasy",664,"2008-10-04","Hayato Date"
tt1202557,6,2024-09-07,"Naruto: The Missed Target","Naruto: Mato hazure miete kita hyouteki",https://www.imdb.com/title/tt1202557,TV Episode,7.0,23,2006,"Animation, Action, Comedy, Adventure, Fantasy",659,"2008-09-20","Hayato Date"
tt1217857,5,2024-09-07,"Naruto: The Anbu Gives Up? Naruto's Recollection","Naruto: Anbu mo oteage Naruto no kioku",https://www.imdb.com/title/tt1217857,TV Episode,6.8,24,2006,"Animation, Action, Comedy, Adventure, Fantasy",648,"2008-09-20","Hayato Date"
tt1217861,5,2024-09-07,"Naruto: Crisis: The Hidden Leaf 11 Gather!","Naruto: Dai pinchi! Konoha no 11-nin zen'in shuugou",https://www.imdb.com/title/tt1217861,TV Episode,6.6,23,2006,"Animation, Action, Comedy, Adventure, Fantasy",646,"2008-09-13","Hayato Date"
tt1217866,6,2024-09-07,"Naruto: Hot-Blooded Confrontation: Student vs. Sensei","Naruto: Namida no gekitotsu! Nekketsu shitei taiketsu",https://www.imdb.com/title/tt1217866,TV Episode,6.5,23,2006,"Animation, Action, Comedy, Adventure, Fantasy",634,"2008-09-13","Hayato Date"
tt1217862,5,2024-09-07,"Naruto: Daisan no choujuu, saidai no raibaru","Naruto: Daisan no choujuu, saidai no raibaru",https://www.imdb.com/title/tt1217862,TV Episode,6.4,23,2006,"Animation, Action, Comedy, Adventure, Fantasy",627,"2006-07-26","Hayato Date"
tt1217865,4,2024-09-07,"Naruto: The Mysterious Curse of the Haunted Castle","Naruto: Kaiki norowareta yuureijou",https://www.imdb.com/title/tt1217865,TV Episode,5.6,23,2006,"Animation, Action, Comedy, Adventure, Fantasy",633,"2008-09-06","Hayato Date"
tt1217858,5,2024-09-07,"Naruto: Viva Dojo Challenge! Youth Is All About Passion!","Naruto: Biba doujou yaburi! Seishun wa bakuhatsu da",https://www.imdb.com/title/tt1217858,TV Episode,6.1,23,2006,"Animation, Action, Comedy, Adventure, Fantasy",648,"2006-07-12","Hayato Date"
tt1217864,4,2024-09-07,"Naruto: Ino Screams! Chubby Passion!","Naruto: Ino zekkyou! Pocchari paradaisu",https://www.imdb.com/title/tt1217864,TV Episode,5.5,24,2006,"Animation, Action, Comedy, Adventure, Fantasy",672,"2008-08-30","Hayato Date"
tt1217867,6,2024-09-07,"Naruto: Shi no senkoku 'Kumori tokidoki hare'","Naruto: Shi no senkoku 'Kumori tokidoki hare'",https://www.imdb.com/title/tt1217867,TV Episode,5.8,23,2006,"Animation, Action, Comedy, Adventure, Fantasy",629,"2006-06-28","Hayato Date"
tt1217859,6,2024-09-07,"Naruto: The Byakugan Sees the Blind Spot!","Naruto: Byakugan wa mita! Jiki tsukai no shikaku",https://www.imdb.com/title/tt1217859,TV Episode,6.4,23,2006,"Animation, Action, Comedy, Adventure, Fantasy",629,"2008-08-23","Hayato Date"
tt4652854,7,2024-09-06,"Mr. Robot: eps1.9_zer0-day.avi","Mr. Robot: eps1.9_zer0-day.avi",https://www.imdb.com/title/tt4652854,TV Episode,8.7,54,2015,"Crime, Drama, Thriller",14525,"2015-09-02","Sam Esmail"
tt4799588,8,2024-09-06,"Mr. Robot: eps1.8_m1rr0r1ng.qt","Mr. Robot: eps1.8_m1rr0r1ng.qt",https://www.imdb.com/title/tt4799588,TV Episode,9.2,49,2015,"Crime, Drama, Thriller",16860,"2015-08-19","Tricia Brock"
tt4730026,8,2024-09-05,"Mr. Robot: eps1.7_wh1ter0se.m4v","Mr. Robot: eps1.7_wh1ter0se.m4v",https://www.imdb.com/title/tt4730026,TV Episode,9.4,45,2015,"Crime, Drama, Thriller",19779,"2015-08-12","Christoph Schrewe"
tt4730018,6,2024-09-05,"Mr. Robot: eps1.6_v1ew-s0urce.flv","Mr. Robot: eps1.6_v1ew-s0urce.flv",https://www.imdb.com/title/tt4730018,TV Episode,8.4,45,2015,"Crime, Drama, Thriller",13491,"2015-08-05","Sam Esmail"
tt4730014,6,2024-09-05,"Mr. Robot: eps1.5_br4ve-trave1er.asf","Mr. Robot: eps1.5_br4ve-trave1er.asf",https://www.imdb.com/title/tt4730014,TV Episode,9.1,45,2015,"Crime, Drama, Thriller",17012,"2015-07-29","Deborah Chow"
tt4730012,6,2024-09-05,"Mr. Robot: eps1.4_3xpl0its.wmv","Mr. Robot: eps1.4_3xpl0its.wmv",https://www.imdb.com/title/tt4730012,TV Episode,8.4,45,2015,"Crime, Drama, Thriller",14202,"2015-07-22","Jim McKay"
tt4659980,6,2024-09-04,"Mr. Robot: eps1.3_da3m0ns.mp4","Mr. Robot: eps1.3_da3m0ns.mp4",https://www.imdb.com/title/tt4659980,TV Episode,7.9,46,2015,"Crime, Drama, Thriller",17617,"2015-07-15","Nisha Ganatra"
tt4730002,5,2024-09-04,"Mr. Robot: eps1.2_d3bug.mkv","Mr. Robot: eps1.2_d3bug.mkv",https://www.imdb.com/title/tt4730002,TV Episode,8.0,46,2015,"Crime, Drama, Thriller",15737,"2015-07-08","Jim McKay"
tt4686038,5,2024-09-04,"Mr. Robot: eps1.1_ones-and-zer0es.mpeg","Mr. Robot: eps1.1_ones-and-zer0es.mpeg",https://www.imdb.com/title/tt4686038,TV Episode,8.4,48,2015,"Crime, Drama, Thriller",17393,"2015-07-01","Sam Esmail"
tt0758730,5,2024-09-04,"Aliens vs. Predator: Requiem","AVPR: Aliens vs Predator - Requiem",https://www.imdb.com/title/tt0758730,Movie,4.6,94,2007,"Sci-Fi, Action, Thriller, Horror",148004,"2007-12-25","Colin Strause,Greg Strause"
tt4652838,6,2024-09-03,"Mr. Robot: eps1.0_hellofriend.mov","Mr. Robot: eps1.0_hellofriend.mov",https://www.imdb.com/title/tt4652838,TV Episode,9.2,62,2015,"Crime, Drama, Thriller",26528,"2015-06-24","Niels Arden Oplev"
tt23468450,5,2024-09-02,"Longlegs","Longlegs",https://www.imdb.com/title/tt23468450,Movie,6.5,101,2024,"Horror, Thriller, Crime, Mystery",231526,"2024-07-12","Osgood Perkins"
tt0370263,5,2024-09-02,"Alien vs. Predator","AVP: Alien vs. Predator",https://www.imdb.com/title/tt0370263,Movie,5.7,101,2004,"Action, Horror, Sci-Fi, Thriller, Adventure",234692,"2004-08-13","Paul W.S. Anderson"
tt0118583,5,2024-09-01,"Alien: Resurrection","Alien: Resurrection",https://www.imdb.com/title/tt0118583,Movie,6.2,109,1997,"Sci-Fi, Horror, Action",294042,"1997-11-26","Jean-Pierre Jeunet"
tt0103644,6,2024-09-01,"Alien³","Alien³",https://www.imdb.com/title/tt0103644,Movie,6.4,114,1992,"Action, Horror, Sci-Fi",355090,"1992-05-22","David Fincher"
tt0090605,6,2024-08-31,"Aliens","Aliens",https://www.imdb.com/title/tt0090605,Movie,8.4,137,1986,"Thriller, Action, Horror, Sci-Fi, Adventure",846436,"1986-07-18","James Cameron"
tt0078748,6,2024-08-30,"Alien","Alien",https://www.imdb.com/title/tt0078748,Movie,8.4,117,1979,"Horror, Sci-Fi",1074070,"1979-06-22","Ridley Scott"
tt0102926,6,2024-08-30,"The Silence of the Lambs","The Silence of the Lambs",https://www.imdb.com/title/tt0102926,Movie,8.6,118,1991,"Crime, Drama, Horror, Thriller",1743625,"1991-02-14","Jonathan Demme"
tt12584954,7,2024-08-29,"Twisters","Twisters",https://www.imdb.com/title/tt12584954,Movie,6.5,122,2024,"Action, Adventure, Thriller",199572,"2024-07-19","Lee Isaac Chung"
tt0060196,2,2024-08-29,"The Good, the Bad and the Ugly","Il buono, il brutto, il cattivo",https://www.imdb.com/title/tt0060196,Movie,8.8,178,1966,"Adventure, Drama, Western",898496,"1967-12-29","Sergio Leone"
tt10272386,7,2024-08-28,"The Father","The Father",https://www.imdb.com/title/tt10272386,Movie,8.2,97,2020,"Drama, Mystery",248807,"2021-02-26","Florian Zeller"
tt25808194,5,2024-08-28,"Project Silence","Talchul: Project Silence",https://www.imdb.com/title/tt25808194,Movie,5.4,101,2023,"Action, Horror, Sci-Fi, Thriller",4479,"2024-07-12","Kim Tae-gon"
tt1051906,5,2024-08-28,"The Invisible Man","The Invisible Man",https://www.imdb.com/title/tt1051906,Movie,7.1,124,2020,"Sci-Fi, Thriller, Horror, Mystery, Drama",289367,"2020-02-28","Leigh Whannell"
tt7631058,7,2024-08-27,"The Lord of the Rings: The Rings of Power","The Lord of the Rings: The Rings of Power",https://www.imdb.com/title/tt7631058,TV Series,6.8,60,2022,"Adventure, Fantasy, Action, Drama",443582,"2022-09-01",
tt0286106,6,2024-08-25,"Signs","Signs",https://www.imdb.com/title/tt0286106,Movie,6.8,106,2002,"Drama, Mystery, Sci-Fi, Thriller",417718,"2002-08-02","M. Night Shyamalan"
tt14039582,5,2024-08-25,"Drive My Car","Doraibu mai kâ",https://www.imdb.com/title/tt14039582,Movie,7.5,179,2021,"Drama",77777,"2021-08-20","Ryūsuke Hamaguchi"
tt9018736,7,2024-08-23,"Avatar: The Last Airbender","Avatar: The Last Airbender",https://www.imdb.com/title/tt9018736,TV Series,7.1,55,2024,"Action, Adventure, Fantasy, Mystery, Comedy, Drama, Family",92955,"2024-02-22",
tt2582802,5,2024-08-22,"Whiplash","Whiplash",https://www.imdb.com/title/tt2582802,Movie,8.5,106,2014,"Drama, Music",1176289,"2014-10-15","Damien Chazelle"
tt1853728,6,2024-08-21,"Django Unchained","Django Unchained",https://www.imdb.com/title/tt1853728,Movie,8.5,165,2012,"Western, Drama",1907716,"2012-12-25","Quentin Tarantino"
tt26470109,5,2024-08-20,"Oddity","Oddity",https://www.imdb.com/title/tt26470109,Movie,6.7,98,2024,"Horror, Thriller, Mystery",62343,"2024-07-19","Damian McCarthy"
tt17569526,6,2024-08-19,"Acid","Acide",https://www.imdb.com/title/tt17569526,Movie,5.1,99,2023,"Sci-Fi, Drama",3198,"2023-09-20","Just Philippot"
tt0099685,5,2024-08-18,"GoodFellas","GoodFellas",https://www.imdb.com/title/tt0099685,Movie,8.7,145,1990,"Biography, Crime, Drama",1408620,"1990-09-21","Martin Scorsese"
tt0114369,9,2024-08-18,"Seven","Se7en",https://www.imdb.com/title/tt0114369,Movie,8.6,127,1995,"Mystery, Drama, Crime, Thriller",2051493,"1995-09-22","David Fincher"
tt0073486,8,2024-08-17,"One Flew Over the Cuckoo's Nest","One Flew Over the Cuckoo's Nest",https://www.imdb.com/title/tt0073486,Movie,8.6,133,1975,"Drama",1164723,"1975-11-21","Miloš Forman"
tt10638522,7,2024-08-16,"Talk to Me","Talk to Me",https://www.imdb.com/title/tt10638522,Movie,7.1,95,2022,"Horror, Thriller",223406,"2023-07-28","Danny Philippou,Michael Philippou"
tt27160121,6,2024-08-16,"House of the Dragon: The Queen Who Ever Was","House of the Dragon: The Queen Who Ever Was",https://www.imdb.com/title/tt27160121,TV Episode,6.5,69,2024,"Fantasy, Adventure, Drama, Action",54125,"2024-08-04","Geeta Vasant Patel"
tt10229558,4,2024-08-15,"The Dark and the Wicked","The Dark and the Wicked",https://www.imdb.com/title/tt10229558,Movie,6.1,95,2020,"Horror",30233,"2020-11-06","Bryan Bertino"
tt29545351,4,2024-08-14,"The Train of Death","Kereta berdarah",https://www.imdb.com/title/tt29545351,Movie,4.7,103,2024,"Horror, Thriller",1024,"2024-02-01","Rizal Mantovani"
tt22023218,4,2024-08-14,"You'll Never Find Me","You'll Never Find Me",https://www.imdb.com/title/tt22023218,Movie,5.8,100,2023,"Horror, Thriller, Drama",9590,"2024-03-22","Josiah Allen,Indianna Bell"
tt2023587,6,2024-08-12,"Mama","Mama",https://www.imdb.com/title/tt2023587,Movie,6.2,100,2013,"Horror, Thriller, Fantasy",201991,"2013-01-18","Andy Muschietti"
tt27179976,6,2024-08-12,"House of the Dragon: The Red Dragon and the Gold","House of the Dragon: The Red Dragon and the Gold",https://www.imdb.com/title/tt27179976,TV Episode,9.4,55,2024,"Fantasy, Adventure, Drama, Action",71709,"2024-07-07","Alan Taylor"
tt27146733,6,2024-08-12,"House of the Dragon: Regent","House of the Dragon: Regent",https://www.imdb.com/title/tt27146733,TV Episode,7.3,62,2024,"Fantasy, Adventure, Drama, Action",40169,"2024-07-14","Clare Kilner"
tt26947923,6,2024-08-12,"House of the Dragon: Smallfolk","House of the Dragon: Smallfolk",https://www.imdb.com/title/tt26947923,TV Episode,6.3,67,2024,"Fantasy, Adventure, Drama, Action",61190,"2024-07-21","Andrij Parekh"
tt27179981,6,2024-08-12,"House of the Dragon: The Red Sowing","House of the Dragon: The Red Sowing",https://www.imdb.com/title/tt27179981,TV Episode,8.8,64,2024,"Fantasy, Adventure, Drama, Action",47816,"2024-07-28","Loni Peristere"
tt27172708,6,2024-08-12,"House of the Dragon: The Burning Mill","House of the Dragon: The Burning Mill",https://www.imdb.com/title/tt27172708,TV Episode,7.6,66,2024,"Fantasy, Adventure, Drama, Action",41531,"2024-06-30","Geeta Vasant Patel"
tt27133251,7,2024-08-12,"House of the Dragon: Rhaenyra the Cruel","House of the Dragon: Rhaenyra the Cruel",https://www.imdb.com/title/tt27133251,TV Episode,8.2,69,2024,"Fantasy, Adventure, Drama, Action",43299,"2024-06-23","Clare Kilner"
tt21912342,7,2024-08-12,"House of the Dragon: A Son for a Son","House of the Dragon: A Son for a Son",https://www.imdb.com/title/tt21912342,TV Episode,8.2,59,2024,"Fantasy, Adventure, Drama, Action",49499,"2024-06-16","Alan Taylor"
tt8535968,5,2024-08-05,"System Crasher","Systemsprenger",https://www.imdb.com/title/tt8535968,Movie,7.8,125,2019,"Drama",16793,"2020-02-21","Nora Fingscheidt"
tt11198354,9,2024-08-04,"House of the Dragon: The Black Queen","House of the Dragon: The Black Queen",https://www.imdb.com/title/tt11198354,TV Episode,9.3,59,2022,"Fantasy, Adventure, Drama, Action",57837,"2022-10-23","Greg Yaitanes"
tt11198352,8,2024-08-04,"House of the Dragon: The Green Council","House of the Dragon: The Green Council",https://www.imdb.com/title/tt11198352,TV Episode,8.7,58,2022,"Fantasy, Adventure, Drama, Action",55555,"2022-10-16","Clare Kilner"
tt11198350,8,2024-08-04,"House of the Dragon: The Lord of the Tides","House of the Dragon: The Lord of the Tides",https://www.imdb.com/title/tt11198350,TV Episode,9.3,67,2022,"Fantasy, Adventure, Drama, Action",70473,"2022-10-09","Geeta Vasant Patel"
tt11198348,8,2024-08-04,"House of the Dragon: Driftmark","House of the Dragon: Driftmark",https://www.imdb.com/title/tt11198348,TV Episode,9.1,59,2022,"Fantasy, Adventure, Drama, Action",63518,"2022-10-02","Miguel Sapochnik"
tt11198330,8,2024-08-04,"House of the Dragon","House of the Dragon",https://www.imdb.com/title/tt11198330,TV Series,8.3,60,2022,"Fantasy, Adventure, Drama, Action",564194,"2022-08-21",
tt11198346,7,2024-08-03,"House of the Dragon: The Princess and the Queen","House of the Dragon: The Princess and the Queen",https://www.imdb.com/title/tt11198346,TV Episode,8.0,67,2022,"Fantasy, Adventure, Drama, Action",56800,"2022-09-25","Miguel Sapochnik"
tt11198342,9,2024-08-03,"House of the Dragon: We Light the Way","House of the Dragon: We Light the Way",https://www.imdb.com/title/tt11198342,TV Episode,8.8,59,2022,"Fantasy, Adventure, Drama, Action",63544,"2022-09-18","Clare Kilner"
tt11198340,8,2024-08-03,"House of the Dragon: King of the Narrow Sea","House of the Dragon: King of the Narrow Sea",https://www.imdb.com/title/tt11198340,TV Episode,8.4,63,2022,"Fantasy, Adventure, Drama, Action",62729,"2022-09-11","Clare Kilner"
tt11198338,8,2024-08-02,"House of the Dragon: Second of His Name","House of the Dragon: Second of His Name",https://www.imdb.com/title/tt11198338,TV Episode,8.7,63,2022,"Fantasy, Adventure, Drama, Action",73567,"2022-09-04","Greg Yaitanes"
tt11198336,7,2024-08-01,"House of the Dragon: The Rogue Prince","House of the Dragon: The Rogue Prince",https://www.imdb.com/title/tt11198336,TV Episode,8.3,54,2022,"Fantasy, Adventure, Drama, Action",72184,"2022-08-28","Greg Yaitanes"
tt11198334,7,2024-08-01,"House of the Dragon: The Heirs of the Dragon","House of the Dragon: The Heirs of the Dragon",https://www.imdb.com/title/tt11198334,TV Episode,8.7,66,2022,"Fantasy, Adventure, Drama, Action",90045,"2022-08-21","Miguel Sapochnik"
tt9581076,8,2024-08-01,"So Long, My Son","Di jiu tian chang",https://www.imdb.com/title/tt9581076,Movie,7.7,185,2019,"Drama",6183,"2019-03-22","Xiaoshuai Wang"
tt0332280,8,2024-07-31,"The Notebook","The Notebook",https://www.imdb.com/title/tt0332280,Movie,7.8,123,2004,"Romance, Drama",699958,"2004-06-25","Nick Cassavetes"
tt8359816,7,2024-07-31,"Sorry We Missed You","Sorry We Missed You",https://www.imdb.com/title/tt8359816,Movie,7.6,101,2019,"Drama",28455,"2020-03-06","Ken Loach"
tt2274648,5,2024-07-31,"Hellboy","Hellboy",https://www.imdb.com/title/tt2274648,Movie,5.3,120,2019,"Action, Adventure, Fantasy, Sci-Fi, Horror, Thriller",108264,"2019-04-12","Neil Marshall"
tt0167190,6,2024-07-30,"Hellboy","Hellboy",https://www.imdb.com/title/tt0167190,Movie,6.9,122,2004,"Fantasy, Adventure, Sci-Fi, Horror, Action",372615,"2004-04-02","Guillermo del Toro"
tt0411477,7,2024-07-30,"Hellboy II: The Golden Army","Hellboy II: The Golden Army",https://www.imdb.com/title/tt0411477,Movie,7.0,120,2008,"Action, Adventure, Fantasy, Sci-Fi, Horror",300070,"2008-07-11","Guillermo del Toro"
tt6803046,6,2024-07-28,"The Vast of Night","The Vast of Night",https://www.imdb.com/title/tt6803046,Movie,6.7,91,2019,"Mystery, Sci-Fi, Thriller, Drama",50968,"2020-05-29","Andrew Patterson"
tt8291806,4,2024-07-28,"Pain and Glory","Dolor y gloria",https://www.imdb.com/title/tt8291806,Movie,7.5,113,2019,"Drama",67630,"2019-10-04","Pedro Almodóvar"
tt9608818,9,2024-07-27,"Our Friend","Our Friend",https://www.imdb.com/title/tt9608818,Movie,7.3,124,2019,"Drama, Romance",18314,"2021-01-29","Gabriela Cowperthwaite"
tt9586294,9,2024-07-26,"Better Days","Shaonian de ni",https://www.imdb.com/title/tt9586294,Movie,7.6,135,2019,"Romance, Crime, Drama, Thriller",17419,"2019-10-25","Derek Tsang"
tt9446688,8,2024-07-26,"I Am Not Okay with This","I Am Not Okay with This",https://www.imdb.com/title/tt9446688,TV Series,7.5,20,2020,"Comedy, Sci-Fi, Drama, Fantasy",83882,"2020-02-26",
tt10199640,8,2024-07-25,"Beanpole","Dylda",https://www.imdb.com/title/tt10199640,Movie,7.2,130,2019,"Drama, War",13252,"2020-01-29","Kantemir Balagov"
tt1667354,8,2024-07-25,"The Painted Bird","Nabarvené ptáce",https://www.imdb.com/title/tt1667354,Movie,7.3,169,2019,"Drama, War, Thriller, Horror",8725,"2020-07-17","Václav Marhoul"
tt0434409,9,2024-07-23,"V for Vendetta","V for Vendetta",https://www.imdb.com/title/tt0434409,Movie,8.1,132,2005,"Thriller, Action, Drama, Sci-Fi",1254264,"2006-03-17","James McTeigue"
tt1181791,7,2024-07-22,"Black Death","Black Death",https://www.imdb.com/title/tt1181791,Movie,6.4,102,2010,"Drama, Mystery, Action, Horror, History",54961,"2010-06-11","Christopher Smith"
tt1588173,7,2024-07-19,"Warm Bodies","Warm Bodies",https://www.imdb.com/title/tt1588173,Movie,6.8,98,2013,"Horror, Comedy, Romance, Action, Sci-Fi, Thriller",256715,"2013-02-01","Jonathan Levine"
tt26736843,6,2024-07-18,"The Watchers","The Watchers",https://www.imdb.com/title/tt26736843,Movie,5.7,102,2024,"Thriller, Horror, Mystery, Fantasy",72941,"2024-06-07","Ishana Shyamalan"
tt11240348,4,2024-07-17,"The Exorcism","The Exorcism",https://www.imdb.com/title/tt11240348,Movie,4.2,95,2024,"Thriller, Horror",14165,"2024-06-21","Joshua John Miller"
tt17163896,9,2024-07-14,"Demon Slayer: Kimetsu no Yaiba: Gathering","Kimetsu no Yaiba: Gathering",https://www.imdb.com/title/tt17163896,TV Episode,9.4,24,2022,"Animation, Action, Fantasy, Thriller, Adventure",12354,"2022-01-23","Haruo Sotozaki"
tt17337688,10,2024-07-14,"Demon Slayer: Kimetsu no Yaiba: Defeating an Upper Rank Demon","Kimetsu no Yaiba: Defeating an Upper Rank Demon",https://www.imdb.com/title/tt17337688,TV Episode,9.6,24,2022,"Animation, Action, Fantasy, Thriller, Adventure",14350,"2022-01-30","Haruo Sotozaki"
tt17521746,10,2024-07-14,"Demon Slayer: Kimetsu no Yaiba: Never Give Up","Kimetsu no Yaiba: Never Give Up",https://www.imdb.com/title/tt17521746,TV Episode,9.8,24,2022,"Animation, Action, Fantasy, Thriller, Adventure",32199,"2022-02-06","Haruo Sotozaki"
tt15757632,9,2024-07-14,"Demon Slayer: Kimetsu no Yaiba: Set Your Heart Ablaze","Kimetsu no Yaiba: Set Your Heart Ablaze",https://www.imdb.com/title/tt15757632,TV Episode,9.7,26,2021,"Animation, Action, Fantasy, Thriller, Adventure",13494,"2021-11-28","Haruo Sotozaki"
tt10433114,8,2024-07-14,"Demon Slayer: Kimetsu no Yaiba: New Mission","Kimetsu no Yaiba: New Mission",https://www.imdb.com/title/tt10433114,TV Episode,8.7,24,2019,"Animation, Action, Fantasy, Thriller, Adventure",7050,"2019-09-28","Haruo Sotozaki,Yûichi Terao"
tt10433112,8,2024-07-14,"Demon Slayer: Kimetsu no Yaiba: Tsuguko, Kanao Tsuyuri","Kimetsu no Yaiba: Tsuguko, Kanao Tsuyuri",https://www.imdb.com/title/tt10433112,TV Episode,7.7,24,2019,"Animation, Action, Fantasy, Thriller, Adventure",5869,"2019-09-21","Haruo Sotozaki,Shin'ya Shimomura"
tt10433110,8,2024-07-14,"Demon Slayer: Kimetsu no Yaiba: Rehabilitation Training","Kimetsu no Yaiba: Rehabilitation Training",https://www.imdb.com/title/tt10433110,TV Episode,7.6,24,2019,"Animation, Action, Fantasy, Thriller, Adventure",5920,"2019-09-14","Haruo Sotozaki,Shûji Miyahara,Akihiko Uda"
tt10433108,8,2024-07-14,"Demon Slayer: Kimetsu no Yaiba: Hashira Meeting","Kimetsu no Yaiba: Hashira Meeting",https://www.imdb.com/title/tt10433108,TV Episode,7.8,24,2019,"Animation, Action, Fantasy, Thriller, Adventure",6011,"2019-09-07","Haruo Sotozaki,Ken Takahashi"
tt10433106,8,2024-07-14,"Demon Slayer: Kimetsu no Yaiba: Master of the Mansion","Kimetsu no Yaiba: Master of the Mansion",https://www.imdb.com/title/tt10433106,TV Episode,8.3,24,2019,"Animation, Action, Fantasy, Thriller, Adventure",6239,"2019-08-31","Haruo Sotozaki,Yûki Itô"
tt10433104,8,2024-07-14,"Demon Slayer: Kimetsu no Yaiba: Against Corps Rules","Kimetsu no Yaiba: Against Corps Rules",https://www.imdb.com/title/tt10433104,TV Episode,8.5,24,2019,"Animation, Action, Fantasy, Thriller, Adventure",6428,"2019-08-24","Haruo Sotozaki,Takuya Nonaka"
tt10433102,8,2024-07-14,"Demon Slayer: Kimetsu no Yaiba: Pretend Family","Kimetsu no Yaiba: Pretend Family",https://www.imdb.com/title/tt10433102,TV Episode,8.8,24,2019,"Animation, Action, Fantasy, Thriller, Adventure",6838,"2019-08-17","Haruo Sotozaki,Takashi Suhara"
tt10433100,9,2024-07-14,"Demon Slayer: Kimetsu no Yaiba: Hinokami","Kimetsu no Yaiba: Hinokami",https://www.imdb.com/title/tt10433100,TV Episode,9.7,24,2019,"Animation, Action, Fantasy, Thriller, Adventure",24267,"2019-08-10","Haruo Sotozaki,Toshiyuki Shirai"
tt10433098,8,2024-07-14,"Demon Slayer: Kimetsu no Yaiba: A Forged Bond","Kimetsu no Yaiba: A Forged Bond",https://www.imdb.com/title/tt10433098,TV Episode,9.0,24,2019,"Animation, Action, Fantasy, Thriller, Adventure",7530,"2019-08-03","Haruo Sotozaki,Akihiko Uda"
tt10433096,8,2024-07-14,"Demon Slayer: Kimetsu no Yaiba: You Must Master a Single Thing","Kimetsu no Yaiba: You Must Master a Single Thing",https://www.imdb.com/title/tt10433096,TV Episode,9.0,24,2019,"Animation, Action, Fantasy, Thriller, Adventure",8220,"2019-07-27","Haruo Sotozaki,Shûji Miyahara,Takuya Nonaka"
tt10433094,8,2024-07-14,"Demon Slayer: Kimetsu no Yaiba: Letting Someone Else Go First","Kimetsu no Yaiba: Letting Someone Else Go First",https://www.imdb.com/title/tt10433094,TV Episode,8.6,24,2019,"Animation, Action, Fantasy, Thriller, Adventure",6708,"2019-07-20","Haruo Sotozaki,Ken Takahashi"
tt10433092,8,2024-07-14,"Demon Slayer: Kimetsu no Yaiba: Mount Natagumo","Kimetsu no Yaiba: Mount Natagumo",https://www.imdb.com/title/tt10433092,TV Episode,7.8,24,2019,"Animation, Action, Fantasy, Thriller, Adventure",6190,"2019-07-13","Haruo Sotozaki,Shinsuke Gomi,Yûki Itô"
tt10433090,8,2024-07-14,"Demon Slayer: Kimetsu no Yaiba: The House with the Wisteria Family Crest","Kimetsu no Yaiba: The House with the Wisteria Family Crest",https://www.imdb.com/title/tt10433090,TV Episode,7.5,24,2019,"Animation, Action, Fantasy, Thriller, Adventure",6356,"2019-07-06","Haruo Sotozaki,Shûji Miyahara"
tt10346080,8,2024-07-14,"Demon Slayer: Kimetsu no Yaiba: Something More Important Than Life","Kimetsu no Yaiba: Something More Important Than Life",https://www.imdb.com/title/tt10346080,TV Episode,8.2,24,2019,"Animation, Action, Fantasy, Thriller, Adventure",6370,"2019-06-29","Haruo Sotozaki,Yûsuke Shibata"
tt9913050,8,2024-07-14,"Demon Slayer: Kimetsu no Yaiba: The Boar Bares Its Fangs, Zenitsu Sleeps","Kimetsu no Yaiba: The Boar Bares Its Fangs, Zenitsu Sleeps",https://www.imdb.com/title/tt9913050,TV Episode,7.8,24,2019,"Animation, Action, Fantasy, Thriller, Adventure",6410,"2019-06-22","Haruo Sotozaki,Masashi Takeuchi"
tt9913040,8,2024-07-14,"Demon Slayer: Kimetsu no Yaiba: Tsuzumi Mansion","Kimetsu no Yaiba: Tsuzumi Mansion",https://www.imdb.com/title/tt9913040,TV Episode,7.2,24,2019,"Animation, Action, Fantasy, Thriller, Adventure",6563,"2019-06-15","Haruo Sotozaki,Shûji Miyahara"
tt9913038,8,2024-07-14,"Demon Slayer: Kimetsu no Yaiba: Together Forever","Kimetsu no Yaiba: Together Forever",https://www.imdb.com/title/tt9913038,TV Episode,8.3,24,2019,"Animation, Action, Fantasy, Thriller, Adventure",6499,"2019-06-08","Haruo Sotozaki,Yûki Itô"
tt9913036,8,2024-07-14,"Demon Slayer: Kimetsu no Yaiba: Temari Demon and Arrow Demon","Kimetsu no Yaiba: Temari Demon and Arrow Demon",https://www.imdb.com/title/tt9913036,TV Episode,8.3,24,2019,"Animation, Action, Fantasy, Thriller, Adventure",6594,"2019-06-01","Haruo Sotozaki,Shin'ya Shimomura"
tt9913032,8,2024-07-14,"Demon Slayer: Kimetsu no Yaiba: The Smell of Enchanting Blood","Kimetsu no Yaiba: The Smell of Enchanting Blood",https://www.imdb.com/title/tt9913032,TV Episode,8.2,24,2019,"Animation, Action, Fantasy, Thriller, Adventure",6614,"2019-05-25","Haruo Sotozaki,Hideki Hosokawa"
tt9913030,8,2024-07-14,"Demon Slayer: Kimetsu no Yaiba: Muzan Kibutsuji","Kimetsu no Yaiba: Muzan Kibutsuji",https://www.imdb.com/title/tt9913030,TV Episode,8.6,24,2019,"Animation, Action, Fantasy, Thriller, Adventure",7190,"2019-05-18","Haruo Sotozaki,Takahiro Majima,Masashi Takeuchi"
tt9913028,8,2024-07-14,"Demon Slayer: Kimetsu no Yaiba: Swordsman Accompanying a Demon","Kimetsu no Yaiba: Swordsman Accompanying a Demon",https://www.imdb.com/title/tt9913028,TV Episode,7.9,24,2019,"Animation, Action, Fantasy, Thriller, Adventure",6739,"2019-05-11","Haruo Sotozaki,Jun'ichi Minamino"
tt9913022,8,2024-07-14,"Demon Slayer: Kimetsu no Yaiba: My Own Steel","Kimetsu no Yaiba: My Own Steel",https://www.imdb.com/title/tt9913022,TV Episode,7.9,24,2019,"Animation, Action, Fantasy, Thriller, Adventure",6895,"2019-05-04","Haruo Sotozaki,Takashi Suhara"
tt9913018,8,2024-07-14,"Demon Slayer: Kimetsu no Yaiba: Final Selection","Kimetsu no Yaiba: Final Selection",https://www.imdb.com/title/tt9913018,TV Episode,8.7,24,2019,"Animation, Action, Fantasy, Thriller, Adventure",7742,"2019-04-27","Haruo Sotozaki,Shin'ya Shimomura"
tt9913014,8,2024-07-14,"Demon Slayer: Kimetsu no Yaiba: Sabito and Makomo","Kimetsu no Yaiba: Sabito and Makomo",https://www.imdb.com/title/tt9913014,TV Episode,8.1,24,2019,"Animation, Action, Fantasy, Thriller, Adventure",7374,"2019-04-20","Haruo Sotozaki,Shin'ya Shimomura"
tt9913012,8,2024-07-14,"Demon Slayer: Kimetsu no Yaiba: Trainer Sakonji Urokodaki","Kimetsu no Yaiba: Trainer Sakonji Urokodaki",https://www.imdb.com/title/tt9913012,TV Episode,7.7,24,2019,"Animation, Action, Fantasy, Thriller, Adventure",7552,"2019-04-13","Haruo Sotozaki"
tt9828480,9,2024-07-14,"Demon Slayer: Kimetsu no Yaiba: Cruelty","Kimetsu no Yaiba: Cruelty",https://www.imdb.com/title/tt9828480,TV Episode,8.3,24,2019,"Animation, Action, Fantasy, Thriller, Adventure",9215,"2021-01-22","Haruo Sotozaki"
tt29452416,8,2024-07-14,"Demon Slayer: Kimetsu no Yaiba: To Defeat Muzan Kibutsuji","Kimetsu no Yaiba: To Defeat Muzan Kibutsuji",https://www.imdb.com/title/tt29452416,TV Episode,7.9,49,2024,"Animation, Action, Fantasy, Thriller, Adventure",5369,"2024-05-12","Shin'ya Shimomura,Haruo Sotozaki,Takashi Suhara"
tt29452422,8,2024-07-14,"Demon Slayer: Kimetsu no Yaiba: Fully Recovered Tanjiro Joins the Hashira Training!","Kimetsu no Yaiba: Fully Recovered Tanjiro Joins the Hashira Training!",https://www.imdb.com/title/tt29452422,TV Episode,7.2,23,2024,"Animation, Action, Fantasy, Thriller, Adventure",4562,"2024-05-26","Takashi Mamezuka,Haruo Sotozaki"
tt29452420,8,2024-07-14,"Demon Slayer: Kimetsu no Yaiba: The Sorrows of the Water Hashira, Giyu Tomioka","Kimetsu no Yaiba: The Sorrows of the Water Hashira, Giyu Tomioka",https://www.imdb.com/title/tt29452420,TV Episode,7.5,23,2024,"Animation, Action, Fantasy, Thriller, Adventure",4759,"2024-05-19","Yuji Shimizu,Haruo Sotozaki"
tt29452429,8,2024-07-14,"Demon Slayer: Kimetsu no Yaiba: To Bring a Smile to One's Face","Kimetsu no Yaiba: To Bring a Smile to One's Face",https://www.imdb.com/title/tt29452429,TV Episode,7.1,23,2024,"Animation, Action, Fantasy, Thriller, Adventure",4674,"2024-06-02","Seiji Harada,Haruo Sotozaki"
tt29452430,8,2024-07-14,"Demon Slayer: Kimetsu no Yaiba: I Even Ate Demons...","Kimetsu no Yaiba: I Even Ate Demons...",https://www.imdb.com/title/tt29452430,TV Episode,7.3,23,2024,"Animation, Action, Fantasy, Thriller, Adventure",4463,"2024-06-09","Hideki Hosokawa,Haruo Sotozaki"
tt29452434,8,2024-07-14,"Demon Slayer: Kimetsu no Yaiba: The Strongest of the Demon Slayer Corps","Kimetsu no Yaiba: The Strongest of the Demon Slayer Corps",https://www.imdb.com/title/tt29452434,TV Episode,7.3,23,2024,"Animation, Action, Fantasy, Thriller, Adventure",4407,"2024-06-16","Ken Nakazawa,Haruo Sotozaki"
tt29452436,8,2024-07-14,"Demon Slayer: Kimetsu no Yaiba: Stone Hashira Gyomei Himejima","Kimetsu no Yaiba: Stone Hashira Gyomei Himejima",https://www.imdb.com/title/tt29452436,TV Episode,8.5,32,2024,"Animation, Action, Fantasy, Thriller, Adventure",5798,"2024-06-23","Haruo Sotozaki,Akihiko Uda"
tt29452438,9,2024-07-14,"Demon Slayer: Kimetsu no Yaiba: The Hashira Unite","Kimetsu no Yaiba: The Hashira Unite",https://www.imdb.com/title/tt29452438,TV Episode,9.7,40,2024,"Animation, Action, Fantasy, Thriller, Adventure",27760,"2024-06-30","Seiji Harada,Haruo Sotozaki"
tt6857112,6,2024-07-10,"Us","Us",https://www.imdb.com/title/tt6857112,Movie,6.8,116,2019,"Thriller, Horror, Mystery",398813,"2019-03-22","Jordan Peele"
tt15747178,8,2024-07-10,"The Last of Us: Look for the Light","The Last of Us: Look for the Light",https://www.imdb.com/title/tt15747178,TV Episode,8.9,44,2023,"Adventure, Horror, Drama, Thriller, Sci-Fi, Action",56368,"2023-03-12","Ali Abbasi"
tt15747176,8,2024-07-10,"The Last of Us: When We Are in Need","The Last of Us: When We Are in Need",https://www.imdb.com/title/tt15747176,TV Episode,9.2,51,2023,"Adventure, Horror, Drama, Thriller, Sci-Fi, Action",68856,"2023-03-05","Ali Abbasi"
tt14659486,8,2024-07-10,"The Last of Us: Endure and Survive","The Last of Us: Endure and Survive",https://www.imdb.com/title/tt14659486,TV Episode,9.4,60,2023,"Adventure, Horror, Drama, Thriller, Sci-Fi, Action",90090,"2023-02-10","Jeremy Webb"
tt3581920,8,2024-07-10,"The Last of Us","The Last of Us",https://www.imdb.com/title/tt3581920,TV Series,8.4,50,2023,"Adventure, Horror, Drama, Thriller, Sci-Fi, Action",747708,"2023-01-15",
tt15747172,8,2024-07-09,"The Last of Us: Left Behind","The Last of Us: Left Behind",https://www.imdb.com/title/tt15747172,TV Episode,7.3,56,2023,"Adventure, Horror, Drama, Thriller, Sci-Fi, Action",78391,"2023-02-26","Liza Johnson"
tt14659496,7,2024-07-09,"The Last of Us: Kin","The Last of Us: Kin",https://www.imdb.com/title/tt14659496,TV Episode,8.7,59,2023,"Adventure, Horror, Drama, Thriller, Sci-Fi, Action",66738,"2023-02-19","Jasmila Zbanic"
tt14500890,7,2024-07-08,"The Last of Us: Please Hold to My Hand","The Last of Us: Please Hold to My Hand",https://www.imdb.com/title/tt14500890,TV Episode,8.3,46,2023,"Adventure, Horror, Drama, Thriller, Sci-Fi, Action",78059,"2023-02-05","Jeremy Webb"
tt14500888,7,2024-07-08,"The Last of Us: Long, Long Time","The Last of Us: Long, Long Time",https://www.imdb.com/title/tt14500888,TV Episode,8.1,76,2023,"Adventure, Horror, Drama, Thriller, Sci-Fi, Action",241757,"2023-01-29","Peter Hoar"
tt14500884,8,2024-07-07,"The Last of Us: Infected","The Last of Us: Infected",https://www.imdb.com/title/tt14500884,TV Episode,9.0,53,2023,"Adventure, Horror, Drama, Thriller, Sci-Fi, Action",112038,"2023-01-22","Neil Druckmann"
tt11957006,8,2024-07-06,"The Last of Us: When You're Lost in the Darkness","The Last of Us: When You're Lost in the Darkness",https://www.imdb.com/title/tt11957006,TV Episode,9.1,81,2023,"Adventure, Horror, Drama, Thriller, Sci-Fi, Action",123979,"2023-01-15","Craig Mazin"
tt0167404,9,2024-07-06,"The Sixth Sense","The Sixth Sense",https://www.imdb.com/title/tt0167404,Movie,8.2,107,1999,"Mystery, Drama, Thriller",1157137,"1999-08-06","M. Night Shyamalan"
tt12037194,6,2024-07-05,"Furiosa: A Mad Max Saga","Furiosa: A Mad Max Saga",https://www.imdb.com/title/tt12037194,Movie,7.4,148,2024,"Action, Adventure, Sci-Fi",326311,"2024-05-24","George Miller"
tt1735485,6,2024-07-04,"The Tunnel","The Tunnel",https://www.imdb.com/title/tt1735485,Movie,5.8,94,2011,"Horror, Thriller, Mystery",26127,"2011-05-19","Carlo Ledesma"
tt2231554,6,2024-07-02,"Grave Encounters 2","Grave Encounters 2",https://www.imdb.com/title/tt2231554,Movie,5.1,98,2012,"Horror, Mystery",30605,"2012-10-02","John Poliquin"
tt9603212,8,2024-07-01,"Mission: Impossible - Dead Reckoning Part One","Mission: Impossible - Dead Reckoning Part One",https://www.imdb.com/title/tt9603212,Movie,7.6,163,2023,"Action, Adventure, Thriller",331934,"2023-07-12","Christopher McQuarrie"
tt0407887,8,2024-06-30,"The Departed","The Departed",https://www.imdb.com/title/tt0407887,Movie,8.5,151,2006,"Crime, Drama, Thriller",1573544,"2006-10-06","Martin Scorsese"
tt1703199,6,2024-06-29,"Grave Encounters","Grave Encounters",https://www.imdb.com/title/tt1703199,Movie,6.1,92,2011,"Horror, Mystery, Fantasy, Thriller",72058,"2011-09-09","Colin Minihan,Stuart Ortiz,The Vicious Brothers"
tt5215952,6,2024-06-29,"The Wailing","Gokseong",https://www.imdb.com/title/tt5215952,Movie,7.4,156,2016,"Horror, Drama",101644,"2016-06-03","Na Hong-jin"
tt6587046,7,2024-06-28,"The Boy and the Heron","Kimi-tachi wa dô ikiru ka",https://www.imdb.com/title/tt6587046,Movie,7.3,124,2023,"Animation, Adventure, Fantasy, Drama",150546,"2023-12-08","Hayao Miyazaki"
tt0884328,7,2024-06-27,"The Mist","The Mist",https://www.imdb.com/title/tt0884328,Movie,7.1,126,2007,"Horror, Sci-Fi, Thriller",379146,"2007-11-21","Frank Darabont"
tt0120815,9,2024-06-26,"Saving Private Ryan","Saving Private Ryan",https://www.imdb.com/title/tt0120815,Movie,8.6,169,1998,"Drama, War",1657712,"1998-07-24","Steven Spielberg"
tt15574270,3,2024-06-25,"I Saw the TV Glow","I Saw the TV Glow",https://www.imdb.com/title/tt15574270,Movie,5.8,100,2024,"Drama, Mystery, Horror",47887,"2024-05-17","Jane Schoenbrun"
tt0137523,9,2024-06-24,"Fight Club","Fight Club",https://www.imdb.com/title/tt0137523,Movie,8.8,139,1999,"Drama, Crime, Thriller",2651747,"1999-10-15","David Fincher"
tt27802490,7,2024-06-24,"Exhuma","Pamyo",https://www.imdb.com/title/tt27802490,Movie,6.9,134,2024,"Horror, Mystery",30666,"2024-02-22","Jang Jae-hyun"
tt2321549,5,2024-06-21,"The Babadook","The Babadook",https://www.imdb.com/title/tt2321549,Movie,6.8,94,2014,"Horror, Mystery, Drama",272278,"2014-11-28","Jennifer Kent"
tt0172495,7,2024-06-20,"Gladiator","Gladiator",https://www.imdb.com/title/tt0172495,Movie,8.5,155,2000,"Action, Adventure, Drama",1875603,"2000-05-05","Ridley Scott"
tt0120689,9,2024-06-19,"The Green Mile","The Green Mile",https://www.imdb.com/title/tt0120689,Movie,8.6,189,1999,"Crime, Fantasy, Mystery, Drama",1580173,"1999-12-10","Frank Darabont"
tt4912910,8,2024-06-18,"Mission: Impossible - Fallout","Mission: Impossible - Fallout",https://www.imdb.com/title/tt4912910,Movie,7.7,147,2018,"Action, Adventure, Thriller",423761,"2018-07-27","Christopher McQuarrie"
tt2381249,7,2024-06-17,"Mission: Impossible - Rogue Nation","Mission: Impossible - Rogue Nation",https://www.imdb.com/title/tt2381249,Movie,7.4,131,2015,"Action, Adventure, Thriller",449200,"2015-07-31","Christopher McQuarrie"
tt1229238,7,2024-06-17,"Mission: Impossible - Ghost Protocol","Mission: Impossible - Ghost Protocol",https://www.imdb.com/title/tt1229238,Movie,7.4,132,2011,"Action, Thriller, Adventure",568745,"2011-12-21","Brad Bird"
tt0317919,7,2024-06-16,"Mission: Impossible III","Mission: Impossible III",https://www.imdb.com/title/tt0317919,Movie,6.9,126,2006,"Action, Adventure, Thriller",428055,"2006-05-05","J.J. Abrams"
tt0120755,6,2024-06-15,"Mission: Impossible II","Mission: Impossible II",https://www.imdb.com/title/tt0120755,Movie,6.1,123,2000,"Adventure, Thriller, Action",417456,"2000-05-24","John Woo"
tt27489557,7,2024-06-13,"Abigail","Abigail",https://www.imdb.com/title/tt27489557,Movie,6.5,109,2024,"Thriller, Horror, Action, Comedy, Crime, Drama",123421,"2024-04-19","Matt Bettinelli-Olpin,Tyler Gillett"
tt0117060,6,2024-06-12,"Mission: Impossible","Mission: Impossible",https://www.imdb.com/title/tt0117060,Movie,7.2,110,1996,"Thriller, Adventure, Action",522301,"1996-05-22","Brian De Palma"
tt0986264,8,2024-06-11,"Like Stars on Earth","Taare Zameen Par",https://www.imdb.com/title/tt0986264,Movie,8.3,162,2007,"Drama, Family",235433,"2007-12-21","Aamir Khan"
tt1663202,6,2024-06-10,"The Revenant","The Revenant",https://www.imdb.com/title/tt1663202,Movie,8.0,156,2015,"Action, Drama, Western",959014,"2016-01-08","Alejandro G. Iñárritu"
tt1837492,8,2024-06-10,"13 Reasons Why","13 Reasons Why",https://www.imdb.com/title/tt1837492,TV Series,7.4,60,2017,"Drama, Mystery, Thriller",342519,"2017-03-31",
tt5672290,7,2024-06-09,"The First Omen","The First Omen",https://www.imdb.com/title/tt5672290,Movie,6.5,119,2024,"Horror",72478,"2024-04-05","Arkasha Stevenson"
tt16428256,8,2024-06-08,"Suzume","Suzume no Tojimari",https://www.imdb.com/title/tt16428256,Movie,7.6,122,2022,"Animation, Adventure, Fantasy, Drama",65347,"2023-04-14","Makoto Shinkai"
tt17382524,9,2024-06-07,"The Tunnel to Summer, the Exit of Goodbyes","Natsu e no tunnel, Sayonara no deguchi",https://www.imdb.com/title/tt17382524,Movie,7.2,85,2022,"Animation, Drama, Mystery, Sci-Fi, Fantasy, Romance",7830,"2022-09-09","Tomohisa Taguchi"
tt14807348,6,2024-06-05,"Watch the Skies","UFO Sweden",https://www.imdb.com/title/tt14807348,Movie,6.4,115,2022,"Sci-Fi, Adventure, Action, Mystery",8670,"2022-12-25","Victor Danell"
tt2267998,6,2024-06-04,"Gone Girl","Gone Girl",https://www.imdb.com/title/tt2267998,Movie,8.1,149,2014,"Thriller, Drama, Mystery",1183840,"2014-10-03","David Fincher"
tt8760708,6,2024-06-04,"M3GAN","M3GAN",https://www.imdb.com/title/tt8760708,Movie,6.3,102,2022,"Horror, Thriller, Sci-Fi",184301,"2023-01-06","Gerard Johnstone"
tt1016150,8,2024-06-04,"All Quiet on the Western Front","Im Westen nichts Neues",https://www.imdb.com/title/tt1016150,Movie,7.8,148,2022,"Drama, History, War",344638,"2022-10-28","Edward Berger"
tt1922777,7,2024-06-03,"Sinister","Sinister",https://www.imdb.com/title/tt1922777,Movie,6.8,110,2012,"Horror, Mystery, Thriller",321370,"2012-10-12","Scott Derrickson"
tt3882082,8,2024-06-03,"The Boy","The Boy",https://www.imdb.com/title/tt3882082,Movie,6.0,97,2016,"Thriller, Horror, Mystery",108893,"2016-01-22","William Brent Bell"
tt0404032,7,2024-06-03,"The Exorcism of Emily Rose","The Exorcism of Emily Rose",https://www.imdb.com/title/tt0404032,Movie,6.7,119,2005,"Drama, Horror, Thriller",150396,"2005-09-09","Scott Derrickson"
tt0407304,7,2024-06-02,"War of the Worlds","War of the Worlds",https://www.imdb.com/title/tt0407304,Movie,6.6,117,2005,"Sci-Fi, Adventure, Action",512208,"2005-06-29","Steven Spielberg"
tt0770828,7,2024-06-02,"Man of Steel","Man of Steel",https://www.imdb.com/title/tt0770828,Movie,7.1,143,2013,"Action, Adventure, Sci-Fi",874720,"2013-06-14","Zack Snyder"
tt27724113,6,2024-05-31,"The Arctic Convoy","Konvoi",https://www.imdb.com/title/tt27724113,Movie,6.5,108,2023,"Drama, War, Action, Thriller, History",5354,"2023-12-25","Henrik Martin Dahlsbakken"
tt15269884,7,2024-05-31,"Squid Game: Unsu joeun nal","Ojing-eo geim: Unsu joeun nal",https://www.imdb.com/title/tt15269884,TV Episode,7.6,55,2021,"Mystery, Thriller, Drama, Action, Crime",23025,"2021-09-17","Hwang Dong-hyuk"
tt14459174,8,2024-05-31,"Squid Game: Peuronteumaen","Ojing-eo geim: Peuronteumaen",https://www.imdb.com/title/tt14459174,TV Episode,7.9,32,2021,"Mystery, Thriller, Drama, Action, Crime",20798,"2021-09-17","Hwang Dong-hyuk"
tt15215462,8,2024-05-31,"Squid Game: VIPS","Ojing-eo geim: VIPS",https://www.imdb.com/title/tt15215462,TV Episode,8.0,57,2021,"Mystery, Thriller, Drama, Action, Crime",21131,"2021-09-17","Hwang Dong-hyuk"
tt15215460,9,2024-05-31,"Squid Game: Kkanbu","Ojing-eo geim: Kkanbu",https://www.imdb.com/title/tt15215460,TV Episode,9.2,61,2021,"Mystery, Thriller, Drama, Action, Crime",33835,"2021-09-17","Hwang Dong-hyuk"
tt15215364,8,2024-05-31,"Squid Game: Jollyeodo pyeonmeokgi","Ojing-eo geim: Jollyeodo pyeonmeokgi",https://www.imdb.com/title/tt15215364,TV Episode,8.4,54,2021,"Mystery, Thriller, Drama, Action, Crime",21894,"2021-09-17","Hwang Dong-hyuk"
tt15215360,8,2024-05-31,"Squid Game: Usan-eul sseun namja","Ojing-eo geim: Usan-eul sseun namja",https://www.imdb.com/title/tt15215360,TV Episode,8.0,54,2021,"Mystery, Thriller, Drama, Action, Crime",21585,"2021-09-17","Hwang Dong-hyuk"
tt15215362,7,2024-05-31,"Squid Game: Jiok","Ojing-eo geim: Jiok",https://www.imdb.com/title/tt15215362,TV Episode,7.5,62,2021,"Mystery, Thriller, Drama, Action, Crime",22322,"2021-09-17","Hwang Dong-hyuk"
tt11979940,8,2024-05-31,"Squid Game: Mugunghwa kkochi pideon nal","Ojing-eo geim: Mugunghwa kkochi pideon nal",https://www.imdb.com/title/tt11979940,TV Episode,8.3,59,2021,"Mystery, Thriller, Drama, Action, Crime",27822,"2021-09-17","Hwang Dong-hyuk"
tt14966898,7,2024-05-28,"Late Night with the Devil","Late Night with the Devil",https://www.imdb.com/title/tt14966898,Movie,7.0,93,2023,"Horror",151044,"2024-03-22","Cameron Cairnes,Colin Cairnes"
tt7414990,9,2024-05-26,"13 Reasons Why: Bye","13 Reasons Why: Bye",https://www.imdb.com/title/tt7414990,TV Episode,6.5,70,2018,"Drama, Mystery, Thriller",5776,"2018-05-18","Kyle Patrick Alvarez"
tt7414988,7,2024-05-26,"13 Reasons Why: The Box of Polaroids","13 Reasons Why: The Box of Polaroids",https://www.imdb.com/title/tt7414988,TV Episode,8.0,56,2018,"Drama, Mystery, Thriller",3501,"2018-05-18","Jessica Yu"
tt7414986,8,2024-05-26,"13 Reasons Why: Bryce and Chloe","13 Reasons Why: Bryce and Chloe",https://www.imdb.com/title/tt7414986,TV Episode,8.2,58,2018,"Drama, Mystery, Thriller",3658,"2018-05-18","Jessica Yu"
tt7407784,7,2024-05-26,"13 Reasons Why: Smile, Bitches","13 Reasons Why: Smile, Bitches",https://www.imdb.com/title/tt7407784,TV Episode,7.5,55,2018,"Drama, Mystery, Thriller",3292,"2018-05-18","Kat Candler"
tt7339172,7,2024-05-26,"13 Reasons Why: The Missing Page","13 Reasons Why: The Missing Page",https://www.imdb.com/title/tt7339172,TV Episode,8.0,57,2018,"Drama, Mystery, Thriller",3440,"2018-05-18","Kat Candler"
tt7289314,7,2024-05-26,"13 Reasons Why: The Little Girl","13 Reasons Why: The Little Girl",https://www.imdb.com/title/tt7289314,TV Episode,7.6,57,2018,"Drama, Mystery, Thriller",3335,"2018-05-18","Michael Morris"
tt7289308,7,2024-05-26,"13 Reasons Why: The Third Polaroid","13 Reasons Why: The Third Polaroid",https://www.imdb.com/title/tt7289308,TV Episode,7.3,56,2018,"Drama, Mystery, Thriller",3344,"2018-05-18","Michael Morris"
tt7136940,7,2024-05-26,"13 Reasons Why: The Smile at the End of the Dock","13 Reasons Why: The Smile at the End of the Dock",https://www.imdb.com/title/tt7136940,TV Episode,7.7,58,2018,"Drama, Mystery, Thriller",3730,"2018-05-18","Eliza Hittman"
tt7136936,7,2024-05-26,"13 Reasons Why: The Chalk Machine","13 Reasons Why: The Chalk Machine",https://www.imdb.com/title/tt7136936,TV Episode,7.0,57,2018,"Drama, Mystery, Thriller",3392,"2018-05-18","Eliza Hittman"
tt7136932,7,2024-05-26,"13 Reasons Why: The Second Polaroid","13 Reasons Why: The Second Polaroid",https://www.imdb.com/title/tt7136932,TV Episode,7.1,57,2018,"Drama, Mystery, Thriller",3470,"2018-05-18","Karen Moncrieff"
tt7050070,7,2024-05-26,"13 Reasons Why: The Drunk Slut","13 Reasons Why: The Drunk Slut",https://www.imdb.com/title/tt7050070,TV Episode,7.3,57,2018,"Drama, Mystery, Thriller",3641,"2018-05-18","Karen Moncrieff"
tt7013298,7,2024-05-26,"13 Reasons Why: Two Girls Kissing","13 Reasons Why: Two Girls Kissing",https://www.imdb.com/title/tt7013298,TV Episode,7.1,60,2018,"Drama, Mystery, Thriller",3813,"2018-05-18","Gregg Araki"
tt6861936,7,2024-05-26,"13 Reasons Why: The First Polaroid","13 Reasons Why: The First Polaroid",https://www.imdb.com/title/tt6861936,TV Episode,7.0,60,2018,"Drama, Mystery, Thriller",4391,"2018-05-18","Gregg Araki"
tt5174280,9,2024-05-26,"13 Reasons Why: Tape 7, Side A","13 Reasons Why: Tape 7, Side A",https://www.imdb.com/title/tt5174280,TV Episode,9.1,60,2017,"Drama, Mystery, Thriller",9782,"2017-03-31","Kyle Patrick Alvarez"
tt5174274,8,2024-05-26,"13 Reasons Why: Tape 6, Side B","13 Reasons Why: Tape 6, Side B",https://www.imdb.com/title/tt5174274,TV Episode,8.9,62,2017,"Drama, Mystery, Thriller",7489,"2017-03-31","Jessica Yu"
tt5174272,8,2024-05-26,"13 Reasons Why: Tape 6, Side A","13 Reasons Why: Tape 6, Side A",https://www.imdb.com/title/tt5174272,TV Episode,9.1,54,2017,"Drama, Mystery, Thriller",8562,"2017-03-31","Jessica Yu"
tt5174270,8,2024-05-26,"13 Reasons Why: Tape 5, Side B","13 Reasons Why: Tape 5, Side B",https://www.imdb.com/title/tt5174270,TV Episode,8.5,50,2017,"Drama, Mystery, Thriller",6578,"2017-03-31","Carl Franklin"
tt5174266,8,2024-05-26,"13 Reasons Why: Tape 5, Side A","13 Reasons Why: Tape 5, Side A",https://www.imdb.com/title/tt5174266,TV Episode,8.5,59,2017,"Drama, Mystery, Thriller",6582,"2017-03-31","Carl Franklin"
tt5174264,8,2024-05-26,"13 Reasons Why: Tape 4, Side B","13 Reasons Why: Tape 4, Side B",https://www.imdb.com/title/tt5174264,TV Episode,8.0,54,2017,"Drama, Mystery, Thriller",6417,"2017-03-31","Gregg Araki"
tt5174262,8,2024-05-26,"13 Reasons Why: Tape 4, Side A","13 Reasons Why: Tape 4, Side A",https://www.imdb.com/title/tt5174262,TV Episode,8.2,54,2017,"Drama, Mystery, Thriller",6624,"2017-03-31","Gregg Araki"
tt5174260,8,2024-05-26,"13 Reasons Why: Tape 3, Side B","13 Reasons Why: Tape 3, Side B",https://www.imdb.com/title/tt5174260,TV Episode,7.9,52,2017,"Drama, Mystery, Thriller",6504,"2017-03-31","Kyle Patrick Alvarez"
tt5174254,8,2024-05-26,"13 Reasons Why: Tape 3, Side A","13 Reasons Why: Tape 3, Side A",https://www.imdb.com/title/tt5174254,TV Episode,8.1,59,2017,"Drama, Mystery, Thriller",6738,"2017-03-31","Kyle Patrick Alvarez"
tt10944760,3,2024-05-26,"Titane","Titane",https://www.imdb.com/title/tt10944760,Movie,6.4,108,2021,"Drama, Thriller, Sci-Fi, Horror",67413,"2021-10-01","Julia Ducournau"
tt5174252,8,2024-05-23,"13 Reasons Why: Tape 2, Side B","13 Reasons Why: Tape 2, Side B",https://www.imdb.com/title/tt5174252,TV Episode,7.9,57,2017,"Drama, Mystery, Thriller",6807,"2017-03-31","Helen Shaver"
tt5174250,8,2024-05-23,"13 Reasons Why: Tape 2, Side A","13 Reasons Why: Tape 2, Side A",https://www.imdb.com/title/tt5174250,TV Episode,7.8,57,2017,"Drama, Mystery, Thriller",7051,"2017-03-31","Helen Shaver"
tt5174248,8,2024-05-23,"13 Reasons Why: Tape 1, Side B","13 Reasons Why: Tape 1, Side B",https://www.imdb.com/title/tt5174248,TV Episode,7.9,52,2017,"Drama, Mystery, Thriller",7462,"2017-03-31","Tom McCarthy"
tt5174246,8,2024-05-23,"13 Reasons Why: Tape 1, Side A","13 Reasons Why: Tape 1, Side A",https://www.imdb.com/title/tt5174246,TV Episode,8.2,54,2017,"Drama, Mystery, Thriller",8851,"2017-03-31","Tom McCarthy"
tt9701942,8,2024-05-23,"Fear Street: Part Three - 1666","Fear Street: 1666",https://www.imdb.com/title/tt9701942,Movie,6.6,114,2021,"Horror, Mystery",77012,"2021-07-16","Leigh Janiak"
tt3450958,9,2024-05-23,"War for the Planet of the Apes","War for the Planet of the Apes",https://www.imdb.com/title/tt3450958,Movie,7.4,140,2017,"Action, Drama, Sci-Fi, Adventure, Thriller",329565,"2017-07-14","Matt Reeves"
tt1318514,8,2024-05-23,"Rise of the Planet of the Apes","Rise of the Planet of the Apes",https://www.imdb.com/title/tt1318514,Movie,7.6,105,2011,"Action, Sci-Fi, Drama, Thriller",609227,"2011-08-05","Rupert Wyatt"
tt2103281,8,2024-05-23,"Dawn of the Planet of the Apes","Dawn of the Planet of the Apes",https://www.imdb.com/title/tt2103281,Movie,7.6,130,2014,"Action, Adventure, Drama, Sci-Fi, Thriller",514495,"2014-07-11","Matt Reeves"
tt1139797,5,2024-05-21,"Let the Right One In","Låt den rätte komma in",https://www.imdb.com/title/tt1139797,Movie,7.8,114,2008,"Drama, Horror, Romance, Fantasy",241371,"2008-12-12","Tomas Alfredson"
tt1530509,1,2024-05-21,"The Human Centipede 2 (Full Sequence)","The Human Centipede II (Full Sequence)",https://www.imdb.com/title/tt1530509,Movie,3.8,91,2011,"Horror",48350,"2011-11","Tom Six"
tt1883367,1,2024-05-21,"The Human Centipede III (Final Sequence)","The Human Centipede III (Final Sequence)",https://www.imdb.com/title/tt1883367,Movie,2.7,102,2015,"Horror, Comedy",23404,"2015-06-18","Tom Six"
tt1467304,1,2024-05-21,"The Human Centipede (First Sequence)","The Human Centipede (First Sequence)",https://www.imdb.com/title/tt1467304,Movie,4.4,92,2009,"Horror",98176,"2010-04-28","Tom Six"
tt3387520,6,2024-05-20,"Scary Stories to Tell in the Dark","Scary Stories to Tell in the Dark",https://www.imdb.com/title/tt3387520,Movie,6.2,108,2019,"Horror, Mystery, Adventure",92922,"2019-08-09","André Øvredal"
tt1148204,8,2024-05-20,"Orphan","Orphan",https://www.imdb.com/title/tt1148204,Movie,7.0,123,2009,"Thriller, Mystery, Horror",280118,"2009-07-24","Jaume Collet-Serra"
tt2870612,6,2024-05-19,"As Above, So Below","As Above, So Below",https://www.imdb.com/title/tt2870612,Movie,6.3,93,2014,"Thriller, Horror, Mystery, Adventure",133320,"2014-08-29","John Erick Dowdle"
tt0457430,4,2024-05-19,"Pan's Labyrinth","El laberinto del fauno",https://www.imdb.com/title/tt0457430,Movie,8.2,118,2006,"Drama, Fantasy, War",751730,"2007-01-19","Guillermo del Toro"
tt12216986,8,2024-05-17,"The Last Frontier","Podolskie kursanty",https://www.imdb.com/title/tt12216986,Movie,6.5,136,2020,"War, Action, Drama",2316,"2020-11-04","Vadim Shmelyov"
tt2290780,8,2024-05-17,"Black Mirror: Be Right Back","Black Mirror: Be Right Back",https://www.imdb.com/title/tt2290780,TV Episode,7.9,48,2013,"Drama, Thriller, Sci-Fi, Mystery, Crime",61520,"2013-02-11","Owen Harris"
tt1877830,8,2024-05-16,"The Batman","The Batman",https://www.imdb.com/title/tt1877830,Movie,7.8,176,2022,"Crime, Mystery, Action, Drama",945042,"2022-03-04","Matt Reeves"
tt2089050,5,2024-05-16,"Black Mirror: The Entire History of You","Black Mirror: The Entire History of You",https://www.imdb.com/title/tt2089050,TV Episode,8.5,49,2011,"Drama, Thriller, Sci-Fi, Mystery, Crime",75993,"2011-12-18","Brian Welsh"
tt2089049,7,2024-05-16,"Black Mirror: Fifteen Million Merits","Black Mirror: Fifteen Million Merits",https://www.imdb.com/title/tt2089049,TV Episode,8.0,62,2011,"Drama, Thriller, Sci-Fi, Mystery, Crime",73188,"2011-12-11","Euros Lyn"
tt2089051,6,2024-05-16,"Black Mirror: The National Anthem","Black Mirror: The National Anthem",https://www.imdb.com/title/tt2089051,TV Episode,7.6,44,2011,"Drama, Thriller, Sci-Fi, Mystery, Crime",73390,"2011-12-04","Otto Bathurst"
tt1345836,9,2024-05-15,"The Dark Knight Rises","The Dark Knight Rises",https://www.imdb.com/title/tt1345836,Movie,8.4,164,2012,"Thriller, Crime",2021820,"2012-07-20","Christopher Nolan"
tt0372784,9,2024-05-14,"Batman Begins","Batman Begins",https://www.imdb.com/title/tt0372784,Movie,8.2,140,2005,"Crime",1739000,"2005-06-15","Christopher Nolan"
tt0211915,6,2024-05-14,"Amélie","Le Fabuleux Destin d'Amélie Poulain",https://www.imdb.com/title/tt0211915,Movie,8.2,122,2001,"Romance, Comedy",845571,"2002-02-08","Jean-Pierre Jeunet"
tt2209764,9,2024-05-13,"Transcendence","Transcendence",https://www.imdb.com/title/tt2209764,Movie,6.2,119,2014,"Drama, Sci-Fi, Thriller",248367,"2014-04-18","Wally Pfister"
tt5109784,7,2024-05-12,"Mother!","Mother!",https://www.imdb.com/title/tt5109784,Movie,6.6,121,2017,"Drama, Mystery, Horror",270292,"2017-09-15","Darren Aronofsky"
tt6566576,8,2024-05-12,"Fear Street: Part One - 1994","Fear Street: 1994",https://www.imdb.com/title/tt6566576,Movie,6.2,107,2021,"Mystery, Horror, Drama",111901,"2021-07-02","Leigh Janiak"
tt7784604,4,2024-05-11,"Hereditary","Hereditary",https://www.imdb.com/title/tt7784604,Movie,7.3,127,2018,"Horror, Drama, Mystery, Thriller",467189,"2018-06-08","Ari Aster"
tt4589566,8,2024-05-11,"The Walking Dead: Start to Finish","The Walking Dead: Start to Finish",https://www.imdb.com/title/tt4589566,TV Episode,8.1,44,2015,"Horror, Drama, Thriller",15400,"2015-11-29","Michael E. Satrazemis"
tt4323856,8,2024-05-11,"The Walking Dead: Heads Up","The Walking Dead: Heads Up",https://www.imdb.com/title/tt4323856,TV Episode,8.0,43,2015,"Horror, Drama, Thriller",14471,"2015-11-22","David Boyd"
tt4719674,8,2024-05-11,"The Walking Dead: Always Accountable","The Walking Dead: Always Accountable",https://www.imdb.com/title/tt4719674,TV Episode,7.6,43,2015,"Horror, Drama, Thriller",14548,"2015-11-15","Jeffrey F. January"
tt4719650,7,2024-05-11,"The Walking Dead: Now","The Walking Dead: Now",https://www.imdb.com/title/tt4719650,TV Episode,7.2,43,2015,"Horror, Drama, Thriller",15075,"2015-11-08","Avi Youabian"
tt4719620,8,2024-05-11,"The Walking Dead: Here's Not Here","The Walking Dead: Here's Not Here",https://www.imdb.com/title/tt4719620,TV Episode,8.2,62,2015,"Horror, Drama, Thriller",19221,"2015-11-01","Stephen Williams"
tt4719614,9,2024-05-11,"The Walking Dead: Thank You","The Walking Dead: Thank You",https://www.imdb.com/title/tt4719614,TV Episode,9.2,43,2015,"Horror, Drama, Thriller",22372,"2015-10-25","Michael Slovis"
tt4452400,9,2024-05-11,"The Walking Dead: JSS","The Walking Dead: JSS",https://www.imdb.com/title/tt4452400,TV Episode,9.2,44,2015,"Horror, Drama, Thriller",21238,"2015-10-18","Jennifer Lynch"
tt4211958,8,2024-05-11,"The Walking Dead: First Time Again","The Walking Dead: First Time Again",https://www.imdb.com/title/tt4211958,TV Episode,8.6,65,2015,"Horror, Drama, Thriller",20336,"2015-10-11","Greg Nicotero"
tt3853928,9,2024-05-11,"The Walking Dead: Conquer","The Walking Dead: Conquer",https://www.imdb.com/title/tt3853928,TV Episode,9.3,65,2015,"Horror, Drama, Thriller",22973,"2015-03-29","Greg Nicotero"
tt3853926,8,2024-05-11,"The Walking Dead: Try","The Walking Dead: Try",https://www.imdb.com/title/tt3853926,TV Episode,8.6,42,2015,"Horror, Drama, Thriller",15906,"2015-03-22","Michael E. Satrazemis"
tt3853924,9,2024-05-11,"The Walking Dead: Spend","The Walking Dead: Spend",https://www.imdb.com/title/tt3853924,TV Episode,8.9,42,2015,"Horror, Drama, Thriller",17249,"2015-03-15","Jennifer Lynch"
tt3853922,8,2024-05-11,"The Walking Dead: Forget","The Walking Dead: Forget",https://www.imdb.com/title/tt3853922,TV Episode,7.8,42,2015,"Horror, Drama, Thriller",14359,"2015-03-08","David Boyd"
tt3853920,8,2024-05-11,"The Walking Dead: Remember","The Walking Dead: Remember",https://www.imdb.com/title/tt3853920,TV Episode,8.6,42,2015,"Horror, Drama, Thriller",15545,"2015-03-01","Greg Nicotero"
tt3853916,8,2024-05-11,"The Walking Dead: The Distance","The Walking Dead: The Distance",https://www.imdb.com/title/tt3853916,TV Episode,8.4,42,2015,"Horror, Drama, Thriller",15178,"2015-02-22","Larysa Kondracki"
tt3853914,7,2024-05-11,"The Walking Dead: Them","The Walking Dead: Them",https://www.imdb.com/title/tt3853914,TV Episode,7.6,43,2015,"Horror, Drama, Thriller",15921,"2015-02-15","Julius Ramsay"
tt3853912,8,2024-05-11,"The Walking Dead: What Happened and What's Going On","The Walking Dead: What Happened and What's Going On",https://www.imdb.com/title/tt3853912,TV Episode,8.0,42,2015,"Horror, Drama, Thriller",18205,"2015-02-08","Greg Nicotero"
tt3714498,9,2024-05-11,"The Walking Dead: Coda","The Walking Dead: Coda",https://www.imdb.com/title/tt3714498,TV Episode,8.8,42,2014,"Horror, Drama, Thriller",18972,"2014-11-30","Ernest Dickerson"
tt3714490,8,2024-05-11,"The Walking Dead: Crossed","The Walking Dead: Crossed",https://www.imdb.com/title/tt3714490,TV Episode,7.8,42,2014,"Horror, Drama, Thriller",14765,"2014-11-23","Billy Gierhart"
tt3714484,8,2024-05-11,"The Walking Dead: Consumed","The Walking Dead: Consumed",https://www.imdb.com/title/tt3714484,TV Episode,7.9,42,2014,"Horror, Drama, Thriller",15409,"2014-11-16","Seith Mann"
tt3714480,8,2024-05-11,"The Walking Dead: Self Help","The Walking Dead: Self Help",https://www.imdb.com/title/tt3714480,TV Episode,7.9,42,2014,"Horror, Drama, Thriller",15704,"2014-11-09","Ernest Dickerson"
tt3712494,7,2024-05-11,"The Walking Dead: Slabtown","The Walking Dead: Slabtown",https://www.imdb.com/title/tt3712494,TV Episode,7.4,42,2014,"Horror, Drama, Thriller",17036,"2014-11-02","Michael E. Satrazemis"
tt3689244,9,2024-05-11,"The Walking Dead: Four Walls and a Roof","The Walking Dead: Four Walls and a Roof",https://www.imdb.com/title/tt3689244,TV Episode,9.0,42,2014,"Horror, Drama, Thriller",20060,"2014-10-26","Jeffrey F. January"
tt3646000,8,2024-05-11,"The Walking Dead: Strangers","The Walking Dead: Strangers",https://www.imdb.com/title/tt3646000,TV Episode,8.5,42,2014,"Horror, Drama, Thriller",17323,"2014-10-19","David Boyd"
tt3297776,9,2024-05-11,"The Walking Dead: No Sanctuary","The Walking Dead: No Sanctuary",https://www.imdb.com/title/tt3297776,TV Episode,9.6,42,2014,"Horror, Drama, Thriller",39059,"2014-10-12","Greg Nicotero"
tt3260612,9,2024-05-11,"The Walking Dead: A","The Walking Dead: A",https://www.imdb.com/title/tt3260612,TV Episode,9.2,42,2014,"Horror, Drama, Thriller",23042,"2014-03-30","Michelle MacLaren"
tt3260610,8,2024-05-11,"The Walking Dead: Us","The Walking Dead: Us",https://www.imdb.com/title/tt3260610,TV Episode,8.4,42,2014,"Horror, Drama, Thriller",15453,"2014-03-23","Greg Nicotero"
tt3316800,9,2024-05-11,"The Walking Dead: The Grove","The Walking Dead: The Grove",https://www.imdb.com/title/tt3316800,TV Episode,9.2,42,2014,"Horror, Drama, Thriller",23590,"2014-03-16","Michael E. Satrazemis"
tt3259044,7,2024-05-11,"The Walking Dead: Still","The Walking Dead: Still",https://www.imdb.com/title/tt3259044,TV Episode,7.4,42,2014,"Horror, Drama, Thriller",19031,"2014-03-02","Julius Ramsay"
tt3316796,8,2024-05-11,"The Walking Dead: Alone","The Walking Dead: Alone",https://www.imdb.com/title/tt3316796,TV Episode,7.8,42,2014,"Horror, Drama, Thriller",15452,"2014-03-09","Ernest Dickerson"
tt3316794,8,2024-05-11,"The Walking Dead: Claimed","The Walking Dead: Claimed",https://www.imdb.com/title/tt3316794,TV Episode,8.1,42,2014,"Horror, Drama, Thriller",15187,"2014-02-23","Seith Mann"
tt3260594,8,2024-05-11,"The Walking Dead: Inmates","The Walking Dead: Inmates",https://www.imdb.com/title/tt3260594,TV Episode,8.0,42,2014,"Horror, Drama, Thriller",15447,"2014-02-16","Tricia Brock"
tt3316798,8,2024-05-11,"The Walking Dead: After","The Walking Dead: After",https://www.imdb.com/title/tt3316798,TV Episode,8.0,42,2014,"Horror, Drama, Thriller",16536,"2014-02-09","Greg Nicotero"
tt2948638,9,2024-05-11,"The Walking Dead: Too Far Gone","The Walking Dead: Too Far Gone",https://www.imdb.com/title/tt2948638,TV Episode,9.6,43,2013,"Horror, Drama, Thriller",36193,"2013-12-01","Ernest Dickerson"
tt2948634,8,2024-05-11,"The Walking Dead: Dead Weight","The Walking Dead: Dead Weight",https://www.imdb.com/title/tt2948634,TV Episode,7.7,42,2013,"Horror, Drama, Thriller",15548,"2013-11-24","Jeremy Podeswa"
tt2948630,8,2024-05-11,"The Walking Dead: Live Bait","The Walking Dead: Live Bait",https://www.imdb.com/title/tt2948630,TV Episode,7.7,42,2013,"Horror, Drama, Thriller",16140,"2013-11-17","Michael Uppendahl"
tt2948636,9,2024-05-11,"The Walking Dead: Internment","The Walking Dead: Internment",https://www.imdb.com/title/tt2948636,TV Episode,8.8,42,2013,"Horror, Drama, Thriller",17901,"2013-11-10","David Boyd"
tt2948628,8,2024-05-11,"The Walking Dead: Indifference","The Walking Dead: Indifference",https://www.imdb.com/title/tt2948628,TV Episode,7.9,42,2013,"Horror, Drama, Thriller",15370,"2013-11-03","Tricia Brock"
tt2948632,8,2024-05-11,"The Walking Dead: Isolation","The Walking Dead: Isolation",https://www.imdb.com/title/tt2948632,TV Episode,7.9,42,2013,"Horror, Drama, Thriller",15367,"2013-10-27","Daniel Sackheim"
tt2931446,8,2024-05-11,"The Walking Dead: Infected","The Walking Dead: Infected",https://www.imdb.com/title/tt2931446,TV Episode,8.3,43,2013,"Horror, Drama, Thriller",16023,"2013-10-20","Guy Ferland"
tt2795750,8,2024-05-11,"The Walking Dead: 30 Days Without an Accident","The Walking Dead: 30 Days Without an Accident",https://www.imdb.com/title/tt2795750,TV Episode,8.1,43,2013,"Horror, Drama, Thriller",17934,"2013-10-13","Greg Nicotero"
tt2521182,8,2024-05-11,"The Walking Dead: Welcome to the Tombs","The Walking Dead: Welcome to the Tombs",https://www.imdb.com/title/tt2521182,TV Episode,8.3,43,2013,"Horror, Drama, Thriller",17760,"2013-03-31","Ernest Dickerson"
tt2521172,9,2024-05-11,"The Walking Dead: This Sorrowful Life","The Walking Dead: This Sorrowful Life",https://www.imdb.com/title/tt2521172,TV Episode,8.8,43,2013,"Horror, Drama, Thriller",17723,"2013-03-24","Greg Nicotero"
tt2521168,8,2024-05-11,"The Walking Dead: Prey","The Walking Dead: Prey",https://www.imdb.com/title/tt2521168,TV Episode,7.8,43,2013,"Horror, Drama, Thriller",15775,"2013-03-17","Stefan Schwartz"
tt2521162,8,2024-05-11,"The Walking Dead: Arrow on the Doorpost","The Walking Dead: Arrow on the Doorpost",https://www.imdb.com/title/tt2521162,TV Episode,7.7,43,2013,"Horror, Drama, Thriller",15857,"2013-03-10","David Boyd"
tt2521158,9,2024-05-11,"The Walking Dead: Clear","The Walking Dead: Clear",https://www.imdb.com/title/tt2521158,TV Episode,8.7,43,2013,"Horror, Drama, Thriller",17895,"2013-03-03","Tricia Brock"
tt2521154,8,2024-05-11,"The Walking Dead: I Ain't a Judas","The Walking Dead: I Ain't a Judas",https://www.imdb.com/title/tt2521154,TV Episode,7.6,42,2013,"Horror, Drama, Thriller",15545,"2013-02-24","Greg Nicotero"
tt2401094,9,2024-05-11,"The Walking Dead: Home","The Walking Dead: Home",https://www.imdb.com/title/tt2401094,TV Episode,8.6,43,2013,"Horror, Drama, Thriller",16743,"2013-02-17","Seith Mann"
tt2269550,8,2024-05-11,"The Walking Dead: The Suicide King","The Walking Dead: The Suicide King",https://www.imdb.com/title/tt2269550,TV Episode,8.0,43,2013,"Horror, Drama, Thriller",15864,"2013-02-10","Lesli Linka Glatter"
tt2253608,7,2024-05-11,"The Walking Dead: Made to Suffer","The Walking Dead: Made to Suffer",https://www.imdb.com/title/tt2253608,TV Episode,9.0,43,2012,"Horror, Drama, Thriller",18055,"2012-12-02","Billy Gierhart"
tt2253606,8,2024-05-11,"The Walking Dead: When the Dead Come Knocking","The Walking Dead: When the Dead Come Knocking",https://www.imdb.com/title/tt2253606,TV Episode,8.5,43,2012,"Horror, Drama, Thriller",16040,"2012-11-25","Daniel Sackheim"
tt2253604,8,2024-05-11,"The Walking Dead: Hounded","The Walking Dead: Hounded",https://www.imdb.com/title/tt2253604,TV Episode,8.1,43,2012,"Horror, Drama, Thriller",15666,"2012-11-18","Daniel Attias"
tt2253610,8,2024-05-11,"The Walking Dead: Say the Word","The Walking Dead: Say the Word",https://www.imdb.com/title/tt2253610,TV Episode,8.0,43,2012,"Horror, Drama, Thriller",15864,"2012-11-11","Greg Nicotero"
tt2253602,8,2024-05-11,"The Walking Dead: Killer Within","The Walking Dead: Killer Within",https://www.imdb.com/title/tt2253602,TV Episode,9.3,43,2012,"Horror, Drama, Thriller",23616,"2012-11-04","Guy Ferland"
tt2253600,8,2024-05-11,"The Walking Dead: Walk with Me","The Walking Dead: Walk with Me",https://www.imdb.com/title/tt2253600,TV Episode,8.0,43,2012,"Horror, Drama, Thriller",16753,"2012-10-28","Guy Ferland"
tt2253598,8,2024-05-11,"The Walking Dead: Sick","The Walking Dead: Sick",https://www.imdb.com/title/tt2253598,TV Episode,8.5,43,2012,"Horror, Drama, Thriller",17384,"2012-10-21","Billy Gierhart"
tt2107527,9,2024-05-11,"The Walking Dead: Seed","The Walking Dead: Seed",https://www.imdb.com/title/tt2107527,TV Episode,8.8,43,2012,"Horror, Drama, Thriller",20014,"2012-10-14","Ernest Dickerson"
tt1804264,9,2024-05-11,"The Walking Dead: Better Angels","The Walking Dead: Better Angels",https://www.imdb.com/title/tt1804264,TV Episode,9.2,43,2012,"Horror, Drama, Thriller",22513,"2012-03-11","Guy Ferland"
tt1804265,9,2024-05-11,"The Walking Dead: Beside the Dying Fire","The Walking Dead: Beside the Dying Fire",https://www.imdb.com/title/tt1804265,TV Episode,9.2,42,2012,"Horror, Drama, Thriller",23808,"2012-03-18","Ernest Dickerson"
tt1804263,8,2024-05-11,"The Walking Dead: Judge, Jury, Executioner","The Walking Dead: Judge, Jury, Executioner",https://www.imdb.com/title/tt1804263,TV Episode,8.6,43,2012,"Horror, Drama, Thriller",18295,"2012-03-04","Greg Nicotero"
tt1804262,8,2024-05-11,"The Walking Dead: 18 Miles Out","The Walking Dead: 18 Miles Out",https://www.imdb.com/title/tt1804262,TV Episode,8.4,43,2012,"Horror, Drama, Thriller",17818,"2012-02-26","Ernest Dickerson"
tt1804273,8,2024-05-11,"The Walking Dead: Triggerfinger","The Walking Dead: Triggerfinger",https://www.imdb.com/title/tt1804273,TV Episode,8.2,43,2012,"Horror, Drama, Thriller",17253,"2012-02-19","Billy Gierhart"
tt1804272,8,2024-05-11,"The Walking Dead: Nebraska","The Walking Dead: Nebraska",https://www.imdb.com/title/tt1804272,TV Episode,8.2,43,2012,"Horror, Drama, Thriller",17854,"2012-02-12","Clark Johnson"
tt1804271,9,2024-05-11,"The Walking Dead: Pretty Much Dead Already","The Walking Dead: Pretty Much Dead Already",https://www.imdb.com/title/tt1804271,TV Episode,9.3,43,2011,"Horror, Drama, Thriller",25574,"2011-11-27","Michelle MacLaren"
tt1804270,8,2024-05-11,"The Walking Dead: Secrets","The Walking Dead: Secrets",https://www.imdb.com/title/tt1804270,TV Episode,7.7,42,2011,"Horror, Drama, Thriller",17594,"2011-11-20","David Boyd"
tt1804269,8,2024-05-11,"The Walking Dead: Chupacabra","The Walking Dead: Chupacabra",https://www.imdb.com/title/tt1804269,TV Episode,8.0,42,2011,"Horror, Drama, Thriller",18003,"2011-11-13","Guy Ferland"
tt1804268,7,2024-05-11,"The Walking Dead: Cherokee Rose","The Walking Dead: Cherokee Rose",https://www.imdb.com/title/tt1804268,TV Episode,7.5,43,2011,"Horror, Drama, Thriller",17966,"2011-11-06","Billy Gierhart"
tt1804267,8,2024-05-11,"The Walking Dead: Save the Last One","The Walking Dead: Save the Last One",https://www.imdb.com/title/tt1804267,TV Episode,8.3,43,2011,"Horror, Drama, Thriller",18447,"2011-10-30","Phil Abraham"
tt1804266,8,2024-05-11,"The Walking Dead: Bloodletting","The Walking Dead: Bloodletting",https://www.imdb.com/title/tt1804266,TV Episode,8.0,42,2011,"Horror, Drama, Thriller",18717,"2011-10-23","Ernest Dickerson"
tt1790548,9,2024-05-11,"The Walking Dead: What Lies Ahead","The Walking Dead: What Lies Ahead",https://www.imdb.com/title/tt1790548,TV Episode,8.5,68,2011,"Horror, Drama, Thriller",20255,"2011-10-16","Ernest Dickerson,Gwyneth Horder-Payton"
tt1628068,9,2024-05-11,"The Walking Dead: TS-19","The Walking Dead: TS-19",https://www.imdb.com/title/tt1628068,TV Episode,8.7,45,2010,"Horror, Drama, Thriller",22930,"2010-12-05","Guy Ferland"
tt1628067,9,2024-05-11,"The Walking Dead: Wildfire","The Walking Dead: Wildfire",https://www.imdb.com/title/tt1628067,TV Episode,8.1,45,2010,"Horror, Drama, Thriller",21136,"2010-11-28","Ernest Dickerson"
tt1628066,9,2024-05-11,"The Walking Dead: Vatos","The Walking Dead: Vatos",https://www.imdb.com/title/tt1628066,TV Episode,8.5,44,2010,"Horror, Drama, Thriller",21918,"2010-11-21","Johan Renck"
tt1628065,9,2024-05-11,"The Walking Dead: Tell It to the Frogs","The Walking Dead: Tell It to the Frogs",https://www.imdb.com/title/tt1628065,TV Episode,8.2,45,2010,"Horror, Drama, Thriller",22460,"2010-11-14","Gwyneth Horder-Payton"
tt1628064,9,2024-05-11,"The Walking Dead: Guts","The Walking Dead: Guts",https://www.imdb.com/title/tt1628064,TV Episode,8.6,45,2010,"Horror, Drama, Thriller",24469,"2010-11-07","Michelle MacLaren"
tt1589921,9,2024-05-11,"The Walking Dead: Days Gone Bye","The Walking Dead: Days Gone Bye",https://www.imdb.com/title/tt1589921,TV Episode,9.2,67,2010,"Horror, Drama, Thriller",40819,"2010-10-31","Frank Darabont"
tt4575388,7,2024-05-11,"The Walking Dead: No Way Out","The Walking Dead: No Way Out",https://www.imdb.com/title/tt4575388,TV Episode,9.7,43,2016,"Horror, Drama, Thriller",39766,"2016-02-14","Greg Nicotero"
tt4776068,7,2024-05-11,"The Walking Dead: The Next World","The Walking Dead: The Next World",https://www.imdb.com/title/tt4776068,TV Episode,8.3,42,2016,"Horror, Drama, Thriller",15738,"2016-02-21","Kari Skogland"
tt4776070,7,2024-05-11,"The Walking Dead: Knots Untie","The Walking Dead: Knots Untie",https://www.imdb.com/title/tt4776070,TV Episode,8.1,43,2016,"Horror, Drama, Thriller",14157,"2016-02-28","Michael E. Satrazemis"
tt4776072,7,2024-05-11,"The Walking Dead: Not Tomorrow Yet","The Walking Dead: Not Tomorrow Yet",https://www.imdb.com/title/tt4776072,TV Episode,9.0,43,2016,"Horror, Drama, Thriller",17535,"2016-03-06","Greg Nicotero"
tt4776078,9,2024-05-11,"The Walking Dead: The Same Boat","The Walking Dead: The Same Boat",https://www.imdb.com/title/tt4776078,TV Episode,8.6,43,2016,"Horror, Drama, Thriller",16009,"2016-03-13","Billy Gierhart"
tt4776082,8,2024-05-11,"The Walking Dead: Twice as Far","The Walking Dead: Twice as Far",https://www.imdb.com/title/tt4776082,TV Episode,8.0,43,2016,"Horror, Drama, Thriller",14112,"2016-03-20","Alrick Riley"
tt5580390,5,2024-05-11,"The Shape of Water","The Shape of Water",https://www.imdb.com/title/tt5580390,Movie,7.3,123,2017,"Romance, Drama, Fantasy, Sci-Fi",479471,"2017-12-22","Guillermo del Toro"
tt26744289,7,2024-05-10,"Infested","Vermines",https://www.imdb.com/title/tt26744289,Movie,6.2,106,2023,"Horror",15759,"2024-04-26","Sébastien Vanicek"
tt6723592,7,2024-05-10,"Tenet","Tenet",https://www.imdb.com/title/tt6723592,Movie,7.3,150,2020,"Action, Sci-Fi, Thriller",707368,"2020-09-03","Christopher Nolan"
tt2737304,7,2024-05-09,"Bird Box","Bird Box",https://www.imdb.com/title/tt2737304,Movie,6.6,124,2018,"Horror, Mystery, Sci-Fi",426343,"2018-12-21","Susanne Bier"
tt1454468,8,2024-05-07,"Gravity","Gravity",https://www.imdb.com/title/tt1454468,Movie,7.7,91,2013,"Sci-Fi, Thriller, Drama",905085,"2013-10-04","Alfonso Cuarón"
tt2357291,7,2024-05-04,"Rio 2","Rio 2",https://www.imdb.com/title/tt2357291,Movie,6.3,101,2014,"Animation, Musical, Adventure, Comedy, Family, Music, Romance",113127,"2014-04-11","Carlos Saldanha"
tt0120917,7,2024-05-03,"The Emperor's New Groove","The Emperor's New Groove",https://www.imdb.com/title/tt0120917,Movie,7.4,78,2000,"Animation, Adventure, Fantasy, Family, Comedy",252100,"2000-12-15","Mark Dindal"
tt5052448,8,2024-05-02,"Get Out","Get Out",https://www.imdb.com/title/tt5052448,Movie,7.8,104,2017,"Horror, Mystery, Thriller",833974,"2017-02-24","Jordan Peele"
tt1436562,7,2024-05-02,"Rio","Rio",https://www.imdb.com/title/tt1436562,Movie,6.9,96,2011,"Animation, Adventure, Comedy, Family, Music, Romance",276966,"2011-04-15","Carlos Saldanha"
tt0389790,5,2024-05-02,"Bee Movie","Bee Movie",https://www.imdb.com/title/tt0389790,Movie,6.1,91,2007,"Animation, Comedy, Family, Adventure, Drama, Romance",199991,"2007-11-02","Steve Hickner,Simon J. Smith"
tt1155076,8,2024-04-30,"The Karate Kid","The Karate Kid",https://www.imdb.com/title/tt1155076,Movie,6.3,140,2010,"Action, Drama, Family, Sport",229573,"2010-06-11","Harald Zwart"
tt1790809,7,2024-04-30,"Pirates of the Caribbean: Dead Men Tell No Tales","Pirates of the Caribbean: Dead Men Tell No Tales",https://www.imdb.com/title/tt1790809,Movie,6.5,129,2017,"Action, Adventure, Fantasy",390406,"2017-05-26","Joachim Rønning,Espen Sandberg"
tt1298650,7,2024-04-28,"Pirates of the Caribbean: On Stranger Tides","Pirates of the Caribbean: On Stranger Tides",https://www.imdb.com/title/tt1298650,Movie,6.6,136,2011,"Action, Adventure, Fantasy",613228,"2011-05-20","Rob Marshall"
tt0449088,8,2024-04-28,"Pirates of the Caribbean: At World's End","Pirates of the Caribbean: At World's End",https://www.imdb.com/title/tt0449088,Movie,7.2,169,2007,"Action, Adventure, Fantasy",751393,"2007-05-25","Gore Verbinski"
tt0383574,8,2024-04-26,"Pirates of the Caribbean: Dead Man's Chest","Pirates of the Caribbean: Dead Man's Chest",https://www.imdb.com/title/tt0383574,Movie,7.4,151,2006,"Adventure, Fantasy, Action",834881,"2006-07-07","Gore Verbinski"
tt0325980,8,2024-04-25,"Pirates of the Caribbean: The Curse of the Black Pearl","Pirates of the Caribbean: The Curse of the Black Pearl",https://www.imdb.com/title/tt0325980,Movie,8.1,143,2003,"Fantasy, Action, Adventure",1342109,"2003-07-09","Gore Verbinski"
tt0339291,7,2024-04-24,"A Series of Unfortunate Events","A Series of Unfortunate Events",https://www.imdb.com/title/tt0339291,Movie,6.8,108,2004,"Fantasy, Family, Comedy, Adventure",232649,"2004-12-17","Brad Silberling"
tt0980970,7,2024-04-24,"The Chronicles of Narnia: The Voyage of the Dawn Treader","The Chronicles of Narnia: The Voyage of the Dawn Treader",https://www.imdb.com/title/tt0980970,Movie,6.3,113,2010,"Adventure, Fantasy, Family",179018,"2010-12-10","Michael Apted"
tt0499448,7,2024-04-24,"The Chronicles of Narnia: Prince Caspian","The Chronicles of Narnia: Prince Caspian",https://www.imdb.com/title/tt0499448,Movie,6.5,150,2008,"Adventure, Fantasy, Action, Family",241149,"2008-05-16","Andrew Adamson"
tt2771200,7,2024-04-24,"Beauty and the Beast","Beauty and the Beast",https://www.imdb.com/title/tt2771200,Movie,7.1,129,2017,"Musical, Fantasy, Romance, Family, Adventure",362087,"2017-03-17","Bill Condon"
tt4777008,7,2024-04-24,"Maleficent: Mistress of Evil","Maleficent: Mistress of Evil",https://www.imdb.com/title/tt4777008,Movie,6.6,119,2019,"Fantasy, Family, Adventure, Romance, Drama",133870,"2019-10-18","Joachim Rønning"
tt4520988,8,2024-04-24,"Frozen II","Frozen II",https://www.imdb.com/title/tt4520988,Movie,6.8,103,2019,"Animation, Musical, Adventure, Comedy, Family, Fantasy, Drama",222839,"2019-11-22","Chris Buck,Jennifer Lee"
tt2386490,8,2024-04-24,"How to Train Your Dragon: The Hidden World","How to Train Your Dragon: The Hidden World",https://www.imdb.com/title/tt2386490,Movie,7.4,104,2019,"Animation, Family, Action, Fantasy, Adventure, Comedy, Drama",182498,"2019-02-22","Dean DeBlois"
tt8267604,8,2024-04-23,"Capernaum","Capharnaüm",https://www.imdb.com/title/tt8267604,Movie,8.4,126,2018,"Drama",126375,"2018-09-20","Nadine Labaki"
tt23137390,6,2024-04-22,"Immaculate","Immaculate",https://www.imdb.com/title/tt23137390,Movie,5.8,89,2024,"Horror, Thriller",62742,"2024-03-22","Michael Mohan"
tt15239678,10,2024-04-21,"Dune: Part Two","Dune: Part Two",https://www.imdb.com/title/tt15239678,Movie,8.4,166,2024,"Adventure, Drama, Sci-Fi, Action",787311,"2024-03-01","Denis Villeneuve"
tt1179933,7,2024-04-21,"10 Cloverfield Lane","10 Cloverfield Lane",https://www.imdb.com/title/tt1179933,Movie,7.2,103,2016,"Drama, Sci-Fi, Thriller, Horror",388487,"2016-03-11","Dan Trachtenberg"
tt7146812,7,2024-04-21,"Onward","Onward",https://www.imdb.com/title/tt7146812,Movie,7.3,102,2020,"Animation, Comedy, Family, Fantasy, Adventure, Drama",188737,"2020-03-06","Dan Scanlon"
tt0110912,4,2024-04-20,"Pulp Fiction","Pulp Fiction",https://www.imdb.com/title/tt0110912,Movie,8.8,154,1994,"Crime, Drama",2461091,"1994-10-14","Quentin Tarantino"
tt23849204,9,2024-04-19,"12th Fail","12th Fail",https://www.imdb.com/title/tt23849204,Movie,8.7,147,2023,"Drama, Biography",176119,"2023-10-27","Vidhu Vinod Chopra"
tt14030816,6,2024-04-18,"Baghead","Baghead",https://www.imdb.com/title/tt14030816,Movie,5.4,94,2023,"Horror, Mystery, Thriller",15948,"2024-04-05","Alberto Corredor"
tt0887261,8,2024-04-18,"Hellraiser","Hellraiser",https://www.imdb.com/title/tt0887261,Movie,5.9,121,2022,"Horror, Thriller, Mystery",56289,"2022-10-07","David Bruckner"
tt19653180,8,2024-04-18,"Leila's Brothers","Baradaran-e Leila",https://www.imdb.com/title/tt19653180,Movie,7.9,165,2022,"Drama",19404,"2022-08-24","Saeed Roustayi"
tt4701182,7,2024-04-18,"Bumblebee","Bumblebee",https://www.imdb.com/title/tt4701182,Movie,6.7,114,2018,"Action, Adventure, Sci-Fi",211213,"2018-12-21","Travis Knight"
tt1905041,7,2024-04-18,"Fast & Furious 6","Furious 6",https://www.imdb.com/title/tt1905041,Movie,7.0,130,2013,"Action, Thriller, Crime, Adventure",443553,"2013-05-24","Justin Lin"
tt1630029,8,2024-04-18,"Avatar: The Way of Water","Avatar: The Way of Water",https://www.imdb.com/title/tt1630029,Movie,7.5,192,2022,"Action, Adventure, Sci-Fi, Fantasy",645571,"2022-12-16","James Cameron"
tt2283362,7,2024-04-17,"Jumanji: Welcome to the Jungle","Jumanji: Welcome to the Jungle",https://www.imdb.com/title/tt2283362,Movie,6.9,119,2017,"Adventure, Fantasy, Action, Comedy",510291,"2017-12-20","Jake Kasdan"
tt1520211,9,2024-04-11,"The Walking Dead","The Walking Dead",https://www.imdb.com/title/tt1520211,TV Series,8.1,45,2010,"Horror, Drama, Thriller",1210182,"2010-10-31",
tt1130884,8,2024-04-07,"Shutter Island","Shutter Island",https://www.imdb.com/title/tt1130884,Movie,8.2,138,2010,"Thriller, Mystery",1676768,"2010-02-19","Martin Scorsese"
tt0338013,8,2024-04-06,"Eternal Sunshine of the Spotless Mind","Eternal Sunshine of the Spotless Mind",https://www.imdb.com/title/tt0338013,Movie,8.3,108,2004,"Drama, Sci-Fi, Romance",1193256,"2004-03-19","Michel Gondry"
tt1216475,7,2024-04-06,"Cars 2","Cars 2",https://www.imdb.com/title/tt1216475,Movie,6.2,106,2011,"Animation, Comedy, Adventure, Family, Sport, Crime, Sci-Fi",262676,"2011-06-24","John Lasseter,Bradford Lewis"
tt0110357,7,2024-04-06,"The Lion King","The Lion King",https://www.imdb.com/title/tt0110357,Movie,8.5,88,1994,"Animation, Musical, Drama, Adventure, Family",1274034,"1994-06-24","Roger Allers,Rob Minkoff"
tt2277860,8,2024-04-06,"Finding Dory","Finding Dory",https://www.imdb.com/title/tt2277860,Movie,7.2,97,2016,"Animation, Comedy, Adventure, Family, Fantasy, Mystery",339022,"2016-06-17","Andrew Stanton,Angus MacLane"
tt3606756,7,2024-04-06,"Incredibles 2","Incredibles 2",https://www.imdb.com/title/tt3606756,Movie,7.5,118,2018,"Animation, Action, Adventure, Family, Sci-Fi, Comedy, Thriller",376598,"2018-06-15","Brad Bird"
tt0317705,7,2024-04-06,"The Incredibles","The Incredibles",https://www.imdb.com/title/tt0317705,Movie,8.0,115,2004,"Animation, Action, Adventure, Family",914141,"2004-11-05","Brad Bird"
tt1979376,7,2024-04-06,"Toy Story 4","Toy Story 4",https://www.imdb.com/title/tt1979376,Movie,7.6,100,2019,"Animation, Comedy, Fantasy, Family, Adventure",327888,"2019-06-21","Josh Cooley"
tt0120363,7,2024-04-06,"Toy Story 2","Toy Story 2",https://www.imdb.com/title/tt0120363,Movie,7.9,92,1999,"Animation, Adventure, Comedy, Family, Fantasy",682157,"1999-11-24","John Lasseter,Ash Brannon,Lee Unkrich"
tt0435761,7,2024-04-06,"Toy Story 3","Toy Story 3",https://www.imdb.com/title/tt0435761,Movie,8.3,103,2010,"Animation, Adventure, Comedy, Family, Fantasy",987444,"2010-06-18","Lee Unkrich"
tt0114709,7,2024-04-06,"Toy Story","Toy Story",https://www.imdb.com/title/tt0114709,Movie,8.3,81,1995,"Animation, Adventure, Comedy, Family, Fantasy",1194992,"1995-11-22","John Lasseter"
tt0364569,8,2024-04-06,"Oldboy","Oldeuboi",https://www.imdb.com/title/tt0364569,Movie,8.3,120,2003,"Mystery, Thriller, Action, Drama",729569,"2003-11-21","Park Chan-wook"
tt13651628,8,2024-04-04,"Belle","Ryû to sobakasu no hime",https://www.imdb.com/title/tt13651628,Movie,7.0,121,2021,"Animation, Musical, Adventure, Fantasy, Sci-Fi, Drama, Music, Family",20851,"2022-01-14","Mamoru Hosoda"
tt12838766,6,2024-04-04,"Space Sweepers","Seungriho",https://www.imdb.com/title/tt12838766,Movie,6.5,136,2021,"Sci-Fi, Action, Adventure, Drama, Fantasy",31454,"2021-02-05","Jo Sung-hee"
tt4687108,5,2024-04-03,"In the Tall Grass","In the Tall Grass",https://www.imdb.com/title/tt4687108,Movie,5.5,101,2019,"Horror, Thriller, Mystery, Sci-Fi",74898,"2019-10-04","Vincenzo Natali"
tt8368406,6,2024-04-03,"Vivarium","Vivarium",https://www.imdb.com/title/tt8368406,Movie,5.8,97,2019,"Sci-Fi, Mystery, Horror",94999,"2020-03-27","Lorcan Finnegan"
tt0424095,6,2024-04-03,"Flushed Away","Flushed Away",https://www.imdb.com/title/tt0424095,Movie,6.6,85,2006,"Animation, Comedy, Family, Adventure, Romance, Action, Drama",151034,"2006-11-03","David Bowers,Sam Fell"
tt0129167,8,2024-04-03,"The Iron Giant","The Iron Giant",https://www.imdb.com/title/tt0129167,Movie,8.1,86,1999,"Animation, Adventure, Action, Sci-Fi, Family",264587,"1999-08-06","Brad Bird"
tt5109280,8,2024-04-03,"Raya and the Last Dragon","Raya and the Last Dragon",https://www.imdb.com/title/tt5109280,Movie,7.3,107,2021,"Animation, Adventure, Family, Fantasy, Comedy, Action, Drama",189620,"2021-03-05","Don Hall,Carlos López Estrada,Paul Briggs,John Ripa"
tt0366548,6,2024-04-03,"Happy Feet","Happy Feet",https://www.imdb.com/title/tt0366548,Movie,6.4,108,2006,"Animation, Musical, Family, Comedy, Music, Romance, Adventure",215531,"2006-11-17","George Miller,Warren Coleman,Judy Morris"
tt3606752,7,2024-04-03,"Cars 3","Cars 3",https://www.imdb.com/title/tt3606752,Movie,6.7,102,2017,"Animation, Comedy, Family, Sport, Adventure",156367,"2017-06-16","Brian Fee"
tt0048280,6,2024-04-03,"Lady and the Tramp","Lady and the Tramp",https://www.imdb.com/title/tt0048280,Movie,7.3,76,1955,"Animation, Musical, Adventure, Comedy, Family, Romance",163491,"1955-06-22","Clyde Geronimi,Wilfred Jackson,Hamilton Luske,Jack Cutting"
tt0055254,8,2024-04-03,"One Hundred and One Dalmatians","One Hundred and One Dalmatians",https://www.imdb.com/title/tt0055254,Movie,7.3,79,1961,"Animation, Adventure, Comedy, Family",198376,"1961-01-25","Clyde Geronimi,Hamilton Luske,Wolfgang Reitherman"
tt2935510,7,2024-04-03,"Ad Astra","Ad Astra",https://www.imdb.com/title/tt2935510,Movie,6.5,123,2019,"Sci-Fi, Thriller, Adventure, Drama, Mystery",283633,"2019-09-20","James Gray"
tt5073642,5,2024-04-02,"Color Out of Space","Color Out of Space",https://www.imdb.com/title/tt5073642,Movie,6.1,111,2019,"Horror, Sci-Fi, Mystery, Thriller",65871,"2020-02-25","Richard Stanley"
tt6017756,5,2024-04-02,"Radioactive","Radioactive",https://www.imdb.com/title/tt6017756,Movie,6.3,109,2019,"Drama, Biography, Romance",24472,"2020-07-24","Marjane Satrapi"
tt9691136,7,2024-03-31,"Shadow in the Cloud","Shadow in the Cloud",https://www.imdb.com/title/tt9691136,Movie,5.0,83,2020,"Action, Horror, War",34646,"2021-01-01","Roseanne Liang"
tt7294150,9,2024-03-31,"The Eight Hundred","Ba bai",https://www.imdb.com/title/tt7294150,Movie,6.7,149,2020,"War, History, Action, Drama",8556,"2020-08-28","Guan Hu"
tt8323104,5,2024-03-30,"Nancy Drew and the Hidden Staircase","Nancy Drew and the Hidden Staircase",https://www.imdb.com/title/tt8323104,Movie,5.7,89,2019,"Mystery, Crime, Drama, Family, Comedy",5957,"2019-03-26","Katt Shea"
tt6292852,7,2024-03-30,"I Am Mother","I Am Mother",https://www.imdb.com/title/tt6292852,Movie,6.7,113,2019,"Sci-Fi, Thriller, Drama, Mystery",107043,"2019-06-07","Grant Sputore"
tt6823368,7,2024-03-29,"Glass","Glass",https://www.imdb.com/title/tt6823368,Movie,6.6,129,2019,"Thriller, Drama, Sci-Fi, Horror, Fantasy",306767,"2019-01-18","M. Night Shyamalan"
tt0156887,5,2024-03-29,"Perfect Blue","Perfect Blue",https://www.imdb.com/title/tt0156887,Movie,8.0,82,1997,"Animation, Mystery, Crime, Drama, Thriller",125970,"1998-02-28","Satoshi Kon"
tt1392190,8,2024-03-27,"Mad Max: Fury Road","Mad Max: Fury Road",https://www.imdb.com/title/tt1392190,Movie,8.1,120,2015,"Action, Adventure, Sci-Fi",1218194,"2015-05-15","George Miller"
tt2119532,9,2024-03-27,"Hacksaw Ridge","Hacksaw Ridge",https://www.imdb.com/title/tt2119532,Movie,8.1,139,2016,"Drama, War, History, Biography",694006,"2016-11-04","Mel Gibson"
tt10168312,5,2024-03-18,"What If...?","What If...?",https://www.imdb.com/title/tt10168312,TV Series,7.3,32,2021,"Animation, Action, Adventure, Sci-Fi",162549,"2021-08-11",
tt13157618,6,2024-03-18,"Secret Invasion","Secret Invasion",https://www.imdb.com/title/tt13157618,TV Mini Series,5.8,45,2023,"Action, Sci-Fi, Thriller, Adventure, Mystery",92273,"2023-06-21",
tt13623136,5,2024-03-18,"The Guardians of the Galaxy Holiday Special","The Guardians of the Galaxy Holiday Special",https://www.imdb.com/title/tt13623136,TV Special,6.9,42,2022,"Action, Adventure, Comedy, Sci-Fi",110781,"2022-11-25","James Gunn"
tt15318872,7,2024-03-13,"Werewolf by Night","Werewolf by Night",https://www.imdb.com/title/tt15318872,TV Movie,7.1,52,2022,"Horror, Action, Drama, Mystery, Thriller, Fantasy",81081,"2022-10-07","Michael Giacchino"
tt10857160,5,2024-03-13,"She Hulk: Attorney at Law","She-Hulk: Attorney at Law",https://www.imdb.com/title/tt10857160,TV Mini Series,5.2,35,2022,"Action, Adventure, Comedy, Sci-Fi, Drama",212219,"2022-08-18",
tt13623148,7,2024-03-13,"I Am Groot","I Am Groot",https://www.imdb.com/title/tt13623148,TV Series,6.7,4,2022,"Animation, Short, Action, Adventure, Comedy, Fantasy, Sci-Fi",47560,"2022-08-10",
tt10857164,4,2024-03-11,"Ms. Marvel","Ms. Marvel",https://www.imdb.com/title/tt10857164,TV Mini Series,6.2,50,2022,"Action, Adventure, Comedy, Fantasy, Mystery, Sci-Fi, Family",133385,"2022-06-08",
tt10160804,7,2024-03-10,"Hawkeye","Hawkeye",https://www.imdb.com/title/tt10160804,TV Mini Series,7.4,60,2021,"Action, Adventure, Crime, Mystery, Sci-Fi, Drama",247621,"2021-11-24",
tt3521164,5,2024-03-05,"Moana","Moana",https://www.imdb.com/title/tt3521164,Movie,7.6,107,2016,"Animation, Musical, Adventure, Family, Comedy, Fantasy",448931,"2016-11-23","Ron Clements,John Musker,Don Hall,Chris Williams"
tt10161330,8,2024-03-05,"Loki: Glorious Purpose","Loki: Glorious Purpose",https://www.imdb.com/title/tt10161330,TV Episode,8.6,51,2021,"Fantasy, Sci-Fi, Action, Adventure",37935,"2021-06-09","Kate Herron"
tt10161334,8,2024-03-05,"Loki: The Variant","Loki: The Variant",https://www.imdb.com/title/tt10161334,TV Episode,8.7,53,2021,"Fantasy, Sci-Fi, Action, Adventure",34217,"2021-06-16","Kate Herron"
tt10161336,8,2024-03-05,"Loki: Lamentis","Loki: Lamentis",https://www.imdb.com/title/tt10161336,TV Episode,7.7,42,2021,"Fantasy, Sci-Fi, Action, Adventure",31789,"2021-06-23","Kate Herron"
tt10161340,8,2024-03-05,"Loki: The Nexus Event","Loki: The Nexus Event",https://www.imdb.com/title/tt10161340,TV Episode,9.0,48,2021,"Fantasy, Sci-Fi, Action, Adventure",33742,"2021-06-30","Kate Herron"
tt10161338,7,2024-03-05,"Loki: Journey Into Mystery","Loki: Journey Into Mystery",https://www.imdb.com/title/tt10161338,TV Episode,8.9,48,2021,"Fantasy, Sci-Fi, Action, Adventure",29929,"2021-07-07","Kate Herron"
tt10161342,7,2024-03-05,"Loki: For All Time. Always.","Loki: For All Time. Always.",https://www.imdb.com/title/tt10161342,TV Episode,8.6,45,2021,"Fantasy, Sci-Fi, Action, Adventure",30409,"2021-07-14","Kate Herron"
tt8097030,6,2024-03-05,"Turning Red","Turning Red",https://www.imdb.com/title/tt8097030,Movie,6.9,100,2022,"Animation, Adventure, Comedy, Family, Fantasy, Drama, Music, Romance, Action",176597,"2022-03-11","Domee Shi"
tt12801262,6,2024-03-05,"Luca","Luca",https://www.imdb.com/title/tt12801262,Movie,7.4,95,2021,"Animation, Adventure, Fantasy, Family, Comedy, Drama",227116,"2021-06-18","Enrico Casarosa"
tt7975244,7,2024-03-05,"Jumanji: The Next Level","Jumanji: The Next Level",https://www.imdb.com/title/tt7975244,Movie,6.6,123,2019,"Action, Adventure, Comedy, Fantasy",324163,"2019-12-13","Jake Kasdan"
tt7991608,6,2024-03-05,"Red Notice","Red Notice",https://www.imdb.com/title/tt7991608,Movie,6.3,118,2021,"Action, Comedy, Thriller",358895,"2021-11-12","Rawson Marshall Thurber"
tt2096673,8,2024-03-05,"Inside Out","Inside Out",https://www.imdb.com/title/tt2096673,Movie,8.1,95,2015,"Animation, Comedy, Family, Adventure, Drama, Fantasy",929925,"2015-06-19","Pete Docter,Ronnie Del Carmen"
tt3915174,6,2024-03-05,"Puss in Boots: The Last Wish","Puss in Boots: The Last Wish",https://www.imdb.com/title/tt3915174,Movie,7.9,102,2022,"Animation, Action, Comedy, Fantasy, Adventure, Family, Western",230229,"2022-12-21","Joel Crawford,Januel Mercado"
tt1950186,8,2024-03-05,"Ford v Ferrari","Ford v Ferrari",https://www.imdb.com/title/tt1950186,Movie,8.1,152,2019,"Action, Drama, Biography, Sport",583845,"2019-11-15","James Mangold"
tt6565702,6,2024-03-03,"X-Men: Dark Phoenix","X-Men: Dark Phoenix",https://www.imdb.com/title/tt6565702,Movie,5.7,113,2019,"Action, Adventure, Sci-Fi",231953,"2019-06-07","Simon Kinberg"
tt3315342,8,2024-03-03,"Logan","Logan",https://www.imdb.com/title/tt3315342,Movie,8.1,137,2017,"Action, Sci-Fi, Drama, Thriller",937441,"2017-03-03","James Mangold"
tt2948356,8,2024-03-02,"Zootopia","Zootopia",https://www.imdb.com/title/tt2948356,Movie,8.0,108,2016,"Animation, Crime, Action, Mystery, Adventure, Family, Comedy",647587,"2016-03-04","Byron Howard,Rich Moore,Jared Bush"
tt1453405,8,2024-03-02,"Monsters University","Monsters University",https://www.imdb.com/title/tt1453405,Movie,7.2,104,2013,"Animation, Comedy, Adventure, Family, Fantasy",430012,"2013-06-21","Dan Scanlon"
tt1560220,8,2024-03-02,"Zombieland: Double Tap","Zombieland: Double Tap",https://www.imdb.com/title/tt1560220,Movie,6.6,99,2019,"Action, Comedy, Horror",228924,"2019-10-18","Ruben Fleischer"
tt3385516,6,2024-03-02,"X-Men: Apocalypse","X-Men: Apocalypse",https://www.imdb.com/title/tt3385516,Movie,6.8,144,2016,"Sci-Fi, Action, Adventure",497492,"2016-05-27","Bryan Singer"
tt0978764,5,2024-03-02,"Sucker Punch","Sucker Punch",https://www.imdb.com/title/tt0978764,Movie,6.1,110,2011,"Fantasy, Action, Adventure, Thriller",262748,"2011-03-25","Zack Snyder"
tt1080016,7,2024-03-02,"Ice Age: Dawn of the Dinosaurs","Ice Age: Dawn of the Dinosaurs",https://www.imdb.com/title/tt1080016,Movie,6.9,94,2009,"Animation, Comedy, Adventure, Family",288888,"2009-07-01","Carlos Saldanha,Michael Thurmeier"
tt1156398,8,2024-03-02,"Zombieland","Zombieland",https://www.imdb.com/title/tt1156398,Movie,7.5,88,2009,"Comedy, Action, Horror",673025,"2009-10-02","Ruben Fleischer"
tt1055369,8,2024-03-02,"Transformers: Revenge of the Fallen","Transformers: Revenge of the Fallen",https://www.imdb.com/title/tt1055369,Movie,6.0,149,2009,"Sci-Fi, Action, Adventure",457681,"2009-06-24","Michael Bay"
tt1772341,7,2024-03-02,"Wreck-It Ralph","Wreck-It Ralph",https://www.imdb.com/title/tt1772341,Movie,7.7,101,2012,"Animation, Comedy, Family, Adventure, Fantasy, Sci-Fi, Sport",504410,"2012-11-02","Rich Moore"
tt1877832,8,2024-03-02,"X-Men: Days of Future Past","X-Men: Days of Future Past",https://www.imdb.com/title/tt1877832,Movie,7.9,132,2014,"Action, Sci-Fi, Thriller, Adventure",795003,"2014-05-23","Bryan Singer"
tt1430132,7,2024-03-01,"The Wolverine","The Wolverine",https://www.imdb.com/title/tt1430132,Movie,6.7,126,2013,"Action, Sci-Fi, Thriller",528616,"2013-07-26","James Mangold"
tt1270798,7,2024-02-29,"X-Men: First Class","X: First Class",https://www.imdb.com/title/tt1270798,Movie,7.7,131,2011,"Action, Sci-Fi",770959,"2011-06-03","Matthew Vaughn"
tt1517451,7,2024-02-29,"A Star Is Born","A Star Is Born",https://www.imdb.com/title/tt1517451,Movie,7.6,136,2018,"Drama, Romance, Music",452141,"2018-10-05","Bradley Cooper"
tt1192628,8,2024-02-29,"Rango","Rango",https://www.imdb.com/title/tt1192628,Movie,7.3,107,2011,"Animation, Adventure, Family, Western, Comedy, Action, Drama",323518,"2011-03-04","Gore Verbinski"
tt0970179,8,2024-02-29,"Hugo","Hugo",https://www.imdb.com/title/tt0970179,Movie,7.5,126,2011,"Adventure, Mystery, Drama, Fantasy, Family",351024,"2011-11-23","Martin Scorsese"
tt1667889,6,2024-02-29,"Ice Age: Continental Drift","Ice Age: Continental Drift",https://www.imdb.com/title/tt1667889,Movie,6.5,88,2012,"Animation, Comedy, Adventure, Family",245937,"2012-07-13","Steve Martino,Michael Thurmeier"
tt0099487,8,2024-02-29,"Edward Scissorhands","Edward Scissorhands",https://www.imdb.com/title/tt0099487,Movie,7.8,105,1990,"Drama, Romance, Fantasy",569277,"1990-12-14","Tim Burton"
tt0397892,7,2024-02-29,"Bolt","Bolt",https://www.imdb.com/title/tt0397892,Movie,6.8,96,2008,"Animation, Family, Comedy, Adventure, Crime, Drama, Sci-Fi",250674,"2008-11-21","Byron Howard,Chris Williams"
tt10234724,7,2024-02-29,"Moon Knight","Moon Knight",https://www.imdb.com/title/tt10234724,TV Mini Series,7.3,50,2022,"Action, Adventure, Fantasy",317886,"2022-03-30",
tt9140560,6,2024-02-29,"WandaVision","WandaVision",https://www.imdb.com/title/tt9140560,TV Mini Series,7.9,40,2021,"Action, Sci-Fi, Fantasy, Comedy, Mystery, Drama, Romance",422792,"2021-01-15",
tt9208876,7,2024-02-29,"The Falcon and the Winter Soldier","The Falcon and the Winter Soldier",https://www.imdb.com/title/tt9208876,TV Mini Series,7.1,50,2021,"Action, Adventure, Sci-Fi, Drama",285107,"2021-03-19",
tt0458525,7,2024-02-28,"X-Men Origins: Wolverine","X-Men Origins: Wolverine",https://www.imdb.com/title/tt0458525,Movie,6.5,107,2009,"Action, Sci-Fi",573492,"2009-05-01","Gavin Hood"
tt0376994,6,2024-02-27,"X-Men: The Last Stand","X-Men: The Last Stand",https://www.imdb.com/title/tt0376994,Movie,6.6,104,2006,"Action, Sci-Fi, Adventure",577796,"2006-05-26","Brett Ratner"
tt0290334,7,2024-02-27,"X2: X-Men United","X2",https://www.imdb.com/title/tt0290334,Movie,7.4,134,2003,"Sci-Fi, Thriller, Action",617002,"2003-05-02","Bryan Singer"
tt0418279,7,2024-02-25,"Transformers","Transformers",https://www.imdb.com/title/tt0418279,Movie,7.1,144,2007,"Action, Sci-Fi, Adventure",724799,"2007-07-03","Michael Bay"
tt5848272,8,2024-02-25,"Ralph Breaks the Internet","Ralph Breaks the Internet",https://www.imdb.com/title/tt5848272,Movie,7.0,112,2018,"Animation, Comedy, Adventure, Family, Fantasy, Sci-Fi, Sport",208545,"2018-11-21","Phil Johnston,Rich Moore"
tt0120903,6,2024-02-25,"X-Men","X-Men",https://www.imdb.com/title/tt0120903,Movie,7.3,104,2000,"Adventure, Sci-Fi, Action",700647,"2000-07-14","Bryan Singer"
tt11547520,7,2024-02-25,"Kalashnikov","Kalashnikov",https://www.imdb.com/title/tt11547520,Movie,6.6,110,2020,"Biography, War, Action, Drama, History",6379,"2020-02-19","Konstantin Buslov"
tt4276820,7,2024-02-24,"The Founder","The Founder",https://www.imdb.com/title/tt4276820,Movie,7.2,115,2016,"Biography, Drama",208324,"2017-01-20","John Lee Hancock"
tt7160372,5,2024-02-23,"The Zone of Interest","The Zone of Interest",https://www.imdb.com/title/tt7160372,Movie,7.3,105,2023,"Drama, History, War",191947,"2024-02-20","Jonathan Glazer"
tt2084970,8,2024-02-23,"The Imitation Game","The Imitation Game",https://www.imdb.com/title/tt2084970,Movie,8.0,114,2014,"Drama, Biography, Thriller, War",883762,"2014-12-25","Morten Tyldum"
tt10160976,7,2024-02-22,"The Nun II","The Nun II",https://www.imdb.com/title/tt10160976,Movie,5.6,110,2023,"Horror, Mystery, Thriller",83730,"2023-09-08","Michael Chaves"
tt6166392,8,2024-02-22,"Wonka","Wonka",https://www.imdb.com/title/tt6166392,Movie,6.9,116,2023,"Musical, Comedy, Adventure, Family, Fantasy",196625,"2023-12-15","Paul King"
tt19623240,4,2024-02-22,"Winnie-the-Pooh: Blood and Honey","Winnie-the-Pooh: Blood and Honey",https://www.imdb.com/title/tt19623240,Movie,2.9,84,2023,"Horror",37816,"2023-03-17","Rhys Frake-Waterfield"
tt28818363,1,2024-02-21,"It Remains","Neung wan",https://www.imdb.com/title/tt28818363,Movie,4.6,100,2023,"Horror",488,"2023-08-24","Kelvin Shum"
tt1136608,7,2024-02-21,"District 9","District 9",https://www.imdb.com/title/tt1136608,Movie,7.9,112,2009,"Sci-Fi, Action, Thriller",756683,"2009-08-14","Neill Blomkamp"
tt14428606,9,2024-02-20,"Man in Love","Dang nan ren lian ai shi",https://www.imdb.com/title/tt14428606,Movie,7.1,115,2021,"Drama, Romance",4654,"2021-04-01","Chen-Hao Yin"
tt1060277,7,2024-02-20,"Cloverfield","Cloverfield",https://www.imdb.com/title/tt1060277,Movie,7.0,85,2008,"Sci-Fi, Horror, Thriller, Action",447056,"2008-01-18","Matt Reeves"
tt0477347,7,2024-02-20,"Night at the Museum","Night at the Museum",https://www.imdb.com/title/tt0477347,Movie,6.5,108,2006,"Comedy, Family, Fantasy, Adventure",415276,"2006-12-22","Shawn Levy"
tt1464335,7,2024-02-20,"Uncharted","Uncharted",https://www.imdb.com/title/tt1464335,Movie,6.3,116,2022,"Action, Adventure",306588,"2022-02-18","Ruben Fleischer"
tt0121164,7,2024-02-20,"Corpse Bride","Corpse Bride",https://www.imdb.com/title/tt0121164,Movie,7.4,77,2005,"Animation, Musical, Fantasy, Romance, Family, Drama, Comedy",331388,"2005-09-23","Tim Burton,Mike Johnson"
tt2024544,8,2024-02-20,"12 Years a Slave","12 Years a Slave",https://www.imdb.com/title/tt2024544,Movie,8.1,134,2013,"Drama, History, Biography",793103,"2013-11-08","Steve McQueen"
tt0499549,7,2024-02-20,"Avatar","Avatar",https://www.imdb.com/title/tt0499549,Movie,7.9,162,2009,"Sci-Fi, Action, Adventure, Fantasy",1513041,"2009-12-18","James Cameron"
tt10795658,8,2024-02-20,"Alice in Borderland","Imawa no Kuni no Arisu",https://www.imdb.com/title/tt10795658,TV Series,7.8,50,2020,"Drama, Sci-Fi, Thriller, Mystery, Horror, Action",151386,"2020-12-10",
tt0454921,8,2024-02-20,"The Pursuit of Happyness","The Pursuit of Happyness",https://www.imdb.com/title/tt0454921,Movie,8.0,117,2006,"Drama, Biography",629085,"2006-12-15","Gabriele Muccino"
tt9100018,6,2024-02-19,"Cobweb","Cobweb",https://www.imdb.com/title/tt9100018,Movie,5.9,88,2023,"Horror, Thriller, Mystery",47275,"2023-10-20","Samuel Bodin"
tt4972582,7,2024-02-19,"Split","Split",https://www.imdb.com/title/tt4972582,Movie,7.3,117,2016,"Thriller, Horror",628993,"2017-01-20","M. Night Shyamalan"
tt3811906,7,2024-02-19,"Malignant","Malignant",https://www.imdb.com/title/tt3811906,Movie,6.2,111,2021,"Horror, Crime, Mystery",122749,"2021-09-10","James Wan"
tt0120762,7,2024-02-19,"Mulan","Mulan",https://www.imdb.com/title/tt0120762,Movie,7.7,87,1998,"Animation, Musical, War, Fantasy, Comedy, Adventure, Family",350147,"1998-06-19","Tony Bancroft,Barry Cook"
tt5095030,7,2024-02-19,"Ant-Man and the Wasp","Ant-Man and the Wasp",https://www.imdb.com/title/tt5095030,Movie,7.0,118,2018,"Action, Adventure, Sci-Fi, Comedy",504102,"2018-07-06","Peyton Reed"
tt1270797,7,2024-02-19,"Venom","Venom",https://www.imdb.com/title/tt1270797,Movie,6.6,112,2018,"Action, Sci-Fi, Adventure",615198,"2018-10-05","Ruben Fleischer"
tt9701940,8,2024-02-19,"Fear Street: Part Two - 1978","Fear Street: 1978",https://www.imdb.com/title/tt9701940,Movie,6.7,109,2021,"Horror, Mystery, Drama",92187,"2021-07-09","Leigh Janiak"
tt9032400,7,2024-02-19,"Eternals","Eternals",https://www.imdb.com/title/tt9032400,Movie,6.2,156,2021,"Action, Fantasy, Sci-Fi, Adventure",434702,"2021-11-05","Chloé Zhao"
tt5726616,6,2024-02-19,"Call Me by Your Name","Call Me by Your Name",https://www.imdb.com/title/tt5726616,Movie,7.8,132,2017,"Drama, Romance",363678,"2018-01-19","Luca Guadagnino"
tt6334354,8,2024-02-19,"The Suicide Squad","The Suicide Squad",https://www.imdb.com/title/tt6334354,Movie,7.2,132,2021,"Action, Adventure, Sci-Fi, Comedy",464397,"2021-08-05","James Gunn"
tt5463162,7,2024-02-19,"Deadpool 2","Deadpool 2",https://www.imdb.com/title/tt5463162,Movie,7.6,119,2018,"Action, Adventure, Comedy, Sci-Fi",755013,"2018-05-18","David Leitch"
tt1431045,7,2024-02-19,"Deadpool","Deadpool",https://www.imdb.com/title/tt1431045,Movie,8.0,108,2016,"Action, Sci-Fi, Comedy",1268336,"2016-02-12","Tim Miller"
tt6264654,7,2024-02-19,"Free Guy","Free Guy",https://www.imdb.com/title/tt6264654,Movie,7.1,115,2021,"Action, Comedy, Sci-Fi, Adventure, Fantasy, Romance",495883,"2021-08-13","Shawn Levy"
tt2584384,8,2024-02-19,"Jojo Rabbit","Jojo Rabbit",https://www.imdb.com/title/tt2584384,Movie,7.9,108,2019,"Comedy, War, Drama",493070,"2019-11-08","Taika Waititi"
tt10648342,7,2024-02-19,"Thor: Love and Thunder","Thor: Love and Thunder",https://www.imdb.com/title/tt10648342,Movie,6.1,118,2022,"Adventure, Romance, Sci-Fi, Comedy, Action",471683,"2022-07-08","Taika Waititi"
tt15791034,7,2024-02-19,"Barbarian","Barbarian",https://www.imdb.com/title/tt15791034,Movie,7.0,102,2022,"Thriller, Horror, Mystery",268770,"2022-09-09","Zach Cregger"
tt9639470,7,2024-02-19,"Last Night in Soho","Last Night in Soho",https://www.imdb.com/title/tt9639470,Movie,7.0,116,2021,"Horror, Thriller, Drama, Mystery",201813,"2021-10-29","Edgar Wright"
tt0454876,8,2024-02-19,"Life of Pi","Life of Pi",https://www.imdb.com/title/tt0454876,Movie,7.9,127,2012,"Drama, Adventure, Fantasy",704760,"2012-11-21","Ang Lee"
tt7798634,7,2024-02-19,"Ready or Not","Ready or Not",https://www.imdb.com/title/tt7798634,Movie,6.9,95,2019,"Horror, Mystery, Comedy",263012,"2019-08-21","Matt Bettinelli-Olpin,Tyler Gillett"
tt11286314,7,2024-02-19,"Don't Look Up","Don't Look Up",https://www.imdb.com/title/tt11286314,Movie,7.1,138,2021,"Comedy, Drama, Sci-Fi",678892,"2021-12-24","Adam McKay"
tt10620868,7,2024-02-19,"#Alive","#Saraitda",https://www.imdb.com/title/tt10620868,Movie,6.3,98,2020,"Drama, Action, Horror, Thriller",56092,"2020-09-08","Il Cho"
tt0120338,8,2024-02-19,"Titanic","Titanic",https://www.imdb.com/title/tt0120338,Movie,8.0,194,1997,"Romance, Drama",1408801,"1997-12-19","James Cameron"
tt6751668,8,2024-02-19,"Parasite","Gisaengchung",https://www.imdb.com/title/tt6751668,Movie,8.5,132,2019,"Drama, Thriller",1189386,"2019-11-08","Bong Joon Ho"
tt8511466,6,2024-02-17,"Aporia","Aporia",https://www.imdb.com/title/tt8511466,Movie,5.6,104,2023,"Drama, Sci-Fi",2798,"2023-09-12","Jared Moshe"
tt19869122,7,2024-02-16,"My Happy Marriage","Watashi no shiawasena kekkon",https://www.imdb.com/title/tt19869122,Movie,7.0,115,2023,"Drama, History, Romance, Fantasy",2095,"2023-03-17","Ayuko Tsukahara"
tt0398808,8,2024-02-11,"Bridge to Terabithia","Bridge to Terabithia",https://www.imdb.com/title/tt0398808,Movie,7.2,96,2007,"Family, Drama, Fantasy",194014,"2007-02-16","Gabor Csupo"
tt2386237,6,2024-01-16,"Malevolent","Malevolent",https://www.imdb.com/title/tt2386237,Movie,4.9,89,2018,"Horror, Mystery, Thriller",20210,"2018-10-05","Olaf de Fleur Johannesson"
tt1745960,8,2024-01-15,"Top Gun: Maverick","Top Gun: Maverick",https://www.imdb.com/title/tt1745960,Movie,8.2,130,2022,"Action, Drama",901154,"2022-05-27","Joseph Kosinski"
tt13443470,7,2024-01-15,"Wednesday","Wednesday",https://www.imdb.com/title/tt13443470,TV Series,8.0,45,2022,"Comedy, Fantasy, Mystery, Crime, Horror",507028,"2022-11-23",
tt15474916,6,2024-01-15,"Smile","Smile",https://www.imdb.com/title/tt15474916,Movie,6.5,115,2022,"Horror, Mystery, Thriller",247471,"2022-09-30","Parker Finn"
tt1034303,8,2024-01-14,"Defiance","Defiance",https://www.imdb.com/title/tt1034303,Movie,7.1,137,2008,"Drama, War, Thriller, Action, History",161678,"2009-01-16","Edward Zwick"
tt2582846,8,2024-01-14,"The Fault in Our Stars","The Fault in Our Stars",https://www.imdb.com/title/tt2582846,Movie,7.6,126,2014,"Drama, Romance",427328,"2014-06-06","Josh Boone"
tt8119752,6,2024-01-14,"Gonjiam: Haunted Asylum","Gon-ji-am",https://www.imdb.com/title/tt8119752,Movie,6.5,95,2018,"Horror, Mystery",26367,"2018-03-28","Jung Bum-shik"
tt0382932,7,2024-01-14,"Ratatouille","Ratatouille",https://www.imdb.com/title/tt0382932,Movie,8.1,111,2007,"Animation, Comedy, Family, Fantasy, Adventure",962029,"2007-06-29","Brad Bird,Jan Pinkava"
tt8946378,7,2024-01-14,"Knives Out","Knives Out",https://www.imdb.com/title/tt8946378,Movie,7.9,130,2019,"Crime, Mystery, Thriller, Drama, Comedy",888143,"2019-11-27","Rian Johnson"
tt0914798,8,2024-01-13,"The Boy in the Striped Pajamas","The Boy in the Striped Pajamas",https://www.imdb.com/title/tt0914798,Movie,7.7,94,2008,"Drama, War",277428,"2008-11-26","Mark Herman"
tt0217869,7,2024-01-12,"Unbreakable","Unbreakable",https://www.imdb.com/title/tt0217869,Movie,7.3,106,2000,"Mystery, Drama, Sci-Fi, Thriller",470663,"2000-11-22","M. Night Shyamalan"
tt0758752,8,2024-01-11,"Love & Other Drugs","Love & Other Drugs",https://www.imdb.com/title/tt0758752,Movie,6.7,112,2010,"Drama, Comedy, Romance",255021,"2010-11-24","Edward Zwick"
tt0110413,8,2024-01-11,"Léon: The Professional","Léon",https://www.imdb.com/title/tt0110413,Movie,8.5,110,1994,"Action, Drama, Crime, Thriller",1362488,"1994-11-18","Luc Besson"
tt0295297,9,2024-01-11,"Harry Potter and the Chamber of Secrets","Harry Potter and the Chamber of Secrets",https://www.imdb.com/title/tt0295297,Movie,7.5,161,2002,"Mystery, Family, Adventure, Fantasy",774921,"2002-11-15","Chris Columbus"
tt1201607,9,2024-01-11,"Harry Potter and the Deathly Hallows: Part 2","Harry Potter and the Deathly Hallows: Part 2",https://www.imdb.com/title/tt1201607,Movie,8.1,130,2011,"Adventure, Mystery, Fantasy, Family",1059497,"2011-07-15","David Yates"
tt0926084,9,2024-01-11,"Harry Potter and the Deathly Hallows: Part 1","Harry Potter and the Deathly Hallows: Part 1",https://www.imdb.com/title/tt0926084,Movie,7.7,146,2010,"Adventure, Mystery, Fantasy, Family",672749,"2010-11-19","David Yates"
tt10954984,6,2024-01-08,"Nope","Nope",https://www.imdb.com/title/tt10954984,Movie,6.8,130,2022,"Horror, Sci-Fi, Mystery, Thriller",321917,"2022-07-22","Jordan Peele"
tt0362227,9,2024-01-08,"The Terminal","The Terminal",https://www.imdb.com/title/tt0362227,Movie,7.4,128,2004,"Drama, Comedy, Romance",540699,"2004-06-18","Steven Spielberg"
tt0373889,9,2024-01-08,"Harry Potter and the Order of the Phoenix","Harry Potter and the Order of the Phoenix",https://www.imdb.com/title/tt0373889,Movie,7.5,138,2007,"Family, Fantasy, Mystery, Adventure",709000,"2007-07-11","David Yates"
tt0417741,9,2024-01-08,"Harry Potter and the Half-Blood Prince","Harry Potter and the Half-Blood Prince",https://www.imdb.com/title/tt0417741,Movie,7.6,153,2009,"Fantasy, Mystery, Family, Adventure",668403,"2009-07-15","David Yates"
tt0363771,7,2024-01-08,"The Chronicles of Narnia: The Lion, the Witch and the Wardrobe","The Chronicles of Narnia: The Lion, the Witch and the Wardrobe",https://www.imdb.com/title/tt0363771,Movie,6.9,143,2005,"Adventure, Family, Fantasy",461454,"2005-12-09","Andrew Adamson"
tt1935859,7,2024-01-08,"Miss Peregrine's Home for Peculiar Children","Miss Peregrine's Home for Peculiar Children",https://www.imdb.com/title/tt1935859,Movie,6.7,127,2016,"Fantasy, Adventure, Drama, Thriller, Family",210505,"2016-09-30","Tim Burton"
tt0198781,8,2024-01-08,"Monsters, Inc.","Monsters, Inc.",https://www.imdb.com/title/tt0198781,Movie,8.1,92,2001,"Animation, Adventure, Comedy, Family, Fantasy",1088392,"2001-11-02","Pete Docter,David Silverman,Lee Unkrich"
tt6257174,7,2024-01-08,"The Miseducation of Cameron Post","The Miseducation of Cameron Post",https://www.imdb.com/title/tt6257174,Movie,6.6,91,2018,"Comedy, Drama",27846,"2018-09-07","Desiree Akhavan"
tt1340138,7,2024-01-08,"Terminator Genisys","Terminator Genisys",https://www.imdb.com/title/tt1340138,Movie,6.3,126,2015,"Action, Adventure, Sci-Fi, Thriller",309512,"2015-07-01","Alan Taylor"
tt6450804,6,2024-01-08,"Terminator: Dark Fate","Terminator: Dark Fate",https://www.imdb.com/title/tt6450804,Movie,6.2,128,2019,"Sci-Fi, Action, Adventure, Thriller",214402,"2019-11-01","Tim Miller"
tt0438488,8,2024-01-08,"Terminator Salvation","Terminator Salvation",https://www.imdb.com/title/tt0438488,Movie,6.5,115,2009,"Sci-Fi, Action, Adventure",394869,"2009-05-21","McG"
tt0181852,6,2024-01-08,"Terminator 3: Rise of the Machines","Terminator 3: Rise of the Machines",https://www.imdb.com/title/tt0181852,Movie,6.3,109,2003,"Sci-Fi, Action",439875,"2003-07-02","Jonathan Mostow"
tt0103064,6,2024-01-08,"Terminator 2: Judgment Day","Terminator 2: Judgment Day",https://www.imdb.com/title/tt0103064,Movie,8.6,137,1991,"Adventure, Sci-Fi, Action",1296615,"1991-07-03","James Cameron"
tt0088247,6,2024-01-08,"The Terminator","The Terminator",https://www.imdb.com/title/tt0088247,Movie,8.1,107,1984,"Action, Adventure, Sci-Fi",1015266,"1984-10-26","James Cameron"
tt9495224,2,2024-01-02,"Black Mirror: Bandersnatch","Black Mirror: Bandersnatch",https://www.imdb.com/title/tt9495224,Movie,7.1,90,2018,"Drama, Thriller, Mystery, Sci-Fi, Fantasy",143797,"2018-12-28","David Slade"
tt6772950,6,2023-12-31,"Truth or Dare","Truth or Dare",https://www.imdb.com/title/tt6772950,Movie,5.3,100,2018,"Horror, Thriller, Mystery",75068,"2018-04-13","Jeff Wadlow"
tt1571234,7,2023-12-30,"Mortal Engines","Mortal Engines",https://www.imdb.com/title/tt1571234,Movie,6.1,128,2018,"Sci-Fi, Fantasy, Action, Thriller, Adventure",154624,"2018-12-14","Christian Rivers"
tt1001526,7,2023-12-29,"Megamind","Megamind",https://www.imdb.com/title/tt1001526,Movie,7.3,95,2010,"Animation, Comedy, Family, Sci-Fi, Action, Crime, Fantasy, Adventure",329782,"2010-11-05","Tom McGrath"
tt3183660,8,2023-12-29,"Fantastic Beasts and Where to Find Them","Fantastic Beasts and Where to Find Them",https://www.imdb.com/title/tt3183660,Movie,7.2,132,2016,"Adventure, Family, Fantasy",544499,"2016-11-18","David Yates"
tt1187043,8,2023-12-29,"3 Idiots","3 Idiots",https://www.imdb.com/title/tt1187043,Movie,8.4,170,2009,"Drama, Comedy",488160,"2009-12-25","Rajkumar Hirani"
tt6127004,5,2023-12-29,"Paradise Hills","Paradise Hills",https://www.imdb.com/title/tt6127004,Movie,5.3,95,2019,"Fantasy, Sci-Fi, Thriller, Mystery",18808,"2019-10-25","Alice Waddington"
tt0266543,7,2023-12-29,"Finding Nemo","Finding Nemo",https://www.imdb.com/title/tt0266543,Movie,8.2,100,2003,"Animation, Family, Comedy, Adventure",1222024,"2003-05-30","Andrew Stanton,Lee Unkrich"
tt1217209,7,2023-12-29,"Brave","Brave",https://www.imdb.com/title/tt1217209,Movie,7.1,93,2012,"Animation, Adventure, Fantasy, Family, Comedy, Drama, Mystery, Action",484466,"2012-06-22","Mark Andrews,Brenda Chapman,Steve Purcell"
tt0432283,5,2023-12-29,"Fantastic Mr. Fox","Fantastic Mr. Fox",https://www.imdb.com/title/tt0432283,Movie,7.9,87,2009,"Animation, Adventure, Comedy, Crime, Family, Drama",309470,"2009-11-25","Wes Anderson"
tt1049413,8,2023-12-29,"Up","Up",https://www.imdb.com/title/tt1049413,Movie,8.3,96,2009,"Animation, Family, Adventure, Comedy, Drama",1252127,"2009-05-29","Pete Docter,Bob Peterson"
tt0361748,8,2023-12-29,"Inglourious Basterds","Inglourious Basterds",https://www.imdb.com/title/tt0361748,Movie,8.4,153,2009,"War, Drama",1812202,"2009-08-21","Quentin Tarantino"
tt1587310,8,2023-12-27,"Maleficent","Maleficent",https://www.imdb.com/title/tt1587310,Movie,6.9,97,2014,"Fantasy, Adventure, Family, Romance, Drama",427411,"2014-05-30","Robert Stromberg"
tt2567026,8,2023-12-27,"Alice Through the Looking Glass","Alice Through the Looking Glass",https://www.imdb.com/title/tt2567026,Movie,6.2,113,2016,"Adventure, Family, Fantasy, Mystery",136682,"2016-05-27","James Bobin"
tt4123430,9,2023-12-27,"Fantastic Beasts: The Crimes of Grindelwald","Fantastic Beasts: The Crimes of Grindelwald",https://www.imdb.com/title/tt4123430,Movie,6.5,134,2018,"Fantasy, Adventure, Family",334323,"2018-11-16","David Yates"
tt1014759,8,2023-12-27,"Alice in Wonderland","Alice in Wonderland",https://www.imdb.com/title/tt1014759,Movie,6.4,108,2010,"Fantasy, Family, Adventure, Mystery",471708,"2010-03-05","Tim Burton"
tt0304141,9,2023-12-27,"Harry Potter and the Prisoner of Azkaban","Harry Potter and the Prisoner of Azkaban",https://www.imdb.com/title/tt0304141,Movie,7.9,142,2004,"Mystery, Family, Adventure, Fantasy",775984,"2004-06-04","Alfonso Cuarón"
tt0367594,8,2023-12-27,"Charlie and the Chocolate Factory","Charlie and the Chocolate Factory",https://www.imdb.com/title/tt0367594,Movie,6.7,115,2005,"Musical, Adventure, Comedy, Family, Fantasy",576925,"2005-07-15","Tim Burton"
tt0330373,9,2023-12-27,"Harry Potter and the Goblet of Fire","Harry Potter and the Goblet of Fire",https://www.imdb.com/title/tt0330373,Movie,7.7,157,2005,"Mystery, Family, Adventure, Fantasy",762241,"2005-11-18","Mike Newell"
tt0104431,5,2023-12-27,"Home Alone 2: Lost in New York","Home Alone 2: Lost in New York",https://www.imdb.com/title/tt0104431,Movie,6.9,120,1992,"Adventure, Crime, Comedy, Family",460801,"1992-11-20","Chris Columbus"
tt0099785,6,2023-12-27,"Home Alone","Home Alone",https://www.imdb.com/title/tt0099785,Movie,7.8,103,1990,"Comedy, Family",752832,"1990-11-16","Chris Columbus"
tt0993846,6,2023-12-27,"The Wolf of Wall Street","The Wolf of Wall Street",https://www.imdb.com/title/tt0993846,Movie,8.2,180,2013,"Crime, Drama, Biography, Comedy",1818934,"2013-12-25","Martin Scorsese"
tt0963794,6,2023-12-25,"The Ruins","The Ruins",https://www.imdb.com/title/tt0963794,Movie,5.9,90,2008,"Horror, Adventure, Thriller",91713,"2008-04-04","Carter Smith"
tt7131622,7,2023-12-25,"Once Upon a Time in... Hollywood","Once Upon a Time in... Hollywood",https://www.imdb.com/title/tt7131622,Movie,7.6,161,2019,"Drama, Comedy",975096,"2019-07-26","Quentin Tarantino"
tt7917178,4,2023-12-22,"Caveat","Caveat",https://www.imdb.com/title/tt7917178,Movie,6.0,88,2020,"Thriller, Horror, Mystery",16097,"2021-06-05","Damian McCarthy"
tt2948372,8,2023-12-22,"Soul","Soul",https://www.imdb.com/title/tt2948372,Movie,8.0,100,2020,"Animation, Family, Adventure, Fantasy, Music, Comedy, Drama",456304,"2020-12-25","Pete Docter,Kemp Powers"
tt8228288,7,2023-12-22,"The Platform","El hoyo",https://www.imdb.com/title/tt8228288,Movie,7.0,94,2019,"Thriller, Sci-Fi, Horror, Mystery",328936,"2020-03-20","Galder Gaztelu-Urrutia"
tt0413300,7,2023-12-22,"Spider-Man 3","Spider-Man 3",https://www.imdb.com/title/tt0413300,Movie,6.3,139,2007,"Action, Sci-Fi, Adventure",716132,"2007-05-04","Sam Raimi"
tt1675434,8,2023-12-22,"The Intouchables","Intouchables",https://www.imdb.com/title/tt1675434,Movie,8.5,112,2011,"Comedy, Drama",1039208,"2011-11-02","Olivier Nakache,Éric Toledano"
tt0316654,8,2023-12-22,"Spider-Man 2","Spider-Man 2",https://www.imdb.com/title/tt0316654,Movie,7.5,127,2004,"Sci-Fi, Adventure, Action",804597,"2004-06-30","Sam Raimi"
tt1683526,9,2023-12-22,"Detachment","Detachment",https://www.imdb.com/title/tt1683526,Movie,7.7,98,2011,"Drama",113494,"2012-02-01","Tony Kaye"
tt1872181,8,2023-12-20,"The Amazing Spider-Man 2","The Amazing Spider-Man 2",https://www.imdb.com/title/tt1872181,Movie,6.6,142,2014,"Action, Adventure, Sci-Fi",605366,"2014-05-02","Marc Webb"
tt0948470,8,2023-12-20,"The Amazing Spider-Man","The Amazing Spider-Man",https://www.imdb.com/title/tt0948470,Movie,7.0,136,2012,"Action, Sci-Fi",784143,"2012-07-03","Marc Webb"
tt0145487,8,2023-12-20,"Spider-Man","Spider-Man",https://www.imdb.com/title/tt0145487,Movie,7.4,121,2002,"Adventure, Sci-Fi, Action",992086,"2002-05-03","Sam Raimi"
tt0268380,7,2023-12-20,"Ice Age","Ice Age",https://www.imdb.com/title/tt0268380,Movie,7.5,81,2002,"Animation, Adventure, Comedy, Family",570808,"2002-03-15","Chris Wedge,Carlos Saldanha"
tt8332922,7,2023-12-20,"A Quiet Place Part II","A Quiet Place Part II",https://www.imdb.com/title/tt8332922,Movie,7.2,97,2020,"Drama, Thriller, Sci-Fi, Horror",327962,"2021-05-28","John Krasinski"
tt2294629,7,2023-12-20,"Frozen","Frozen",https://www.imdb.com/title/tt2294629,Movie,7.4,102,2013,"Animation, Musical, Family, Fantasy, Adventure, Comedy",720223,"2013-11-27","Chris Buck,Jennifer Lee"
tt0327597,4,2023-12-20,"Coraline","Coraline",https://www.imdb.com/title/tt0327597,Movie,7.8,100,2009,"Animation, Fantasy, Drama, Family",304746,"2009-02-06","Henry Selick"
tt0974015,6,2023-12-20,"Justice League","Justice League",https://www.imdb.com/title/tt0974015,Movie,6.0,120,2017,"Sci-Fi",508896,"2017-11-17","Zack Snyder"
tt0398286,7,2023-12-20,"Tangled","Tangled",https://www.imdb.com/title/tt0398286,Movie,7.7,100,2010,"Animation, Musical, Family, Comedy, Fantasy, Romance, Adventure",552506,"2010-11-24","Nathan Greno,Byron Howard"
tt2245084,7,2023-12-20,"Big Hero 6","Big Hero 6",https://www.imdb.com/title/tt2245084,Movie,7.8,102,2014,"Animation, Action, Family, Sci-Fi, Adventure, Comedy, Crime, Drama",560512,"2014-11-07","Don Hall,Chris Williams"
tt7161894,8,2023-12-20,"As Above, So Below: The Underworld of 'John Wick'","As Above, So Below: The Underworld of 'John Wick'",https://www.imdb.com/title/tt7161894,Video,7.7,5,2017,"Documentary, Short",39814,"2017-06-13","Josh Oreck"
tt1446714,6,2023-12-20,"Prometheus","Prometheus",https://www.imdb.com/title/tt1446714,Movie,7.0,124,2012,"Adventure, Sci-Fi",705998,"2012-06-08","Ridley Scott"
tt3387648,4,2023-12-19,"The Taking of Deborah Logan","The Taking",https://www.imdb.com/title/tt3387648,Movie,6.0,90,2014,"Thriller, Horror, Mystery, Fantasy",51149,"2014-10-21","Adam Robitel"
tt1687901,5,2023-12-19,"The Awakening","The Awakening",https://www.imdb.com/title/tt1687901,Movie,6.5,102,2011,"Horror, Thriller, Drama, Mystery",72529,"2011-11-11","Nick Murphy"
tt1856101,8,2023-11-13,"Blade Runner 2049","Blade Runner 2049",https://www.imdb.com/title/tt1856101,Movie,8.0,164,2017,"Sci-Fi, Thriller, Action, Drama, Mystery",765760,"2017-10-06","Denis Villeneuve"
tt15398776,7,2023-11-13,"Oppenheimer","Oppenheimer",https://www.imdb.com/title/tt15398776,Movie,8.2,180,2023,"Biography, Drama, History",1089164,"2023-07-21","Christopher Nolan"
tt1731141,8,2023-11-05,"Ender's Game","Ender's Game",https://www.imdb.com/title/tt1731141,Movie,6.6,114,2013,"Sci-Fi, Action, Adventure",266272,"2013-11-01","Gavin Hood"
tt0319262,7,2023-11-05,"The Day After Tomorrow","The Day After Tomorrow",https://www.imdb.com/title/tt0319262,Movie,6.5,124,2004,"Action, Adventure, Sci-Fi, Thriller",516541,"2004-05-28","Roland Emmerich"
tt2798920,7,2023-11-04,"Annihilation","Annihilation",https://www.imdb.com/title/tt2798920,Movie,6.8,115,2018,"Sci-Fi, Thriller, Drama, Mystery, Adventure, Horror",397692,"2018-02-23","Alex Garland"
tt0099674,5,2023-10-24,"The Godfather Part III","The Godfather Part III",https://www.imdb.com/title/tt0099674,Movie,7.5,162,1990,"Crime, Drama",459538,"1990-12-25","Francis Ford Coppola"
tt0113824,8,2023-10-19,"Whisper of the Heart","Mimi o sumaseba",https://www.imdb.com/title/tt0113824,Movie,7.8,111,1995,"Animation, Family, Romance, Drama",84503,"1996-12-13","Yoshifumi Kondō"
tt1568921,7,2023-10-09,"The Secret World of Arrietty","Karigurashi no Arietti",https://www.imdb.com/title/tt1568921,Movie,7.6,94,2010,"Animation, Fantasy, Family, Adventure, Drama",118747,"2012-02-17","Hiromasa Yonebayashi"
tt7236034,7,2023-10-09,"I Want to Eat Your Pancreas","Kimi no suizô o tabetai",https://www.imdb.com/title/tt7236034,Movie,8.1,109,2018,"Animation, Drama, Romance",37813,"2018-09-01","Shin'ichirô Ushijima"
tt0104652,7,2023-10-09,"Porco Rosso","Kurenai no buta",https://www.imdb.com/title/tt0104652,Movie,7.7,94,1992,"Animation, Comedy, Adventure, Fantasy",118319,"1994-12-16","Hayao Miyazaki"
tt2013293,7,2023-10-09,"The Wind Rises","Kaze tachinu",https://www.imdb.com/title/tt2013293,Movie,7.8,126,2013,"Animation, Biography, Drama, Romance, War, History",114844,"2014-02-21","Hayao Miyazaki"
tt2591814,7,2023-10-09,"The Garden of Words","Kotonoha no niwa",https://www.imdb.com/title/tt2591814,Movie,7.4,46,2013,"Animation, Romance, Drama",61309,"2013-05-31","Makoto Shinkai"
tt15765670,7,2023-10-09,"My Dress-Up Darling","Sono bisuku dôru wa koi o suru",https://www.imdb.com/title/tt15765670,TV Series,7.9,24,2022,"Animation, Comedy, Romance",28708,"2022-01-08",
tt16492636,8,2023-10-09,"Demon Slayer: Kimetsu no Yaiba - Asakusa Arc","Kimetsu no Yaiba: Asakusa-hen",https://www.imdb.com/title/tt16492636,Movie,8.4,103,2021,"Animation, Action, Fantasy",5658,"2021-10-07","Haruo Sotozaki"
tt9426210,9,2023-10-09,"Weathering with You","Tenki no ko",https://www.imdb.com/title/tt9426210,Movie,7.5,112,2019,"Animation, Fantasy, Romance, Drama",71954,"2020-01-17","Makoto Shinkai"
tt0097814,7,2023-10-09,"Kiki's Delivery Service","Majo no takkyûbin",https://www.imdb.com/title/tt0097814,Movie,7.8,103,1989,"Animation, Family, Fantasy",191156,"1990-12-20","Hayao Miyazaki"
tt5323662,9,2023-10-09,"A Silent Voice: The Movie","Koe no katachi",https://www.imdb.com/title/tt5323662,Movie,8.2,130,2016,"Animation, Drama",148441,"2016-09-17","Naoko Yamada"
tt26537229,8,2023-10-09,"Demon Slayer: Kimetsu No Yaiba - To the Swordsmith Village","Kimetsu no Yaiba Katanakaji no Sato-hen",https://www.imdb.com/title/tt26537229,Movie,7.7,110,2023,"Animation, Action, Adventure, Fantasy, Thriller",17972,"2023-03-03","Haruo Sotozaki"
tt13196080,8,2023-10-09,"Tokyo Revengers","Tôkyô Ribenjâzu",https://www.imdb.com/title/tt13196080,TV Series,7.7,24,2021,"Animation, Action, Drama",34359,"2021-04-10",
tt0096283,8,2023-10-09,"My Neighbor Totoro","Tonari no Totoro",https://www.imdb.com/title/tt0096283,Movie,8.1,86,1988,"Animation, Family, Comedy, Adventure, Fantasy",438267,"1990-07-13","Hayao Miyazaki"
tt14888874,8,2023-10-09,"Demon Slayer: Kimetsu no Yaiba - Mt. Natagumo Arc","Kimetsu no Yaiba: Natagumo Yama-hen",https://www.imdb.com/title/tt14888874,Movie,8.7,138,2020,"Animation, Action, Fantasy",18907,"2020-10-17","Haruo Sotozaki"
tt0347149,8,2023-10-09,"Howl's Moving Castle","Hauru no ugoku shiro",https://www.imdb.com/title/tt0347149,Movie,8.2,119,2004,"Animation, Adventure, Family, Fantasy",519952,"2005-06-17","Hayao Miyazaki"
tt14331144,8,2023-10-09,"Jujutsu Kaisen 0","Gekijô-ban Jujutsu Kaisen Zero",https://www.imdb.com/title/tt14331144,Movie,7.8,112,2021,"Animation, Action, Fantasy",66209,"2022-03-18","Sunghoo Park"
tt11032374,8,2023-10-09,"Demon Slayer: Kimetsu no Yaiba - The Movie: Mugen Train","Gekijô-ban Kimetsu no Yaiba Mugen Ressha-hen",https://www.imdb.com/title/tt11032374,Movie,8.2,117,2020,"Animation, Action, Adventure, Fantasy, Thriller",102862,"2021-04-23","Haruo Sotozaki"
tt3741634,9,2023-10-09,"Tokyo Ghoul","Tokyo Ghoul",https://www.imdb.com/title/tt3741634,TV Mini Series,7.7,24,2014,"Animation, Action, Drama, Fantasy, Horror, Thriller",84716,"2014-07-03",
tt16492678,8,2023-10-09,"Demon Slayer: Kimetsu no Yaiba - Tsuzumi Mansion Arc","Kimetsu no Yaiba: Tsuzumi Yashiki-hen",https://www.imdb.com/title/tt16492678,Movie,8.4,87,2021,"Animation, Action, Fantasy",36773,"2021-10-07","Haruo Sotozaki"
tt6517102,7,2023-10-09,"Castlevania","Castlevania",https://www.imdb.com/title/tt6517102,TV Series,8.3,23,2017,"Animation, Action, Adventure, Fantasy, Horror, Drama",96157,"2017-07-07",
tt0409591,8,2023-10-09,"Naruto","Naruto",https://www.imdb.com/title/tt0409591,TV Series,8.4,24,2002,"Animation, Action, Comedy, Adventure, Fantasy",172426,"2005-09-10",
tt12343534,8,2023-10-09,"Jujutsu Kaisen","Jujutsu Kaisen",https://www.imdb.com/title/tt12343534,TV Series,8.5,24,2020,"Animation, Action, Adventure, Fantasy, Thriller",218386,"2020-10-02",
tt9335498,9,2023-10-09,"Demon Slayer: Kimetsu no Yaiba","Kimetsu no Yaiba",https://www.imdb.com/title/tt9335498,TV Series,8.5,24,2019,"Animation, Action, Fantasy, Thriller, Adventure",234643,"2021-01-22",
tt0417299,8,2023-10-09,"Avatar: The Last Airbender","Avatar: The Last Airbender",https://www.imdb.com/title/tt0417299,TV Series,9.3,23,2005,"Animation, Adventure, Family, Fantasy, Action, Mystery",453363,"2005-02-21",
tt2306299,8,2023-10-09,"Vikings","Vikings",https://www.imdb.com/title/tt2306299,TV Series,8.5,45,2013,"Action, Drama, History, War, Romance, Adventure",648240,"2013-03-03",
tt0903747,6,2023-10-09,"Breaking Bad","Breaking Bad",https://www.imdb.com/title/tt0903747,TV Series,9.5,48,2008,"Drama, Crime, Thriller",2663988,"2008-01-20",
tt2560140,9,2023-10-09,"Attack on Titan","Shingeki no kyojin",https://www.imdb.com/title/tt2560140,TV Series,9.1,24,2013,"Animation, Fantasy, Horror, Adventure, Drama, Action",740170,"2013-09-28",
tt0944947,9,2023-10-09,"Game of Thrones","Game of Thrones",https://www.imdb.com/title/tt0944947,TV Series,9.2,60,2011,"Fantasy, Drama",2652409,"2011-04-17",
tt7366338,9,2023-10-09,"Chernobyl","Chernobyl",https://www.imdb.com/title/tt7366338,TV Mini Series,9.3,60,2019,"Drama, History, Thriller",1058913,"2019-05-06",
tt11126994,9,2023-10-09,"Arcane","Arcane: League of Legends",https://www.imdb.com/title/tt11126994,TV Series,9.0,40,2021,"Animation, Action, Adventure, Drama, Fantasy, Sci-Fi",454232,"2021-11-06",
tt0877057,7,2023-10-09,"Death Note","Death Note: Desu nôto",https://www.imdb.com/title/tt0877057,TV Series,8.9,24,2006,"Animation, Mystery, Crime, Thriller, Fantasy, Drama",495474,"2007-10-20",
tt2861424,8,2023-10-09,"Rick and Morty","Rick and Morty",https://www.imdb.com/title/tt2861424,TV Series,9.0,23,2013,"Animation, Adventure, Comedy, Sci-Fi",708951,"2013-12-02",
tt8772296,8,2023-10-09,"Euphoria","Euphoria",https://www.imdb.com/title/tt8772296,TV Series,8.1,60,2019,"Drama",322859,"2019-06-16",
tt5753856,8,2023-10-09,"Dark","Dark",https://www.imdb.com/title/tt5753856,TV Series,8.7,60,2017,"Mystery, Crime, Drama, Thriller, Sci-Fi",558714,"2017-12-01",
tt6468322,8,2023-10-09,"Money Heist","La casa de papel",https://www.imdb.com/title/tt6468322,TV Series,8.2,60,2017,"Thriller, Crime, Mystery, Action, Drama",616934,"2017-05-02",
tt10048342,8,2023-10-09,"The Queen's Gambit","The Queen's Gambit",https://www.imdb.com/title/tt10048342,TV Mini Series,8.5,60,2020,"Drama",675342,"2020-10-23",
tt10919420,8,2023-10-09,"Squid Game","Ojing-eo geim",https://www.imdb.com/title/tt10919420,TV Series,7.9,60,2021,"Mystery, Thriller, Drama, Action, Crime",773661,"2021-09-17",
tt6257970,8,2023-10-09,"The End of the F***ing World","The End of the F***ing World",https://www.imdb.com/title/tt6257970,TV Series,8.0,25,2017,"Comedy, Drama, Adventure, Romance, Crime, Thriller",248947,"2017-10-24",
tt4574334,8,2023-10-09,"Stranger Things","Stranger Things",https://www.imdb.com/title/tt4574334,TV Series,8.6,60,2016,"Drama, Horror, Thriller, Sci-Fi, Mystery, Fantasy",1731449,"2016-07-15",
tt2442560,8,2023-10-09,"Peaky Blinders","Peaky Blinders",https://www.imdb.com/title/tt2442560,TV Series,8.7,60,2013,"Drama, Crime",789581,"2014-09-30",
tt0071562,6,2023-10-07,"The Godfather Part II","The Godfather Part II",https://www.imdb.com/title/tt0071562,Movie,9.0,202,1974,"Crime, Drama",1509065,"1974-12-18","Francis Ford Coppola"
tt0068646,7,2023-10-06,"The Godfather","The Godfather",https://www.imdb.com/title/tt0068646,Movie,9.2,175,1972,"Crime, Drama",2249727,"1972-03-24","Francis Ford Coppola"
tt8503618,2,2023-10-06,"Hamilton","Hamilton",https://www.imdb.com/title/tt8503618,Movie,8.3,160,2020,"Musical, Drama, Biography, History",142169,"2020-07-03","Thomas Kail"
tt5311514,8,2023-10-06,"Your Name.","Kimi no na wa.",https://www.imdb.com/title/tt5311514,Movie,8.4,106,2016,"Animation, Drama, Romance, Fantasy",402505,"2017-04-07","Makoto Shinkai"
tt0119217,8,2023-10-06,"Good Will Hunting","Good Will Hunting",https://www.imdb.com/title/tt0119217,Movie,8.4,126,1997,"Romance, Drama",1237125,"1998-01-09","Gus Van Sant"
tt0119698,7,2023-10-06,"Princess Mononoke","Mononoke-hime",https://www.imdb.com/title/tt0119698,Movie,8.3,133,1997,"Animation, Adventure, Fantasy",489373,"1997-07-12","Hayao Miyazaki"
tt0910970,8,2023-10-06,"WALL·E","WALL·E",https://www.imdb.com/title/tt0910970,Movie,8.4,98,2008,"Animation, Sci-Fi, Adventure, Family",1337754,"2008-06-27","Andrew Stanton"
tt0095327,8,2023-10-06,"Grave of the Fireflies","Hotaru no haka",https://www.imdb.com/title/tt0095327,Movie,8.5,88,1988,"Animation, Drama, War",394124,"1989-07-26","Isao Takahata"
tt0482571,8,2023-10-06,"The Prestige","The Prestige",https://www.imdb.com/title/tt0482571,Movie,8.5,130,2006,"Drama, Thriller, Mystery, Sci-Fi",1618911,"2006-10-20","Christopher Nolan"
tt0245429,8,2023-10-06,"Spirited Away","Sen to Chihiro no kamikakushi",https://www.imdb.com/title/tt0245429,Movie,8.6,124,2001,"Animation, Family, Adventure, Fantasy",981437,"2003-03-28","Hayao Miyazaki"
tt1446192,8,2023-10-06,"Rise of the Guardians","Rise of the Guardians",https://www.imdb.com/title/tt1446192,Movie,7.2,97,2012,"Animation, Adventure, Comedy, Family, Fantasy, Action, Drama, Sci-Fi",211155,"2012-11-21","Peter Ramsey"
tt0892769,8,2023-10-06,"How to Train Your Dragon","How to Train Your Dragon",https://www.imdb.com/title/tt0892769,Movie,8.1,98,2010,"Animation, Adventure, Fantasy, Family, Action",906213,"2010-03-26","Dean DeBlois,Chris Sanders"
tt1646971,7,2023-10-06,"How to Train Your Dragon 2","How to Train Your Dragon 2",https://www.imdb.com/title/tt1646971,Movie,7.8,102,2014,"Animation, Fantasy, Adventure, Action, Family, Comedy",406302,"2014-06-13","Dean DeBlois"
tt4786282,6,2023-10-06,"Lights Out","Lights Out",https://www.imdb.com/title/tt4786282,Movie,6.3,81,2016,"Horror, Mystery",153891,"2016-07-22","David F. Sandberg"
tt1179904,6,2023-10-06,"Paranormal Activity","Paranormal Activity",https://www.imdb.com/title/tt1179904,Movie,6.3,86,2007,"Horror, Mystery",274009,"2009-10-16","Oren Peli"
tt1259521,6,2023-10-06,"The Cabin in the Woods","The Cabin in the Woods",https://www.imdb.com/title/tt1259521,Movie,7.0,95,2011,"Horror, Mystery, Thriller",494698,"2012-04-13","Drew Goddard"
tt0298130,6,2023-10-06,"The Ring","The Ring",https://www.imdb.com/title/tt0298130,Movie,7.1,115,2002,"Mystery, Horror",405742,"2002-10-18","Gore Verbinski"
tt5726086,6,2023-10-06,"Insidious: The Last Key","Insidious: The Last Key",https://www.imdb.com/title/tt5726086,Movie,5.7,103,2018,"Mystery, Horror, Thriller",81810,"2018-01-05","Adam Robitel"
tt3195644,6,2023-10-06,"Insidious: Chapter 3","Insidious: Chapter 3",https://www.imdb.com/title/tt3195644,Movie,6.1,97,2015,"Horror, Thriller, Mystery",130226,"2015-06-05","Leigh Whannell"
tt2226417,6,2023-10-06,"Insidious: Chapter 2","Insidious: Chapter 2",https://www.imdb.com/title/tt2226417,Movie,6.6,106,2013,"Horror, Thriller, Mystery",205015,"2013-09-13","James Wan"
tt1591095,6,2023-10-06,"Insidious","Insidious",https://www.imdb.com/title/tt1591095,Movie,6.8,103,2010,"Horror, Mystery, Thriller",371379,"2011-04-01","James Wan"
tt10838180,6,2023-10-04,"The Matrix Resurrections","The Matrix Resurrections",https://www.imdb.com/title/tt10838180,Movie,5.6,148,2021,"Action, Sci-Fi",306040,"2021-12-22","Lana Wachowski"
tt13560574,5,2023-10-02,"X","X",https://www.imdb.com/title/tt13560574,Movie,6.5,105,2022,"Horror, Thriller, Mystery",227730,"2022-03-18","Ti West"
tt0167260,8,2023-10-02,"The Lord of the Rings: The Return of the King","The Lord of the Rings: The Return of the King",https://www.imdb.com/title/tt0167260,Movie,9.0,201,2003,"Drama, Adventure, Fantasy",2187204,"2003-12-17","Peter Jackson"
tt0109830,8,2023-10-02,"Forrest Gump","Forrest Gump",https://www.imdb.com/title/tt0109830,Movie,8.8,142,1994,"Romance, Drama",2527198,"1994-07-06","Robert Zemeckis"
tt0108052,9,2023-10-02,"Schindler's List","Schindler's List",https://www.imdb.com/title/tt0108052,Movie,9.0,196,1993,"Biography, History, Drama",1599249,"1994-02-04","Steven Spielberg"
tt2267968,6,2023-10-02,"Kung Fu Panda 3","Kung Fu Panda 3",https://www.imdb.com/title/tt2267968,Movie,7.1,95,2016,"Animation, Comedy, Action, Adventure, Family, Fantasy",222655,"2016-01-29","Alessandro Carloni,Jennifer Yuh Nelson"
tt1302011,7,2023-10-02,"Kung Fu Panda 2","Kung Fu Panda 2",https://www.imdb.com/title/tt1302011,Movie,7.3,90,2011,"Animation, Comedy, Action, Family, Adventure, Fantasy, Drama",362694,"2011-05-26","Jennifer Yuh Nelson"
tt0441773,7,2023-10-02,"Kung Fu Panda","Kung Fu Panda",https://www.imdb.com/title/tt0441773,Movie,7.6,92,2008,"Animation, Comedy, Action, Adventure, Family, Fantasy",588534,"2008-06-06","Mark Osborne,John Stevenson"
tt2557478,7,2023-09-28,"Pacific Rim: Uprising","Pacific Rim: Uprising",https://www.imdb.com/title/tt2557478,Movie,5.6,111,2018,"Action, Sci-Fi, Adventure",138779,"2018-03-23","Steven S. DeKnight"
tt1663662,8,2023-09-28,"Pacific Rim","Pacific Rim",https://www.imdb.com/title/tt1663662,Movie,6.9,131,2013,"Sci-Fi, Action, Adventure",563121,"2013-07-12","Guillermo del Toro"
tt0448115,4,2023-09-28,"Shazam!","Shazam!",https://www.imdb.com/title/tt0448115,Movie,7.0,132,2019,"Fantasy, Action, Adventure, Comedy",417504,"2019-04-05","David F. Sandberg"
tt0133093,8,2023-09-28,"The Matrix","The Matrix",https://www.imdb.com/title/tt0133093,Movie,8.7,136,1999,"Action, Sci-Fi",2271677,"1999-03-31","Lana Wachowski,Lilly Wachowski"
tt0242653,8,2023-09-28,"The Matrix Revolutions","The Matrix Revolutions",https://www.imdb.com/title/tt0242653,Movie,6.7,129,2003,"Action, Sci-Fi",579187,"2003-11-05","Lana Wachowski,Lilly Wachowski"
tt0234215,8,2023-09-28,"The Matrix Reloaded","The Matrix Reloaded",https://www.imdb.com/title/tt0234215,Movie,7.2,138,2003,"Action, Sci-Fi",675455,"2003-05-15","Lana Wachowski,Lilly Wachowski"
tt6146586,8,2023-09-28,"John Wick: Chapter 3 - Parabellum","John Wick: Chapter 3 - Parabellum",https://www.imdb.com/title/tt6146586,Movie,7.4,130,2019,"Action, Thriller, Crime",486791,"2019-05-17","Chad Stahelski"
tt4425200,8,2023-09-28,"John Wick: Chapter 2","John Wick: Chapter 2",https://www.imdb.com/title/tt4425200,Movie,7.4,122,2017,"Action, Thriller, Crime",577241,"2017-02-10","Chad Stahelski"
tt2911666,9,2023-09-28,"John Wick","John Wick",https://www.imdb.com/title/tt2911666,Movie,7.5,101,2014,"Action, Thriller, Crime",838265,"2014-10-24","Chad Stahelski"
tt10366206,7,2023-09-28,"John Wick: Chapter 4","John Wick: Chapter 4",https://www.imdb.com/title/tt10366206,Movie,7.6,169,2023,"Action, Crime, Thriller",418160,"2023-03-24","Chad Stahelski"
tt7767422,8,2023-09-27,"Sex Education","Sex Education",https://www.imdb.com/title/tt7767422,TV Series,8.2,60,2019,"Drama, Comedy, Romance",402761,"2019-01-11",
tt10954600,7,2023-09-27,"Ant-Man and the Wasp: Quantumania","Ant-Man and the Wasp: Quantumania",https://www.imdb.com/title/tt10954600,Movie,6.0,124,2023,"Action, Adventure, Comedy, Sci-Fi",277027,"2023-02-17","Peyton Reed"
tt1375666,8,2023-09-25,"Inception","Inception",https://www.imdb.com/title/tt1375666,Movie,8.8,148,2010,"Sci-Fi, Thriller, Adventure",2859233,"2010-07-16","Christopher Nolan"
tt3890160,7,2023-09-25,"Baby Driver","Baby Driver",https://www.imdb.com/title/tt3890160,Movie,7.5,113,2017,"Action, Music, Crime, Drama, Romance, Thriller",692996,"2017-06-28","Edgar Wright"
tt8579674,8,2023-09-25,"1917","1917",https://www.imdb.com/title/tt8579674,Movie,8.2,119,2019,"War, Drama",783300,"2020-01-10","Sam Mendes"
tt2713180,8,2023-09-25,"Fury","Fury",https://www.imdb.com/title/tt2713180,Movie,7.6,134,2014,"Action, Drama, War",616811,"2014-10-17","David Ayer"
tt5013056,8,2023-09-25,"Dunkirk","Dunkirk",https://www.imdb.com/title/tt5013056,Movie,7.8,106,2017,"War, Drama, Action, History, Thriller",823864,"2017-07-21","Christopher Nolan"
tt3659388,8,2023-09-21,"The Martian","The Martian",https://www.imdb.com/title/tt3659388,Movie,8.0,144,2015,"Sci-Fi, Adventure, Drama",1026658,"2015-10-02","Ridley Scott"
tt1457767,8,2023-09-21,"The Conjuring","The Conjuring",https://www.imdb.com/title/tt1457767,Movie,7.5,112,2013,"Horror, Mystery, Thriller",630953,"2013-07-19","James Wan"
tt2543164,7,2023-09-21,"Arrival","Arrival",https://www.imdb.com/title/tt2543164,Movie,7.9,116,2016,"Sci-Fi, Drama, Mystery",876522,"2016-11-11","Denis Villeneuve"
tt3741700,8,2023-09-21,"Godzilla: King of the Monsters","Godzilla: King of the Monsters",https://www.imdb.com/title/tt3741700,Movie,6.0,132,2019,"Action, Adventure, Sci-Fi, Fantasy",231791,"2019-05-31","Michael Dougherty"
tt5034838,8,2023-09-21,"Godzilla vs. Kong","Godzilla vs. Kong",https://www.imdb.com/title/tt5034838,Movie,6.3,113,2021,"Sci-Fi, Action, Thriller",270301,"2021-03-31","Adam Wingard"
tt9777666,7,2023-09-21,"The Tomorrow War","The Tomorrow War",https://www.imdb.com/title/tt9777666,Movie,6.6,138,2021,"Action, Sci-Fi, Adventure, Thriller, Drama",257027,"2021-07-02","Chris McKay"
tt7737786,7,2023-09-21,"Greenland","Greenland",https://www.imdb.com/title/tt7737786,Movie,6.4,119,2020,"Thriller, Action, Adventure",175527,"2021-05-08","Ric Roman Waugh"
tt5700672,7,2023-09-19,"Train to Busan","Busanhaeng",https://www.imdb.com/title/tt5700672,Movie,7.6,118,2016,"Horror, Thriller, Action",313422,"2016-07-20","Yeon Sang-ho"
tt7139936,4,2023-09-18,"A Rainy Day in New York","A Rainy Day in New York",https://www.imdb.com/title/tt7139936,Movie,6.4,92,2019,"Comedy, Romance",58966,"2020-11-10","Woody Allen"
tt7713068,7,2023-09-13,"Birds of Prey and the Fantabulous Emancipation of One Harley Quinn","Birds of Prey (and the Fantabulous Emancipation of One Harley Quinn)",https://www.imdb.com/title/tt7713068,Movie,6.1,109,2020,"Action, Crime, Comedy",284931,"2020-02-07","Cathy Yan"
tt12361974,8,2023-09-13,"Zack Snyder's Justice League","Zack Snyder's Justice League",https://www.imdb.com/title/tt12361974,Movie,7.9,242,2021,"Adventure, Fantasy, Sci-Fi",478736,"2021-03-18","Zack Snyder"
tt9419884,8,2023-09-13,"Doctor Strange in the Multiverse of Madness","Doctor Strange in the Multiverse of Madness",https://www.imdb.com/title/tt9419884,Movie,6.8,126,2022,"Action, Fantasy, Adventure, Sci-Fi",556681,"2022-05-06","Sam Raimi"
tt9376612,6,2023-09-13,"Shang-Chi and the Legend of the Ten Rings","Shang-Chi and the Legend of the Ten Rings",https://www.imdb.com/title/tt9376612,Movie,7.3,132,2021,"Action, Adventure, Fantasy, Sci-Fi",498806,"2021-09-03","Destin Daniel Cretton"
tt3480822,7,2023-09-13,"Black Widow","Black Widow",https://www.imdb.com/title/tt3480822,Movie,6.6,134,2021,"Action, Adventure, Sci-Fi",486858,"2021-07-09","Cate Shortland"
tt7286456,8,2023-09-13,"Joker","Joker",https://www.imdb.com/title/tt7286456,Movie,8.3,122,2019,"Drama",1719762,"2019-10-04","Todd Phillips"
tt4154664,7,2023-09-13,"Captain Marvel","Captain Marvel",https://www.imdb.com/title/tt4154664,Movie,6.7,123,2019,"Action, Adventure, Sci-Fi",669973,"2019-03-08","Anna Boden,Ryan Fleck"
tt6320628,6,2023-09-13,"Spider-Man: Far from Home","Spider-Man: Far from Home",https://www.imdb.com/title/tt6320628,Movie,7.3,129,2019,"Action, Adventure, Sci-Fi, Comedy, Fantasy",670020,"2019-07-02","Jon Watts"
tt4154796,8,2023-09-13,"Avengers: Endgame","Avengers: Endgame",https://www.imdb.com/title/tt4154796,Movie,8.4,181,2019,"Action, Sci-Fi, Adventure",1479326,"2019-04-26","Anthony Russo,Joe Russo"
tt0451279,7,2023-09-13,"Wonder Woman","Wonder Woman",https://www.imdb.com/title/tt0451279,Movie,7.3,141,2017,"Action, Adventure, Fantasy, Sci-Fi, War",740182,"2017-06-02","Patty Jenkins"
tt1825683,6,2023-09-13,"Black Panther","Black Panther",https://www.imdb.com/title/tt1825683,Movie,7.3,134,2018,"Action, Adventure, Sci-Fi",922901,"2018-02-16","Ryan Coogler"
tt6644200,7,2023-09-13,"A Quiet Place","A Quiet Place",https://www.imdb.com/title/tt6644200,Movie,7.5,90,2018,"Drama, Horror, Sci-Fi",667392,"2018-04-06","John Krasinski"
tt2250912,6,2023-09-13,"Spider-Man: Homecoming","Spider-Man: Homecoming",https://www.imdb.com/title/tt2250912,Movie,7.4,133,2017,"Action, Sci-Fi, Adventure",830449,"2017-07-07","Jon Watts"
tt4154756,8,2023-09-13,"Avengers: Infinity War","Avengers: Infinity War",https://www.imdb.com/title/tt4154756,Movie,8.4,149,2018,"Action, Sci-Fi, Adventure",1402654,"2018-04-27","Anthony Russo,Joe Russo"
tt3501632,7,2023-09-13,"Thor: Ragnarok","Thor: Ragnarok",https://www.imdb.com/title/tt3501632,Movie,7.9,130,2017,"Action, Sci-Fi, Adventure, Comedy, Fantasy",909105,"2017-11-03","Taika Waititi"
tt1211837,8,2023-09-13,"Doctor Strange","Doctor Strange",https://www.imdb.com/title/tt1211837,Movie,7.5,115,2016,"Fantasy, Adventure, Action, Sci-Fi",893701,"2016-11-04","Scott Derrickson"
tt7349950,6,2023-09-13,"It: Chapter Two","It: Chapter Two",https://www.imdb.com/title/tt7349950,Movie,6.5,169,2019,"Horror, Drama, Fantasy",361368,"2019-09-06","Andy Muschietti"
tt3896198,7,2023-09-13,"Guardians of the Galaxy: Vol. 2","Guardians of the Galaxy Vol. 2",https://www.imdb.com/title/tt3896198,Movie,7.6,136,2017,"Action, Sci-Fi, Adventure, Comedy, Fantasy, Music",842604,"2017-05-05","James Gunn"
tt1396484,8,2023-09-13,"It","It",https://www.imdb.com/title/tt1396484,Movie,7.3,135,2017,"Horror",706992,"2017-09-08","Andy Muschietti"
tt7069210,6,2023-09-13,"The Conjuring: The Devil Made Me Do It","The Conjuring: The Devil Made Me Do It",https://www.imdb.com/title/tt7069210,Movie,6.2,112,2021,"Horror, Mystery, Thriller",172767,"2021-06-04","Michael Chaves"
tt3065204,7,2023-09-13,"The Conjuring 2","The Conjuring 2",https://www.imdb.com/title/tt3065204,Movie,7.3,134,2016,"Horror, Mystery, Thriller",348064,"2016-06-10","James Wan"
tt5140878,7,2023-09-13,"Annabelle: Creation","Annabelle: Creation",https://www.imdb.com/title/tt5140878,Movie,6.5,109,2017,"Horror, Thriller, Mystery",172362,"2017-08-11","David F. Sandberg"
tt6198946,6,2023-09-13,"The Hole in the Ground","The Hole in the Ground",https://www.imdb.com/title/tt6198946,Movie,5.7,90,2019,"Horror, Mystery, Drama, Thriller",25275,"2019-02-26","Lee Cronin"
tt0421715,6,2023-08-17,"The Curious Case of Benjamin Button","The Curious Case of Benjamin Button",https://www.imdb.com/title/tt0421715,Movie,7.8,166,2008,"Romance, Drama, Fantasy",752817,"2008-12-25","David Fincher"
tt0765010,6,2023-08-15,"Brothers","Brothers",https://www.imdb.com/title/tt0765010,Movie,7.1,105,2009,"Drama, War, Thriller",175938,"2009-12-04","Jim Sheridan"
tt7653254,6,2023-08-14,"Marriage Story","Marriage Story",https://www.imdb.com/title/tt7653254,Movie,7.9,137,2019,"Drama, Romance",374634,"2019-12-06","Noah Baumbach"
tt4916630,8,2023-08-13,"Just Mercy","Just Mercy",https://www.imdb.com/title/tt4916630,Movie,7.6,137,2019,"Drama, Biography, Crime",85705,"2020-01-10","Destin Daniel Cretton"
tt1245112,7,2023-08-07,"[Rec]²","(Rec)²",https://www.imdb.com/title/tt1245112,Movie,6.5,85,2009,"Horror, Thriller",85451,"2009-10-02","Jaume Balagueró,Paco Plaza"
tt1038988,8,2023-08-04,"REC","[Rec]",https://www.imdb.com/title/tt1038988,Movie,7.4,78,2007,"Horror, Thriller, Mystery",219631,"2007-11-23","Jaume Balagueró,Paco Plaza"
tt2388715,5,2023-08-03,"Oculus","Oculus",https://www.imdb.com/title/tt2388715,Movie,6.6,104,2013,"Horror, Mystery, Thriller",151115,"2014-04-11","Mike Flanagan"
tt0230600,1,2023-08-03,"The Others","The Others",https://www.imdb.com/title/tt0230600,Movie,7.6,104,2001,"Mystery, Thriller, Horror",430877,"2001-08-10","Alejandro Amenábar"
tt0831387,7,2023-08-02,"Godzilla","Godzilla",https://www.imdb.com/title/tt0831387,Movie,6.4,123,2014,"Action, Sci-Fi, Adventure, Thriller",467648,"2014-05-16","Gareth Edwards"
tt1399103,7,2023-08-02,"Transformers: Dark of the Moon","Transformers: Dark of the Moon",https://www.imdb.com/title/tt1399103,Movie,6.2,154,2011,"Action, Adventure, Sci-Fi, Comedy, Thriller",459485,"2011-06-29","Michael Bay"
tt0437086,7,2023-08-02,"Alita: Battle Angel","Alita: Battle Angel",https://www.imdb.com/title/tt0437086,Movie,7.3,122,2019,"Sci-Fi, Action, Thriller, Adventure",326609,"2019-02-14","Robert Rodriguez"
tt0356910,6,2023-08-02,"Mr. & Mrs. Smith","Mr. & Mrs. Smith",https://www.imdb.com/title/tt0356910,Movie,6.5,120,2005,"Comedy, Crime, Thriller, Action",600714,"2005-06-10","Doug Liman"
tt1823672,6,2023-08-02,"Chappie","Chappie",https://www.imdb.com/title/tt1823672,Movie,6.8,120,2015,"Action, Thriller, Sci-Fi, Crime, Drama",285554,"2015-03-06","Neill Blomkamp"
tt1535108,6,2023-08-02,"Elysium","Elysium",https://www.imdb.com/title/tt1535108,Movie,6.6,109,2013,"Drama, Sci-Fi, Action, Thriller",494470,"2013-08-09","Neill Blomkamp"
tt1637688,7,2023-08-02,"In Time","In Time",https://www.imdb.com/title/tt1637688,Movie,6.7,109,2011,"Sci-Fi, Thriller, Action",487720,"2011-10-28","Andrew Niccol"
tt1631867,7,2023-08-02,"Edge of Tomorrow","Edge of Tomorrow",https://www.imdb.com/title/tt1631867,Movie,7.9,113,2014,"Action, Sci-Fi, Adventure",813437,"2014-06-06","Doug Liman"
tt2872732,6,2023-08-02,"Lucy","Lucy",https://www.imdb.com/title/tt2872732,Movie,6.4,89,2014,"Action, Sci-Fi, Thriller",584652,"2014-07-25","Luc Besson"
tt0343818,6,2023-08-02,"I, Robot","I, Robot",https://www.imdb.com/title/tt0343818,Movie,7.1,115,2004,"Action, Mystery, Sci-Fi, Thriller",619769,"2004-07-16","Alex Proyas"
tt1677720,8,2023-08-02,"Ready Player One","Ready Player One",https://www.imdb.com/title/tt1677720,Movie,7.4,140,2018,"Sci-Fi, Action, Adventure",549524,"2018-03-29","Steven Spielberg"
tt0816711,8,2023-08-02,"World War Z","World War Z",https://www.imdb.com/title/tt0816711,Movie,7.0,116,2013,"Action, Adventure, Horror, Sci-Fi",792497,"2013-06-21","Marc Forster"
tt0480249,7,2023-08-02,"I Am Legend","I Am Legend",https://www.imdb.com/title/tt0480249,Movie,7.2,101,2007,"Drama, Sci-Fi, Thriller, Horror",886349,"2007-12-14","Francis Lawrence"
tt0167261,8,2023-08-02,"The Lord of the Rings: The Two Towers","The Lord of the Rings: The Two Towers",https://www.imdb.com/title/tt0167261,Movie,8.8,179,2002,"Drama, Adventure, Fantasy",1978285,"2002-12-18","Peter Jackson"
tt1355644,8,2023-08-02,"Passengers","Passengers",https://www.imdb.com/title/tt1355644,Movie,7.0,116,2016,"Sci-Fi, Drama, Thriller, Romance",504062,"2016-12-21","Morten Tyldum"
tt0433035,7,2023-08-02,"Real Steel","Real Steel",https://www.imdb.com/title/tt0433035,Movie,7.1,127,2011,"Drama, Sci-Fi, Sport, Action",383827,"2011-10-07","Shawn Levy"
tt3110958,6,2023-08-02,"Now You See Me 2","Now You See Me 2",https://www.imdb.com/title/tt3110958,Movie,6.4,129,2016,"Comedy, Thriller, Action, Adventure, Mystery, Crime",365132,"2016-06-10","Jon M. Chu"
tt2908446,7,2023-08-02,"The Divergent Series: Insurgent","The Divergent Series: Insurgent",https://www.imdb.com/title/tt2908446,Movie,6.2,119,2015,"Adventure, Sci-Fi, Thriller, Action, Romance",273615,"2015-03-20","Robert Schwentke"
tt1670345,6,2023-08-02,"Now You See Me","Now You See Me",https://www.imdb.com/title/tt1670345,Movie,7.2,115,2013,"Thriller, Crime, Mystery",777041,"2013-05-31","Louis Leterrier"
tt1840309,7,2023-08-02,"Divergent","Divergent",https://www.imdb.com/title/tt1840309,Movie,6.6,139,2014,"Mystery, Sci-Fi, Adventure, Action, Drama",521918,"2014-03-21","Neil Burger"
tt1951265,7,2023-08-02,"The Hunger Games: Mockingjay - Part 1","The Hunger Games: Mockingjay - Part 1",https://www.imdb.com/title/tt1951265,Movie,6.6,123,2014,"Sci-Fi, Adventure, Thriller, Action",552306,"2014-11-21","Francis Lawrence"
tt1951266,7,2023-08-02,"The Hunger Games: Mockingjay - Part 2","The Hunger Games: Mockingjay - Part 2",https://www.imdb.com/title/tt1951266,Movie,6.6,137,2015,"Sci-Fi, Thriller, Adventure, Action",420070,"2015-11-20","Francis Lawrence"
tt1951264,7,2023-08-02,"The Hunger Games: Catching Fire","The Hunger Games: Catching Fire",https://www.imdb.com/title/tt1951264,Movie,7.5,146,2013,"Sci-Fi, Thriller, Action, Adventure, Romance",781130,"2013-11-22","Francis Lawrence"
tt4500922,8,2023-08-02,"Maze Runner: The Death Cure","Maze Runner: The Death Cure",https://www.imdb.com/title/tt4500922,Movie,6.3,143,2018,"Sci-Fi, Action, Thriller, Adventure",195437,"2018-01-26","Wes Ball"
tt4046784,8,2023-08-02,"Maze Runner: The Scorch Trials","Maze Runner: The Scorch Trials",https://www.imdb.com/title/tt4046784,Movie,6.3,131,2015,"Action, Thriller, Sci-Fi, Adventure",311851,"2015-09-18","Wes Ball"
tt1790864,8,2023-08-02,"The Maze Runner","The Maze Runner",https://www.imdb.com/title/tt1790864,Movie,6.8,113,2014,"Sci-Fi, Mystery, Thriller, Action",570408,"2014-09-19","Wes Ball"
tt1392170,7,2023-08-02,"The Hunger Games","The Hunger Games",https://www.imdb.com/title/tt1392170,Movie,7.2,142,2012,"Adventure, Sci-Fi, Thriller, Action",1091935,"2012-03-23","Gary Ross"
tt0120737,8,2023-08-02,"The Lord of the Rings: The Fellowship of the Ring","The Lord of the Rings: The Fellowship of the Ring",https://www.imdb.com/title/tt0120737,Movie,8.9,178,2001,"Drama, Adventure, Fantasy",2230621,"2001-12-19","Peter Jackson"
tt4206510,8,2023-08-02,"The Maze Runner: Finding the Gang","The Maze Runner: Finding the Gang",https://www.imdb.com/title/tt4206510,Video,6.9,2,2014,"Documentary, Short",16328,"2014-12-16",
tt0903624,8,2023-08-02,"The Hobbit: An Unexpected Journey","The Hobbit: An Unexpected Journey",https://www.imdb.com/title/tt0903624,Movie,7.8,169,2012,"Fantasy, Adventure",935456,"2012-12-14","Peter Jackson"
tt2527336,7,2023-08-02,"Star Wars: Episode VIII - The Last Jedi","Star Wars: Episode VIII - The Last Jedi",https://www.imdb.com/title/tt2527336,Movie,6.8,152,2017,"Sci-Fi, Action, Adventure, Fantasy",725682,"2017-12-15","Rian Johnson"
tt7467820,8,2023-08-02,"Fantastic Beasts and Where to Find Them: Before Harry Potter","Fantastic Beasts and Where to Find Them: Before Harry Potter",https://www.imdb.com/title/tt7467820,Video,7.2,16,2017,"Short",27426,"2017-03-28","Josh Oreck"
tt2310332,8,2023-08-02,"The Hobbit: The Battle of the Five Armies","The Hobbit: The Battle of the Five Armies",https://www.imdb.com/title/tt2310332,Movie,7.4,144,2014,"Adventure, Fantasy",624014,"2014-12-17","Peter Jackson"
tt1170358,8,2023-08-02,"The Hobbit: The Desolation of Smaug","The Hobbit: The Desolation of Smaug",https://www.imdb.com/title/tt1170358,Movie,7.8,161,2013,"Fantasy, Adventure",760052,"2013-12-13","Peter Jackson"
tt4561226,8,2023-08-02,"The Hobbit: The Battle of Five Armies - New Zealand: Home of Middle-Earth - Part 3","The Hobbit: The Battle of Five Armies - New Zealand: Home of Middle-Earth - Part 3",https://www.imdb.com/title/tt4561226,Video,7.6,7,2015,"Documentary, Short",39477,"2015-03-24","Michael Pellerin"
tt8933914,7,2023-08-02,"Star Wars: Episode IV: A New Hope - Deleted Scenes","Star Wars: Episode IV: A New Hope - Deleted Scenes",https://www.imdb.com/title/tt8933914,Video,8.5,16,2011,"Short, Action, Drama, Sci-Fi, Adventure",10295,"2011-09-16",
tt12247528,7,2023-08-02,"Star Wars: Episode II - Attack of the Clones: Deleted Scenes","Star Wars: Episode II - Attack of the Clones: Deleted Scenes",https://www.imdb.com/title/tt12247528,Video,7.1,15,2002,"Short, Sci-Fi, Action, Fantasy",21566,"2002",
tt7467858,8,2023-08-02,"Fantastic Beasts and Where to Find Them: Newt","Fantastic Beasts and Where to Find Them: Newt",https://www.imdb.com/title/tt7467858,Video,7.2,4,2017,"Short",48437,"2017-03-28","Josh Oreck"
tt8925010,6,2023-08-02,"Star Wars: Episode VI - Return of the Jedi: Deleted Scenes","Star Wars: Episode VI - Return of the Jedi: Deleted Scenes",https://www.imdb.com/title/tt8925010,Video,8.4,9,2011,"Short, Action, Drama, Sci-Fi",22476,"2011-09-16",
tt8924990,6,2023-08-02,"Star Wars: Episode V - The Empire Strikes Back: Deleted Scenes","Star Wars: Episode V - The Empire Strikes Back: Deleted Scenes",https://www.imdb.com/title/tt8924990,Video,8.8,12,2011,"Short, Action, Drama, Sci-Fi",30686,"2011-09-16",
tt1981115,6,2023-08-02,"Thor: The Dark World","Thor: The Dark World",https://www.imdb.com/title/tt1981115,Movie,6.7,112,2013,"Action, Adventure, Fantasy, Sci-Fi",788936,"2013-11-08","Alan Taylor"
tt5118314,6,2023-08-02,"Star Wars: Episode III - The Return of Darth Vader","Star Wars: Episode III - The Return of Darth Vader",https://www.imdb.com/title/tt5118314,Video,7.6,9,2004,"Documentary, Short, Sci-Fi",29707,"2004-09-20",
tt0478970,5,2023-08-02,"Ant-Man","Ant-Man",https://www.imdb.com/title/tt0478970,Movie,7.2,117,2015,"Action, Sci-Fi, Comedy",791650,"2015-07-17","Peyton Reed"
tt2395427,5,2023-08-02,"Avengers: Age of Ultron","Avengers: Age of Ultron",https://www.imdb.com/title/tt2395427,Movie,7.3,141,2015,"Action, Adventure, Sci-Fi",1017327,"2015-05-01","Joss Whedon"
tt2015381,6,2023-08-02,"Guardians of the Galaxy","Guardians of the Galaxy",https://www.imdb.com/title/tt2015381,Movie,8.0,121,2014,"Sci-Fi, Action, Adventure, Comedy",1379784,"2014-08-01","James Gunn"
tt9140554,8,2023-08-02,"Loki","Loki",https://www.imdb.com/title/tt9140554,TV Series,8.2,50,2021,"Fantasy, Sci-Fi, Action, Adventure",482683,"2021-06-09",
tt3498820,8,2023-08-02,"Captain America: Civil War","Captain America: Civil War",https://www.imdb.com/title/tt3498820,Movie,7.8,147,2016,"Action, Sci-Fi",944658,"2016-05-06","Anthony Russo,Joe Russo"
tt2488496,8,2023-08-02,"Star Wars: Episode VII - The Force Awakens","Star Wars: Episode VII - The Force Awakens",https://www.imdb.com/title/tt2488496,Movie,7.7,138,2015,"Sci-Fi, Action, Adventure",1033812,"2015-12-18","J.J. Abrams"
tt1843866,6,2023-08-02,"Captain America: The Winter Soldier","Captain America: The Winter Soldier",https://www.imdb.com/title/tt1843866,Movie,7.7,136,2014,"Action, Adventure, Sci-Fi, Thriller",985654,"2014-04-04","Anthony Russo,Joe Russo"
tt0848228,7,2023-08-02,"The Avengers","The Avengers",https://www.imdb.com/title/tt0848228,Movie,8.0,143,2012,"Action, Sci-Fi",1577698,"2012-05-04","Joss Whedon"
tt5180504,8,2023-08-02,"The Witcher","The Witcher",https://www.imdb.com/title/tt5180504,TV Series,7.8,60,2019,"Adventure, Fantasy, Mystery, Action, Drama",624054,"2019-12-20",
tt0086190,7,2023-08-02,"Star Wars: Episode VI - Return of the Jedi","Star Wars: Episode VI - Return of the Jedi",https://www.imdb.com/title/tt0086190,Movie,8.3,131,1983,"Action, Sci-Fi, Adventure, Fantasy",1221304,"1983-05-25","Richard Marquand"
tt0458339,7,2023-08-02,"Captain America: The First Avenger","Captain America: The First Avenger",https://www.imdb.com/title/tt0458339,Movie,6.9,124,2011,"Action, Adventure, Sci-Fi",983109,"2011-07-22","Joe Johnston"
tt0121765,6,2023-08-02,"Star Wars: Episode II - Attack of the Clones","Star Wars: Episode II - Attack of the Clones",https://www.imdb.com/title/tt0121765,Movie,6.6,142,2002,"Fantasy, Sci-Fi, Adventure, Action",829701,"2002-05-16","George Lucas"
tt0800369,6,2023-08-02,"Thor","Thor",https://www.imdb.com/title/tt0800369,Movie,7.0,115,2011,"Action, Fantasy",980075,"2011-05-06","Kenneth Branagh"
tt1300854,7,2023-08-02,"Iron Man 3","Iron Man Three",https://www.imdb.com/title/tt1300854,Movie,7.1,130,2013,"Action, Adventure, Sci-Fi",980198,"2013-05-03","Shane Black"
tt0121766,6,2023-08-02,"Star Wars: Episode III - Revenge of the Sith","Star Wars: Episode III - Revenge of the Sith",https://www.imdb.com/title/tt0121766,Movie,7.7,140,2005,"Fantasy, Adventure, Sci-Fi, Action",932068,"2005-05-19","George Lucas"
tt5814060,8,2023-07-27,"The Nun","The Nun",https://www.imdb.com/title/tt5814060,Movie,5.4,96,2018,"Horror, Thriller, Mystery",198843,"2018-09-07","Corin Hardy"
tt1228705,8,2023-07-27,"Iron Man 2","Iron Man 2",https://www.imdb.com/title/tt1228705,Movie,6.9,124,2010,"Action, Sci-Fi",953609,"2010-05-07","Jon Favreau"
tt0800080,5,2023-07-27,"The Incredible Hulk","The Incredible Hulk",https://www.imdb.com/title/tt0800080,Movie,6.6,112,2008,"Action, Sci-Fi",574772,"2008-06-13","Louis Leterrier"
tt0371746,7,2023-07-27,"Iron Man","Iron Man",https://www.imdb.com/title/tt0371746,Movie,7.9,126,2008,"Action, Sci-Fi, Adventure",1245036,"2008-05-02","Jon Favreau"
tt3778644,7,2023-07-27,"Solo: A Star Wars Story","Solo: A Star Wars Story",https://www.imdb.com/title/tt3778644,Movie,6.9,135,2018,"Sci-Fi, Action, Adventure",413955,"2018-05-25","Ron Howard"
tt3748528,9,2023-07-27,"Rogue One: A Star Wars Story","Rogue One",https://www.imdb.com/title/tt3748528,Movie,7.8,133,2016,"Action, Adventure, Sci-Fi",764095,"2016-12-16","Gareth Edwards"
tt2527338,9,2023-07-27,"Star Wars: Episode IX - The Rise of Skywalker","Star Wars: Episode IX - The Rise of Skywalker",https://www.imdb.com/title/tt2527338,Movie,6.3,141,2019,"Sci-Fi, Action, Adventure, Fantasy",549468,"2019-12-20","J.J. Abrams"
tt0080684,7,2023-07-27,"Star Wars: Episode V - The Empire Strikes Back","Star Wars: Episode V - The Empire Strikes Back",https://www.imdb.com/title/tt0080684,Movie,8.7,124,1980,"Fantasy, Sci-Fi, Adventure",1519879,"1980-06-18","Irvin Kershner"
tt0120915,7,2023-07-27,"Star Wars: Episode I - The Phantom Menace","Star Wars: Episode I - The Phantom Menace",https://www.imdb.com/title/tt0120915,Movie,6.5,136,1999,"Fantasy, Sci-Fi, Adventure, Action",936824,"1999-05-19","George Lucas"
tt0076759,7,2023-07-27,"Star Wars: Episode IV - A New Hope","Star Wars",https://www.imdb.com/title/tt0076759,Movie,8.6,121,1977,"Action, Sci-Fi, Adventure, Fantasy",1584987,"1977-05-25","George Lucas"
tt7270808,4,2023-07-10,"Freaks Out","Freaks Out",https://www.imdb.com/title/tt7270808,Movie,6.9,141,2021,"Fantasy, War, Adventure, Drama",8281,"2023-04-28","Gabriele Mainetti"
tt13345606,8,2023-07-03,"Evil Dead Rise","Evil Dead Rise",https://www.imdb.com/title/tt13345606,Movie,6.5,96,2023,"Horror",176350,"2023-04-21","Lee Cronin"
tt18073066,3,2023-06-30,"Leave","Leave",https://www.imdb.com/title/tt18073066,Movie,4.9,106,2022,"Horror, Thriller, Drama, Mystery",2372,"2023-03-17","Alex Herron"
tt4263482,4,2023-06-26,"The Witch","The VVitch: A New-England Folktale",https://www.imdb.com/title/tt4263482,Movie,7.0,92,2015,"Horror, Mystery, Drama, Fantasy, Thriller",358245,"2016-02-19","Robert Eggers"
tt10886166,3,2023-06-19,"365 Days","365 dni",https://www.imdb.com/title/tt10886166,Movie,3.3,114,2020,"Drama, Romance",109887,"2020-06-07","Barbara Bialowas,Tomasz Mandes"
tt8772262,3,2023-06-18,"Midsommar","Midsommar",https://www.imdb.com/title/tt8772262,Movie,7.1,148,2019,"Horror, Drama, Mystery, Thriller",495276,"2019-07-03","Ari Aster"
tt9764362,9,2023-06-17,"The Menu","The Menu",https://www.imdb.com/title/tt9764362,Movie,7.1,107,2022,"Horror, Thriller, Comedy",512201,"2022-11-18","Mark Mylod"
tt5862312,5,2023-06-17,"Veronica","Verónica",https://www.imdb.com/title/tt5862312,Movie,6.2,105,2017,"Horror, Mystery",54153,"2017-08-25","Paco Plaza"
tt0468569,8,2023-04-15,"The Dark Knight","The Dark Knight",https://www.imdb.com/title/tt0468569,Movie,9.1,152,2008,"Crime, Thriller",3215981,"2008-07-18","Christopher Nolan"
tt0111161,9,2023-04-15,"The Shawshank Redemption","The Shawshank Redemption",https://www.imdb.com/title/tt0111161,Movie,9.3,142,1994,"Drama",3228035,"1994-10-14","Frank Darabont"
tt0050083,9,2023-04-15,"12 Angry Men","12 Angry Men",https://www.imdb.com/title/tt0050083,Movie,9.0,96,1957,"Crime, Drama",999142,"1957-04-10","Sidney Lumet"
tt0816692,8,2022-11-05,"Interstellar","Interstellar",https://www.imdb.com/title/tt0816692,Movie,8.7,169,2014,"Sci-Fi, Adventure, Drama",2593702,"2014-11-07","Christopher Nolan"
tt1259571,5,2022-05-13,"The Twilight Saga: New Moon","The Twilight Saga: New Moon",https://www.imdb.com/title/tt1259571,Movie,4.8,130,2009,"Romance, Fantasy, Drama, Adventure",325648,"2009-11-20","Chris Weitz"
tt1160419,9,2022-05-12,"Dune: Part One","Dune: Part One",https://www.imdb.com/title/tt1160419,Movie,8.0,155,2021,"Sci-Fi, Adventure, Drama, Action",1085585,"2021-10-22","Denis Villeneuve"
tt10872600,8,2022-05-12,"Spider-Man: No Way Home","Spider-Man: No Way Home",https://www.imdb.com/title/tt10872600,Movie,8.1,148,2021,"Action, Adventure, Sci-Fi, Fantasy",1064865,"2021-12-17","Jon Watts"
tt2674426,8,2022-05-12,"Me Before You","Me Before You",https://www.imdb.com/title/tt2674426,Movie,7.4,110,2016,"Drama, Romance",342011,"2016-06-03","Thea Sharrock"
tt6472976,10,2022-05-12,"Five Feet Apart","Five Feet Apart",https://www.imdb.com/title/tt6472976,Movie,7.2,116,2019,"Drama, Romance",98674,"2019-03-15","Justin Baldoni"
tt1285016,7,2022-05-12,"The Social Network","The Social Network",https://www.imdb.com/title/tt1285016,Movie,7.8,120,2010,"Drama, Biography",826957,"2010-10-01","David Fincher"
tt2322441,5,2022-05-12,"Fifty Shades of Grey","Fifty Shades of Grey",https://www.imdb.com/title/tt2322441,Movie,4.2,125,2015,"Drama, Romance, Thriller",358982,"2015-02-13","Sam Taylor-Johnson"
